t,state,dir,corners,laps,yaw,target_yaw,head_err,d_inner,d_outer,front,inner_end,corridor,steer,speed,n_pts
0.011,RECUPERANDO,0,0,0,-52.61,0.0,0.0,,,171.8,,,-0.0,-38.0,199
0.036,RECUPERANDO,0,0,0,-52.61,0.0,0.0,,,171.8,,,0.0,-38.0,199
0.061,RECUPERANDO,0,0,0,-52.61,0.0,0.0,,,171.8,,,-0.0,-38.0,199
0.087,RECUPERANDO,0,0,0,-52.61,0.0,0.0,,,171.8,,,0.0,-38.0,199
0.112,RECUPERANDO,0,0,0,-52.61,0.0,0.0,,,172.0,,,-0.0,-38.0,197
0.137,RECUPERANDO,1,0,0,-52.61,0.0,0.0,107.1,,172.2,274.3,,0.0,-38.0,197
0.162,RECUPERANDO,1,0,0,-52.61,0.0,0.0,107.1,,172.2,274.3,,-0.0,-38.0,197
0.187,RECUPERANDO,1,0,0,-52.61,0.0,0.0,107.1,,172.3,274.3,,0.0,-38.0,197
0.212,RECUPERANDO,1,0,0,-52.61,0.0,0.0,107.1,,172.3,274.3,,-0.0,-38.0,197
0.237,RECUPERANDO,1,0,0,-52.61,0.0,0.0,107.1,,172.3,274.3,,0.0,-38.0,197
0.262,RECUPERANDO,1,0,0,-52.61,0.0,0.0,107.1,,172.3,274.3,,-0.0,-38.0,197
0.287,RECUPERANDO,1,0,0,-52.61,0.0,0.0,107.1,,172.3,274.3,,0.0,-38.0,197
0.313,RECUPERANDO,1,0,0,-52.61,0.0,0.0,108.6,,172.3,292.4,,-0.0,-38.0,198
0.337,RECUPERANDO,1,0,0,-52.61,0.0,0.0,109.4,,172.3,292.4,,0.0,-38.0,198
0.362,RECUPERANDO,1,0,0,-52.61,0.0,0.0,109.9,,172.3,292.4,,-0.0,-38.0,198
0.387,RECUPERANDO,1,0,0,-52.61,0.0,0.0,110.1,,172.3,292.4,,0.0,-38.0,198
0.412,RECUPERANDO,1,0,0,-52.61,0.0,0.0,110.2,,172.3,292.4,,-0.0,-38.0,198
0.438,RECUPERANDO,1,0,0,-52.61,0.0,0.0,110.3,,172.3,292.4,,0.0,-38.0,198
0.462,RECUPERANDO,1,0,0,-52.61,0.0,0.0,110.3,,172.3,292.4,,-0.0,-38.0,198
0.488,RECUPERANDO,1,0,0,-52.61,0.0,0.0,110.4,,172.3,292.4,,0.0,-38.0,198
0.513,RECUPERANDO,1,0,0,-52.61,0.0,0.0,109.3,,172.3,275.6,,-0.0,-38.0,200
0.538,RECUPERANDO,1,0,0,-52.61,0.0,0.0,108.8,,172.3,275.6,,0.0,-38.0,200
0.563,RECUPERANDO,1,0,0,-52.61,0.0,0.0,108.5,,172.3,275.6,,-0.0,-38.0,200
0.588,RECUPERANDO,1,0,0,-52.61,0.0,0.0,108.3,,172.3,275.6,,0.0,-38.0,200
0.613,RECUPERANDO,1,0,0,-52.61,0.0,0.0,108.2,,172.3,275.6,,-0.0,-38.0,200
0.638,RECUPERANDO,1,0,0,-52.61,0.0,0.0,108.1,,172.3,275.6,,0.0,-38.0,200
0.663,RECUPERANDO,1,0,0,-52.61,0.0,0.0,108.1,,172.3,275.6,,-0.0,-38.0,200
0.688,RECUPERANDO,1,0,0,-52.61,0.0,0.0,108.1,,172.3,275.6,,0.0,-38.0,200
0.713,RECUPERANDO,1,0,0,-52.61,0.0,0.0,107.4,,172.3,274.3,,-0.0,-38.0,198
0.738,RECUPERANDO,1,0,0,-52.61,0.0,0.0,107.0,,172.3,274.3,,0.0,-38.0,198
0.764,RECUPERANDO,1,0,0,-52.61,0.0,0.0,106.7,,172.3,274.3,,-0.0,-38.0,198
0.788,RECUPERANDO,1,0,0,-52.61,0.0,0.0,106.6,,172.3,274.3,,0.0,-38.0,198
0.814,RECUPERANDO,1,0,0,-52.61,0.0,0.0,106.6,,172.3,274.3,,-0.0,-38.0,198
0.839,RECUPERANDO,1,0,0,-52.61,0.0,0.0,106.5,,172.3,274.3,,0.0,-38.0,198
0.864,RECUPERANDO,1,0,0,-52.61,0.0,0.0,106.5,,172.3,274.3,,-0.0,-38.0,198
0.889,RECUPERANDO,1,0,0,-52.61,0.0,0.0,106.5,,172.3,274.3,,0.0,-38.0,198
0.914,SIGUE_MURO,1,0,0,-52.61,0.0,47.49,107.0,,172.1,282.4,,10.5,30.5,198
0.939,RECUPERANDO,1,0,0,-52.61,0.0,47.49,107.3,,172.0,282.4,,-10.5,-38.0,198
0.964,RECUPERANDO,1,0,0,-52.61,0.0,47.49,107.5,,171.9,282.4,,10.5,-38.0,198
0.989,RECUPERANDO,1,0,0,-52.61,0.0,47.49,107.6,,171.9,282.4,,-10.5,-38.0,198
1.014,RECUPERANDO,1,0,0,-52.61,0.0,47.49,107.6,,171.8,282.4,,10.5,-38.0,198
1.039,RECUPERANDO,1,0,0,-52.61,0.0,47.49,107.7,,171.8,282.4,,-10.5,-38.0,198
1.064,RECUPERANDO,1,0,0,-52.61,0.0,47.49,107.7,,171.8,282.4,,10.5,-38.0,198
1.09,RECUPERANDO,1,0,0,-52.61,0.0,47.49,107.7,,171.8,282.4,,-10.5,-38.0,198
1.114,RECUPERANDO,1,0,0,-52.61,0.0,47.49,315.8,,165.4,,,10.5,-38.0,197
1.139,RECUPERANDO,1,0,0,-52.61,0.0,47.49,430.2,,161.9,,,-10.5,-38.0,197
1.164,RECUPERANDO,1,0,0,-52.61,0.0,47.49,493.1,,159.9,,,10.5,-38.0,197
1.189,RECUPERANDO,1,0,0,-52.61,0.0,47.49,527.7,,158.8,,,-10.5,-38.0,197
1.214,RECUPERANDO,1,0,0,-52.61,0.0,47.49,546.8,,158.3,,,10.5,-38.0,197
1.239,RECUPERANDO,1,0,0,-52.61,0.0,47.49,557.3,,157.9,,,-10.5,-38.0,197
1.264,RECUPERANDO,1,0,0,-52.61,0.0,47.49,563.0,,157.7,,,10.5,-38.0,197
1.289,RECUPERANDO,1,0,0,-52.61,0.0,47.49,566.2,,157.7,,,-10.5,-38.0,197
1.315,RECUPERANDO,1,0,0,-52.61,0.0,47.49,360.8,,164.2,292.4,,10.5,-38.0,195
1.34,RECUPERANDO,1,0,0,-52.61,0.0,47.49,247.8,,167.9,292.4,,-10.5,-38.0,195
1.365,RECUPERANDO,1,0,0,-52.61,0.0,47.49,185.7,,169.9,292.4,,10.5,-38.0,195
1.39,RECUPERANDO,1,0,0,-52.61,0.0,47.49,151.5,,171.0,292.4,,-10.5,-38.0,195
1.416,RECUPERANDO,1,0,0,-52.61,0.0,47.49,132.7,,171.6,292.4,,10.5,-38.0,195
1.44,RECUPERANDO,1,0,0,-52.61,0.0,47.49,122.4,,171.9,292.4,,-10.5,-38.0,195
1.465,RECUPERANDO,1,0,0,-52.61,0.0,47.49,116.7,,172.1,292.4,,10.5,-38.0,195
1.49,RECUPERANDO,1,0,0,0.0,0.0,47.49,113.6,,172.2,292.4,,-10.5,-38.0,195
1.516,RECUPERANDO,1,0,0,0.0,0.0,47.49,111.3,,172.0,274.3,,10.5,-38.0,199
1.54,RECUPERANDO,1,0,0,0.0,0.0,47.49,110.0,,171.9,274.3,,-10.5,-38.0,199
1.565,RECUPERANDO,1,0,0,0.0,0.0,47.49,109.3,,171.9,274.3,,10.5,-38.0,199
1.59,RECUPERANDO,1,0,0,0.0,0.0,47.49,108.9,,171.9,274.3,,-10.5,-38.0,199
1.615,RECUPERANDO,1,0,0,0.0,0.0,47.49,108.7,,171.8,274.3,,10.5,-38.0,199
1.641,RECUPERANDO,1,0,0,-0.02,0.0,47.49,108.6,,171.8,274.3,,-10.5,-38.0,199
1.665,RECUPERANDO,1,0,0,-0.02,0.0,47.49,108.5,,171.8,274.3,,10.5,-38.0,199
1.69,RECUPERANDO,1,0,0,-0.02,0.0,47.49,108.5,,171.8,274.3,,-10.5,-38.0,199
1.715,RECUPERANDO,1,0,0,-0.03,0.0,47.49,107.6,,174.0,274.3,,10.5,-38.0,199
1.742,RECUPERANDO,1,0,0,-0.03,0.0,47.49,107.1,,175.2,274.3,,-10.5,-38.0,199
1.766,RECUPERANDO,1,0,0,-0.1,0.0,47.49,106.8,,175.9,274.3,,10.5,-38.0,199
1.791,RECUPERANDO,1,0,0,-0.1,0.0,47.49,106.7,,176.3,274.3,,-10.5,-38.0,199
1.816,RECUPERANDO,1,0,0,-0.1,0.0,47.49,106.6,,176.5,274.3,,10.5,-38.0,199
1.841,SIGUE_MURO,1,0,0,-0.1,0.0,-5.04,106.6,,176.6,274.3,,0.0,32.0,199
1.866,RECUPERANDO,1,0,0,-0.07,0.0,-5.04,106.5,,176.7,274.3,,-0.0,-38.0,199
1.891,RECUPERANDO,1,0,0,-0.07,0.0,-5.04,106.5,,176.7,274.3,,0.0,-38.0,199
1.915,RECUPERANDO,1,0,0,0.14,0.0,-5.04,,,169.7,,,-0.0,-38.0,200
1.94,RECUPERANDO,1,0,0,0.14,0.0,-5.04,,,165.9,,,0.0,-38.0,200
1.966,RECUPERANDO,1,0,0,0.14,0.0,-5.04,,,163.7,,,-0.0,-38.0,200
1.99,RECUPERANDO,1,0,0,0.44,0.0,-5.04,,,162.6,,,0.0,-38.0,200
2.015,RECUPERANDO,1,0,0,0.44,0.0,-5.04,,,161.9,,,-0.0,-38.0,200
2.04,RECUPERANDO,1,0,0,1.29,0.0,-5.04,,,161.6,,,0.0,-38.0,200
2.066,RECUPERANDO,1,0,0,1.29,0.0,-5.04,,,161.4,,,-0.0,-38.0,200
2.09,RECUPERANDO,1,0,0,1.61,0.0,-5.04,,,161.3,,,0.0,-38.0,200
2.115,RECUPERANDO,1,0,0,1.61,0.0,-5.04,,,179.6,,,-0.0,-38.0,204
2.14,RECUPERANDO,1,0,0,1.98,0.0,-5.04,,,189.6,,,0.0,-38.0,204
2.165,RECUPERANDO,1,0,0,1.98,0.0,-5.04,,,195.2,,,-0.0,-38.0,204
2.19,RECUPERANDO,1,0,0,2.4,0.0,-5.04,,,198.2,,,0.0,-38.0,204
2.215,RECUPERANDO,1,0,0,2.4,0.0,-5.04,,,199.9,,,-0.0,-38.0,204
2.24,RECUPERANDO,1,0,0,2.65,0.0,-5.04,,,200.8,,,0.0,-38.0,204
2.266,RECUPERANDO,1,0,0,2.65,0.0,-5.04,,,201.3,,,-0.0,-38.0,204
2.291,RECUPERANDO,1,0,0,2.65,0.0,-5.04,,,201.6,,,0.0,-38.0,204
2.316,RECUPERANDO,1,0,0,3.2,0.0,-5.04,,,222.2,,,-0.0,-38.0,205
2.341,RECUPERANDO,1,0,0,3.2,0.0,-5.04,,,233.5,,,0.0,-38.0,205
2.366,RECUPERANDO,1,0,0,3.47,0.0,-5.04,,,239.8,,,-0.0,-38.0,205
2.393,RECUPERANDO,1,0,0,3.47,0.0,-5.04,,,243.2,,,0.0,-38.0,205
2.416,RECUPERANDO,1,0,0,3.59,0.0,-5.04,,,245.1,,,-0.0,-38.0,205
2.441,RECUPERANDO,1,0,0,3.59,0.0,-5.04,,,246.1,,,0.0,-38.0,205
2.466,RECUPERANDO,1,0,0,3.84,0.0,-5.04,,,246.7,,,-0.0,-38.0,205
2.491,RECUPERANDO,1,0,0,3.84,0.0,-5.04,,,247.0,,,0.0,-38.0,205
2.517,RECUPERANDO,1,0,0,3.96,0.0,-5.04,,,275.3,,,-0.0,-38.0,214
2.541,RECUPERANDO,1,0,0,3.96,0.0,-5.04,,,290.9,,,0.0,-38.0,214
2.566,RECUPERANDO,1,0,0,4.11,0.0,-5.04,,,299.4,,,-0.0,-38.0,214
2.591,RECUPERANDO,1,0,0,4.11,0.0,-5.04,,,304.1,,,0.0,-38.0,214
2.617,RECUPERANDO,1,0,0,4.66,0.0,-5.04,,,306.7,,,-0.0,-38.0,214
2.641,RECUPERANDO,1,0,0,4.66,0.0,-5.04,,,308.1,,,0.0,-38.0,214
2.667,RECUPERANDO,1,0,0,4.66,0.0,-5.04,,,308.9,,,-0.0,-38.0,214
2.692,RECUPERANDO,1,0,0,4.87,0.0,-5.04,,,309.4,,,0.0,-38.0,214
2.717,RECUPERANDO,1,0,0,4.87,0.0,-5.04,,,338.2,,,-0.0,-38.0,214
2.742,RECUPERANDO,1,0,0,4.97,0.0,-5.04,,,354.1,,,0.0,-38.0,214
2.767,SIGUE_MURO,1,0,0,4.97,0.0,-4.97,,,362.8,,,-10.5,32.2,214
2.792,GIRO,1,1,0,5.48,90.0,84.52,,,367.6,,,-0.0,32.0,214
2.817,GIRO,1,1,0,5.48,90.0,84.52,,,370.2,,,10.5,30.5,214
2.843,GIRO,1,1,0,5.6,90.0,84.4,,,371.7,,,21.1,29.0,214
2.867,GIRO,1,1,0,5.6,90.0,84.4,,,372.5,,,31.6,27.5,214
2.892,GIRO,1,1,0,5.97,90.0,84.03,,,372.9,,,42.1,25.9,214
2.917,GIRO,1,1,0,5.97,90.0,84.03,,,405.5,,,52.6,24.4,214
2.942,GIRO,1,1,0,5.97,90.0,84.03,,,423.4,,,63.1,22.9,214
2.967,GIRO,1,1,0,6.24,90.0,83.76,,,433.3,,,73.7,22.0,214
2.992,GIRO,1,1,0,6.24,90.0,83.76,,,438.7,,,84.2,22.0,214
3.017,GIRO,1,1,0,6.36,90.0,83.64,,,441.7,,,94.7,22.0,214
3.042,GIRO,1,1,0,6.36,90.0,83.64,,,443.3,,,100.0,22.0,214
3.068,GIRO,1,1,0,6.77,90.0,83.23,,,444.2,,,100.0,22.0,214
3.093,GIRO,1,1,0,6.77,90.0,83.23,,,444.7,,,100.0,22.0,214
3.119,GIRO,1,1,0,6.87,90.0,83.13,,667.9,470.6,,,100.0,22.0,205
3.144,GIRO,1,1,0,6.87,90.0,83.13,,667.9,484.9,,,100.0,22.0,205
3.169,GIRO,1,1,0,7.33,90.0,82.67,,667.9,492.7,,,100.0,22.0,205
3.194,GIRO,1,1,0,7.33,90.0,82.67,,667.9,497.0,,,100.0,22.0,205
3.219,GIRO,1,1,0,10.28,90.0,79.72,,667.9,499.4,,,100.0,22.0,205
3.244,GIRO,1,1,0,10.28,90.0,79.72,,667.9,500.7,,,100.0,22.0,205
3.27,GIRO,1,1,0,12.44,90.0,77.56,,667.9,501.4,,,100.0,22.0,205
3.295,GIRO,1,1,0,12.44,90.0,77.56,,667.9,501.8,,,100.0,22.0,205
3.318,GIRO,1,1,0,12.44,90.0,77.56,,,520.0,,,100.0,22.0,214
3.343,GIRO,1,1,0,14.69,90.0,75.31,,,530.0,,,100.0,22.0,214
3.368,GIRO,1,1,0,14.69,90.0,75.31,,,535.5,,,100.0,22.0,214
3.393,GIRO,1,1,0,19.39,90.0,70.61,,,538.5,,,100.0,22.0,214
3.418,GIRO,1,1,0,19.39,90.0,70.61,,,540.2,,,100.0,22.0,214
3.443,GIRO,1,1,0,21.79,90.0,68.21,,,541.1,,,100.0,22.0,214
3.468,GIRO,1,1,0,21.79,90.0,68.21,,,541.6,,,100.0,22.0,214
3.495,GIRO,1,1,0,24.09,90.0,65.91,,,541.9,,,100.0,22.0,214
3.52,GIRO,1,1,0,24.09,90.0,65.91,380.7,,611.0,,,100.0,22.0,214
3.545,GIRO,1,1,0,28.48,90.0,61.52,380.7,,649.0,,,100.0,22.0,214
3.57,GIRO,1,1,0,28.48,90.0,61.52,380.7,,669.9,,,100.0,22.0,214
3.595,GIRO,1,1,0,28.48,90.0,61.52,380.7,,681.4,,,100.0,22.0,214
3.62,GIRO,1,1,0,30.83,90.0,59.17,380.7,,687.7,,,100.0,22.0,214
3.645,GIRO,1,1,0,30.83,90.0,59.17,380.7,,691.2,,,100.0,22.0,214
3.67,GIRO,1,1,0,35.63,90.0,54.37,380.7,,693.1,,,100.0,22.0,214
3.695,GIRO,1,1,0,35.63,90.0,54.37,380.7,,694.2,,,100.0,22.0,214
3.721,GIRO,1,1,0,38.12,90.0,51.88,427.6,,665.5,,,100.0,22.0,214
3.745,GIRO,1,1,0,38.12,90.0,51.88,453.5,,649.7,,,100.0,22.0,214
3.77,GIRO,1,1,0,40.67,90.0,49.33,467.7,,641.0,,,100.0,22.0,214
3.795,GIRO,1,1,0,40.67,90.0,49.33,475.5,,636.2,,,100.0,22.0,214
3.82,GIRO,1,1,0,45.72,90.0,44.28,479.8,,633.6,,,100.0,22.0,214
3.846,GIRO,1,1,0,45.72,90.0,44.28,482.1,,632.2,,,100.0,22.0,214
3.871,GIRO,1,1,0,48.17,90.0,41.83,483.4,,631.4,,,100.0,22.0,214
3.896,GIRO,1,1,0,48.17,90.0,41.83,484.2,,630.9,,,100.0,22.0,214
3.921,GIRO,1,1,0,50.74,90.0,39.26,,187.3,603.8,,,94.2,22.0,214
3.946,GIRO,1,1,0,50.74,90.0,39.26,,187.3,588.9,,,94.2,22.0,214
3.972,GIRO,1,1,0,50.74,90.0,39.26,,187.3,580.7,,,94.2,22.0,214
3.997,GIRO,1,1,0,55.7,90.0,34.3,,187.3,576.2,,,83.7,22.0,214
4.022,GIRO,1,1,0,55.7,90.0,34.3,,187.3,573.7,,,82.3,22.0,214
4.049,GIRO,1,1,0,58.02,90.0,31.98,,187.3,572.3,,,76.8,22.0,214
4.071,GIRO,1,1,0,58.02,90.0,31.98,,187.3,571.6,,,76.8,22.0,214
4.096,GIRO,1,1,0,60.42,90.0,29.58,,187.3,571.2,,,71.0,22.0,214
4.121,GIRO,1,1,0,60.42,90.0,29.58,,,546.6,,,71.0,22.0,192
4.146,GIRO,1,1,0,65.13,90.0,24.87,,,533.1,,,60.5,23.3,192
4.171,GIRO,1,1,0,65.13,90.0,24.87,,,525.6,,,59.7,23.4,192
4.196,GIRO,1,1,0,67.45,90.0,22.55,,,521.5,,,54.1,24.2,192
4.222,GIRO,1,1,0,67.45,90.0,22.55,,,519.3,,,54.1,24.2,192
4.247,GIRO,1,1,0,67.45,90.0,22.55,,,518.1,,,54.1,24.2,192
4.273,GIRO,1,1,0,69.83,90.0,20.17,,,517.4,,,48.4,25.0,192
4.297,GIRO,1,1,0,69.83,90.0,20.17,,,517.0,,,48.4,25.0,192
4.322,GIRO,1,1,0,74.56,90.0,15.44,167.4,,506.3,,,37.9,26.5,160
4.347,GIRO,1,1,0,74.56,90.0,15.44,167.4,,500.4,,,37.1,26.7,160
4.373,GIRO,1,1,0,76.77,90.0,13.23,167.4,,497.2,,,31.8,27.4,160
4.397,GIRO,1,1,0,76.77,90.0,13.23,167.4,,495.4,,,31.8,27.4,160
4.422,SIGUE_MURO,1,1,0,80.38,90.0,-1.19,167.4,,494.5,,,21.2,34.0,160
4.447,SIGUE_MURO,1,1,0,80.38,90.0,-1.19,167.4,,493.9,,,10.7,35.8,160
4.472,SIGUE_MURO,1,1,0,82.01,90.0,-2.82,167.4,,493.6,,,0.2,37.6,160
4.498,SIGUE_MURO,1,1,0,82.01,90.0,-2.82,167.4,,493.5,,,-6.8,36.4,160
4.522,SIGUE_MURO,1,1,0,83.51,90.0,-13.81,108.1,,1261.4,,,-17.3,41.5,132
4.547,SIGUE_MURO,1,1,0,83.51,90.0,-19.03,75.5,,1683.8,,,-27.8,39.4,132
4.572,SIGUE_MURO,1,1,0,83.51,90.0,-19.51,57.6,,1916.1,,,-38.3,37.2,132
4.597,SIGUE_MURO,1,1,0,86.08,90.0,-22.08,47.7,,2043.8,,,-48.9,35.1,132
4.622,SIGUE_MURO,1,1,0,86.08,90.0,-22.08,42.3,,2114.1,,,-53.0,34.3,132
4.647,SIGUE_MURO,1,1,0,87.04,90.0,-23.04,39.3,,2152.8,,,-55.3,33.8,132
4.672,SIGUE_MURO,1,1,0,87.04,90.0,-23.04,37.7,,2174.0,,,-55.3,33.8,132
4.696,SIGUE_MURO,1,1,0,87.59,90.0,2.41,,,2185.7,,,-44.8,35.9,91
4.722,SIGUE_MURO,1,1,0,87.59,90.0,2.41,,,2192.1,,,-34.2,38.1,91
4.746,SIGUE_MURO,1,1,0,87.09,90.0,2.91,,,2195.7,,,-23.7,40.2,91
4.771,SIGUE_MURO,1,1,0,87.09,90.0,2.91,,,2197.6,,,-13.2,42.3,91
4.797,SIGUE_MURO,1,1,0,85.97,90.0,4.03,,,2198.7,,,-2.7,44.5,91
4.822,SIGUE_MURO,1,1,0,85.97,90.0,4.03,,,2199.3,,,7.9,43.4,91
4.847,SIGUE_MURO,1,1,0,84.17,90.0,5.83,,,2199.6,,,14.0,42.2,91
4.872,SIGUE_MURO,1,1,0,84.17,90.0,5.83,,,2199.8,,,14.0,42.2,91
4.897,SIGUE_MURO,1,1,0,84.17,90.0,5.83,,,1402.5,,,14.0,42.2,214
4.922,SIGUE_MURO,1,1,0,80.29,90.0,9.71,,,964.0,,,23.3,40.3,214
4.947,SIGUE_MURO,1,1,0,80.29,90.0,9.71,,,722.8,,,23.3,39.6,214
4.972,SIGUE_MURO,1,1,0,78.61,90.0,11.39,,,590.2,,,27.3,35.4,214
4.997,SIGUE_MURO,1,1,0,78.61,90.0,11.39,,,517.2,,,27.3,33.6,214
5.022,SIGUE_MURO,1,1,0,77.66,90.0,12.34,,,477.1,,,29.6,32.2,214
5.047,SIGUE_MURO,1,1,0,77.66,90.0,12.34,,,455.0,,,29.6,31.6,214
5.072,SIGUE_MURO,1,1,0,77.1,90.0,12.9,,,442.9,,,31.0,31.1,214
5.097,SIGUE_MURO,1,1,0,77.1,90.0,12.9,,,393.7,,,31.0,29.9,214
5.122,SIGUE_MURO,1,1,0,77.21,90.0,12.79,,,366.6,,,30.7,29.2,214
5.148,SIGUE_MURO,1,1,0,77.21,90.0,12.79,,,351.8,,,30.7,28.9,214
5.172,SIGUE_MURO,1,1,0,78.17,90.0,11.83,,,343.6,,,28.4,29.0,214
5.197,SIGUE_MURO,1,1,0,78.17,90.0,11.83,,,339.1,,,28.4,28.9,214
5.223,SIGUE_MURO,1,1,0,78.17,90.0,11.83,,,336.6,,,28.4,28.8,214
5.248,SIGUE_MURO,1,1,0,78.8,90.0,11.2,,,335.2,,,26.9,29.0,214
5.273,SIGUE_MURO,1,1,0,78.8,90.0,11.2,,,334.5,,,26.9,29.0,214
5.298,SIGUE_MURO,1,1,0,79.61,90.0,10.39,,,301.8,,,24.9,28.5,214
5.323,SIGUE_MURO,1,1,0,79.61,90.0,10.39,,,283.8,,,24.9,28.4,214
5.348,SIGUE_MURO,1,1,0,81.09,90.0,8.91,,,274.0,,,21.4,28.9,214
5.374,SIGUE_MURO,1,1,0,81.09,90.0,8.91,,,268.5,,,21.4,28.9,214
5.398,SIGUE_MURO,1,1,0,81.9,90.0,8.1,,,265.5,,,19.4,29.2,214
5.423,SIGUE_MURO,1,1,0,81.9,90.0,8.1,,,263.9,,,19.4,29.2,214
5.448,SIGUE_MURO,1,1,0,82.58,90.0,7.42,,,263.0,,,17.8,29.4,214
5.473,SIGUE_MURO,1,1,0,82.58,90.0,7.42,,,262.5,,,17.8,29.4,214
5.498,SIGUE_MURO,1,1,0,84.05,90.0,5.95,,,239.1,,,14.3,29.9,214
5.523,SIGUE_MURO,1,1,0,84.05,90.0,5.95,,,226.2,,,14.3,29.9,214
5.548,SIGUE_MURO,1,1,0,84.05,90.0,5.95,,,219.1,,,14.3,29.9,214
5.573,SIGUE_MURO,1,1,0,84.71,90.0,5.29,,,215.2,,,12.7,30.2,214
5.599,SIGUE_MURO,1,1,0,84.71,90.0,5.29,,,213.0,,,12.7,30.2,214
5.624,SIGUE_MURO,1,1,0,85.32,90.0,4.68,,,211.9,,,11.2,30.4,214
5.649,SIGUE_MURO,1,1,0,85.32,90.0,4.68,,,211.2,,,11.2,30.4,214
5.674,SIGUE_MURO,1,1,0,86.45,90.0,3.55,,,210.9,,,8.5,30.8,214
5.699,RECUPERANDO,1,1,0,86.45,90.0,3.55,,,195.3,,,-8.5,-38.0,214
5.724,RECUPERANDO,1,1,0,87.0,90.0,3.55,,,186.7,,,8.5,-38.0,214
5.749,RECUPERANDO,1,1,0,87.0,90.0,3.55,,,182.0,,,-8.5,-38.0,214
5.774,RECUPERANDO,1,1,0,87.59,90.0,3.55,,,179.4,,,8.5,-38.0,214
5.799,RECUPERANDO,1,1,0,87.59,90.0,3.55,,,178.0,,,-8.5,-38.0,214
5.824,RECUPERANDO,1,1,0,88.44,90.0,3.55,,,177.2,,,8.5,-38.0,214
5.849,RECUPERANDO,1,1,0,88.44,90.0,3.55,,,176.8,,,-8.5,-38.0,214
5.874,RECUPERANDO,1,1,0,88.44,90.0,3.55,,,176.5,,,8.5,-38.0,214
5.899,RECUPERANDO,1,1,0,88.65,90.0,3.55,,,167.6,,,-8.5,-38.0,214
5.924,RECUPERANDO,1,1,0,88.65,90.0,3.55,,,162.7,,,8.5,-38.0,214
5.949,RECUPERANDO,1,1,0,88.59,90.0,3.55,,,160.0,,,-8.5,-38.0,214
5.974,RECUPERANDO,1,1,0,88.59,90.0,3.55,,,158.6,,,8.5,-38.0,214
5.999,RECUPERANDO,1,1,0,88.56,90.0,3.55,,,157.7,,,-8.5,-38.0,214
6.027,RECUPERANDO,1,1,0,88.56,90.0,3.55,,,157.3,,,8.5,-38.0,214
6.05,RECUPERANDO,1,1,0,88.56,90.0,3.55,,,157.1,,,-8.5,-38.0,214
6.075,RECUPERANDO,1,1,0,88.56,90.0,3.55,,,156.9,,,8.5,-38.0,214
6.1,RECUPERANDO,1,1,0,88.74,90.0,3.55,,,156.8,,,-8.5,-38.0,214
6.125,RECUPERANDO,1,1,0,88.74,90.0,3.55,,,156.8,,,8.5,-38.0,214
6.15,RECUPERANDO,1,1,0,88.83,90.0,3.55,,,156.8,,,-8.5,-38.0,214
6.175,RECUPERANDO,1,1,0,88.83,90.0,3.55,,,156.8,,,8.5,-38.0,214
6.2,RECUPERANDO,1,1,0,88.85,90.0,3.55,,,156.8,,,-8.5,-38.0,214
6.225,RECUPERANDO,1,1,0,88.85,90.0,3.55,,,156.8,,,8.5,-38.0,214
6.251,RECUPERANDO,1,1,0,88.85,90.0,3.55,,,156.8,,,-8.5,-38.0,214
6.275,RECUPERANDO,1,1,0,88.83,90.0,3.55,,,156.8,,,8.5,-38.0,214
6.3,RECUPERANDO,1,1,0,88.83,90.0,3.55,,,156.8,,,-8.5,-38.0,214
6.325,RECUPERANDO,1,1,0,88.89,90.0,3.55,,,156.8,,,8.5,-38.0,214
6.35,RECUPERANDO,1,1,0,88.89,90.0,3.55,,,156.7,,,-8.5,-38.0,214
6.376,RECUPERANDO,1,1,0,88.91,90.0,3.55,,,156.7,,,8.5,-38.0,214
6.4,RECUPERANDO,1,1,0,88.91,90.0,3.55,,,156.7,,,-8.5,-38.0,214
6.425,RECUPERANDO,1,1,0,89.04,90.0,3.55,,,156.7,,,8.5,-38.0,214
6.45,RECUPERANDO,1,1,0,89.04,90.0,3.55,,,156.7,,,-8.5,-38.0,214
6.476,RECUPERANDO,1,1,0,89.28,90.0,3.55,,,156.7,,,8.5,-38.0,214
6.501,RECUPERANDO,1,1,0,89.28,90.0,3.55,,,176.8,,,-8.5,-38.0,214
6.526,RECUPERANDO,1,1,0,89.28,90.0,3.55,,,187.8,,,8.5,-38.0,214
6.551,RECUPERANDO,1,1,0,89.77,90.0,3.55,,,193.8,,,-8.5,-38.0,214
6.577,RECUPERANDO,1,1,0,89.77,90.0,3.55,,,197.2,,,8.5,-38.0,214
6.601,SIGUE_MURO,1,1,0,90.48,90.0,-0.48,,,199.0,,,-1.2,31.8,214
6.626,GIRO,1,2,0,90.48,180.0,89.52,,,200.0,,,9.4,30.7,214
6.651,GIRO,1,2,0,90.83,180.0,89.17,,,200.6,,,19.9,29.1,214
6.676,GIRO,1,2,0,90.83,180.0,89.17,,,200.9,,,30.4,27.6,214
6.701,GIRO,1,2,0,91.55,180.0,88.45,,,231.6,,,40.9,26.1,214
6.726,GIRO,1,2,0,91.55,180.0,88.45,,,248.5,,,51.5,24.6,214
6.751,GIRO,1,2,0,91.65,180.0,88.35,,,257.8,,,62.0,23.1,214
6.776,GIRO,1,2,0,91.65,180.0,88.35,,,262.9,,,72.5,22.0,214
6.802,GIRO,1,2,0,91.68,180.0,88.32,,,265.7,,,83.1,22.0,214
6.826,GIRO,1,2,0,91.68,180.0,88.32,,,267.3,,,93.6,22.0,214
6.851,GIRO,1,2,0,91.68,180.0,88.32,,,268.1,,,100.0,22.0,214
6.876,GIRO,1,2,0,91.68,180.0,88.32,,,268.6,,,100.0,22.0,214
6.904,GIRO,1,2,0,91.68,180.0,88.32,,,290.3,,,100.0,22.0,116
6.928,GIRO,1,2,0,91.27,180.0,88.73,,,302.2,,,100.0,22.0,116
6.953,GIRO,1,2,0,91.27,180.0,88.73,,,308.8,,,100.0,22.0,116
6.978,GIRO,1,2,0,90.93,180.0,89.07,,,312.4,,,100.0,22.0,116
7.003,GIRO,1,2,0,90.93,180.0,89.07,,,314.4,,,100.0,22.0,116
7.028,GIRO,1,2,0,91.78,180.0,88.22,,,315.5,,,100.0,22.0,116
7.053,GIRO,1,2,0,91.78,180.0,88.22,,,316.1,,,100.0,22.0,116
7.078,GIRO,1,2,0,93.31,180.0,86.69,,,316.4,,,100.0,22.0,116
7.102,GIRO,1,2,0,93.31,180.0,86.69,,,331.6,,,100.0,22.0,214
7.127,GIRO,1,2,0,95.36,180.0,84.64,,,339.9,,,100.0,22.0,214
7.152,GIRO,1,2,0,95.36,180.0,84.64,,,344.5,,,100.0,22.0,214
7.177,GIRO,1,2,0,95.36,180.0,84.64,,,347.1,,,100.0,22.0,214
7.202,GIRO,1,2,0,99.86,180.0,80.14,,,348.5,,,100.0,22.0,214
7.227,GIRO,1,2,0,99.86,180.0,80.14,,,349.2,,,100.0,22.0,214
7.253,GIRO,1,2,0,102.33,180.0,77.67,,,349.6,,,100.0,22.0,214
7.277,GIRO,1,2,0,102.33,180.0,77.67,,,349.9,,,100.0,22.0,214
7.304,GIRO,1,2,0,104.93,180.0,75.07,,,1182.4,,,100.0,22.0,188
7.329,GIRO,1,2,0,104.93,180.0,75.07,,,1640.3,,,100.0,22.0,188
7.355,GIRO,1,2,0,109.86,180.0,70.14,,,1892.2,,,100.0,22.0,188
7.379,GIRO,1,2,0,109.86,180.0,70.14,,,2030.7,,,100.0,22.0,188
7.404,GIRO,1,2,0,112.35,180.0,67.65,,,2106.9,,,100.0,22.0,188
7.429,GIRO,1,2,0,112.35,180.0,67.65,,,2148.8,,,100.0,22.0,188
7.454,GIRO,1,2,0,117.44,180.0,62.56,,,2171.8,,,100.0,22.0,188
7.479,GIRO,1,2,0,117.44,180.0,62.56,,,2184.5,,,100.0,22.0,188
7.504,GIRO,1,2,0,117.44,180.0,62.56,269.8,,2191.5,1876.3,,100.0,22.0,145
7.529,GIRO,1,2,0,119.94,180.0,60.06,269.8,,2195.3,1876.3,,100.0,22.0,145
7.554,GIRO,1,2,0,119.94,180.0,60.06,269.8,,2197.4,1876.3,,100.0,22.0,145
7.579,GIRO,1,2,0,122.46,180.0,57.54,269.8,,2198.6,1876.3,,100.0,22.0,145
7.604,GIRO,1,2,0,122.46,180.0,57.54,269.8,,2199.2,1876.3,,100.0,22.0,145
7.629,GIRO,1,2,0,127.62,180.0,52.38,269.8,,2199.6,1876.3,,100.0,22.0,145
7.654,GIRO,1,2,0,127.62,180.0,52.38,269.8,,2199.8,1876.3,,100.0,22.0,145
7.68,GIRO,1,2,0,130.19,180.0,49.81,269.8,,2199.9,1876.3,,100.0,22.0,145
7.706,GIRO,1,2,0,130.19,180.0,49.81,294.8,,2195.9,,,100.0,22.0,119
7.731,GIRO,1,2,0,132.73,180.0,47.27,308.6,,2193.8,,,100.0,22.0,119
7.756,GIRO,1,2,0,132.73,180.0,47.27,316.2,,2192.6,,,100.0,22.0,119
7.781,GIRO,1,2,0,137.67,180.0,42.33,320.3,,2191.9,,,100.0,22.0,119
7.806,GIRO,1,2,0,137.67,180.0,42.33,322.6,,2191.6,,,100.0,22.0,119
7.831,GIRO,1,2,0,137.67,180.0,42.33,323.9,,2191.4,,,100.0,22.0,119
7.856,GIRO,1,2,0,140.11,180.0,39.89,324.6,,2191.3,,,95.7,22.0,119
7.881,GIRO,1,2,0,140.11,180.0,39.89,324.9,,2191.2,,,95.7,22.0,119
7.908,GIRO,1,2,0,142.68,180.0,37.32,356.8,780.1,2151.4,,1175.9,89.6,22.0,125
7.932,GIRO,1,2,0,142.68,180.0,37.32,374.3,780.1,2129.6,,1175.9,89.6,22.0,125
7.957,GIRO,1,2,0,147.42,180.0,32.58,384.0,780.1,2117.6,,1175.9,79.0,22.0,125
7.982,GIRO,1,2,0,147.42,180.0,32.58,389.3,780.1,2110.9,,1175.9,78.2,22.0,125
8.007,GIRO,1,2,0,150.03,180.0,29.97,392.2,780.1,2107.3,,1175.9,71.9,22.0,125
8.032,GIRO,1,2,0,150.03,180.0,29.97,393.8,780.1,2105.3,,1175.9,71.9,22.0,125
8.057,GIRO,1,2,0,152.49,180.0,27.51,394.7,780.1,2104.2,,1175.9,66.0,22.5,125
8.082,GIRO,1,2,0,152.49,180.0,27.51,395.2,780.1,2103.6,,1175.9,66.0,22.5,125
8.107,GIRO,1,2,0,152.49,180.0,27.51,516.3,698.5,2147.0,,1263.0,66.0,22.5,146
8.132,GIRO,1,2,0,157.58,180.0,22.42,582.9,653.6,2170.8,,1263.0,55.5,24.0,146
8.157,GIRO,1,2,0,157.58,180.0,22.42,619.6,628.9,2184.0,,1263.0,53.8,24.3,146
8.182,GIRO,1,2,0,159.99,180.0,20.01,639.7,615.3,2191.2,,1263.0,48.0,25.1,146
8.207,GIRO,1,2,0,159.99,180.0,20.01,650.8,607.8,2195.1,,1263.0,48.0,25.1,146
8.232,GIRO,1,2,0,164.92,180.0,15.08,656.9,603.7,2197.3,,1263.0,37.5,26.6,146
8.257,GIRO,1,2,0,164.92,180.0,15.08,660.2,601.5,2198.5,,1263.0,36.2,26.8,146
8.282,GIRO,1,2,0,167.12,180.0,12.88,662.1,600.2,2199.2,,1263.0,30.9,27.5,146
8.307,GIRO,1,2,0,167.12,180.0,12.88,1033.5,554.3,2199.6,1641.1,1985.5,30.9,27.5,151
8.333,GIRO,1,2,0,169.17,180.0,10.83,1237.8,529.0,2199.8,1641.1,1985.5,26.0,28.3,151
8.357,GIRO,1,2,0,169.17,180.0,10.83,1350.1,515.1,2199.9,1641.1,1985.5,26.0,28.3,151
8.382,SIGUE_MURO,1,2,0,172.8,180.0,33.2,1411.9,507.4,2199.9,1641.1,1985.5,36.5,37.6,151
8.407,SIGUE_MURO,1,2,0,172.8,180.0,33.2,1445.9,503.2,2200.0,1641.1,1985.5,47.0,35.5,151
8.432,SIGUE_MURO,1,2,0,172.8,180.0,33.2,1464.6,500.9,2200.0,1641.1,1985.5,57.6,33.3,151
8.458,SIGUE_MURO,1,2,0,174.21,180.0,31.79,1474.9,499.6,2200.0,1641.1,1985.5,68.1,31.2,151
8.483,SIGUE_MURO,1,2,0,174.21,180.0,31.79,1480.5,498.9,2200.0,1641.1,1985.5,76.3,29.6,151
8.507,SIGUE_MURO,1,2,0,175.52,180.0,30.48,1406.1,,1504.0,,,73.2,30.2,149
8.532,SIGUE_MURO,1,2,0,175.52,180.0,30.48,1365.2,,1121.2,,,73.2,30.2,149
8.557,SIGUE_MURO,1,2,0,177.62,180.0,28.38,1342.7,,910.6,,,68.1,31.2,149
8.582,SIGUE_MURO,1,2,0,177.62,180.0,28.38,1330.3,,794.8,,,68.1,31.2,149
8.607,SIGUE_MURO,1,2,0,178.75,180.0,27.25,1323.5,,731.1,,,65.4,31.4,149
8.632,SIGUE_MURO,1,2,0,178.75,180.0,27.25,1319.8,,696.1,,,65.4,30.7,149
8.657,SIGUE_MURO,1,2,0,182.05,180.0,23.95,1317.7,,676.8,,,57.5,31.8,149
8.682,SIGUE_MURO,1,2,0,182.05,180.0,23.95,1316.6,,666.2,,,57.5,31.6,149
8.706,SIGUE_MURO,1,2,0,184.55,180.0,-4.55,,,594.6,,,47.0,32.0,155
8.731,SIGUE_MURO,1,2,0,184.55,180.0,-4.55,,,555.1,,,36.4,32.9,155
8.756,SIGUE_MURO,1,2,0,184.55,180.0,-4.55,,,533.5,,,25.9,34.2,155
8.781,SIGUE_MURO,1,2,0,186.75,180.0,-6.75,,,521.5,,,15.4,35.7,155
8.806,SIGUE_MURO,1,2,0,186.75,180.0,-6.75,,,515.0,,,4.9,37.4,155
8.831,SIGUE_MURO,1,2,0,191.86,180.0,-11.86,,,511.4,,,-5.7,37.1,155
8.856,SIGUE_MURO,1,2,0,191.86,180.0,-11.86,,,509.4,,,-16.2,35.3,155
8.881,SIGUE_MURO,1,2,0,194.45,180.0,-14.45,,,508.3,,,-26.7,33.4,155
8.906,SIGUE_MURO,1,2,0,194.45,180.0,-14.45,,,442.2,,,-34.7,30.5,201
8.931,SIGUE_MURO,1,2,0,196.31,180.0,-16.31,,,405.9,,,-39.1,28.9,201
8.956,SIGUE_MURO,1,2,0,196.31,180.0,-16.31,,,385.9,,,-39.1,28.4,201
8.981,SIGUE_MURO,1,2,0,198.89,180.0,-18.89,,,374.9,,,-45.3,27.2,201
9.008,SIGUE_MURO,1,2,0,198.89,180.0,-18.89,,,368.8,,,-45.3,27.1,201
9.033,SIGUE_MURO,1,2,0,199.2,180.0,-19.2,,,365.5,,,-46.1,26.9,201
9.057,SIGUE_MURO,1,2,0,199.2,180.0,-19.2,,,363.7,,,-46.1,26.8,201
9.083,SIGUE_MURO,1,2,0,199.2,180.0,-19.2,,,362.6,,,-46.1,26.8,201
9.108,SIGUE_MURO,1,2,0,198.94,180.0,-18.94,,,329.1,,,-45.5,26.1,214
9.133,SIGUE_MURO,1,2,0,198.94,180.0,-18.94,,,310.6,,,-45.5,25.7,214
9.158,SIGUE_MURO,1,2,0,197.2,180.0,-17.2,,,300.4,,,-41.3,26.1,214
9.182,SIGUE_MURO,1,2,0,197.2,180.0,-17.2,,,294.8,,,-41.3,26.1,214
9.208,SIGUE_MURO,1,2,0,195.77,180.0,-15.77,,,291.8,,,-37.8,26.5,214
9.233,SIGUE_MURO,1,2,0,195.77,180.0,-15.77,,,290.1,,,-37.8,26.5,214
9.258,SIGUE_MURO,1,2,0,194.29,180.0,-14.29,,,289.2,,,-34.3,27.1,214
9.283,SIGUE_MURO,1,2,0,194.29,180.0,-14.29,,,288.6,,,-34.3,27.1,214
9.308,SIGUE_MURO,1,2,0,191.44,180.0,-11.44,,,266.9,,,-27.5,28.0,180
9.333,SIGUE_MURO,1,2,0,191.44,180.0,-11.44,,,254.9,,,-27.5,28.0,180
9.358,SIGUE_MURO,1,2,0,189.86,180.0,-9.86,,,248.3,,,-23.7,28.6,180
9.383,SIGUE_MURO,1,2,0,189.86,180.0,-9.86,,,244.7,,,-23.7,28.6,180
9.408,SIGUE_MURO,1,2,0,189.86,180.0,-9.86,,,242.7,,,-23.7,28.6,180
9.435,SIGUE_MURO,1,2,0,186.96,180.0,-6.96,,,241.6,,,-16.7,29.6,180
9.458,SIGUE_MURO,1,2,0,186.96,180.0,-6.96,,,241.0,,,-16.7,29.6,180
9.483,SIGUE_MURO,1,2,0,185.47,180.0,-5.47,,,240.7,,,-13.1,30.1,180
9.508,SIGUE_MURO,1,2,0,185.47,180.0,-5.47,,,229.5,,,-13.1,30.1,156
9.533,SIGUE_MURO,1,2,0,183.97,180.0,-3.97,,,223.3,,,-9.5,30.6,156
9.559,SIGUE_MURO,1,2,0,183.97,180.0,-3.97,,,219.9,,,-9.5,30.6,156
9.583,SIGUE_MURO,1,2,0,181.53,180.0,-1.53,,,218.0,,,-3.7,31.5,156
9.609,SIGUE_MURO,1,2,0,181.53,180.0,-1.53,,,217.0,,,-3.7,31.5,156
9.634,SIGUE_MURO,1,2,0,180.63,180.0,-0.63,,,216.4,,,-1.5,31.8,156
9.659,SIGUE_MURO,1,2,0,180.63,180.0,-0.63,,,216.1,,,-1.5,31.8,156
9.684,SIGUE_MURO,1,2,0,179.7,180.0,0.3,,,216.0,,,0.7,31.9,156
9.711,SIGUE_MURO,1,2,0,179.7,180.0,0.3,,,208.7,,,0.7,31.9,177
9.736,SIGUE_MURO,1,2,0,178.25,180.0,1.75,,,204.8,,,4.2,31.4,177
9.761,SIGUE_MURO,1,2,0,178.25,180.0,1.75,,,202.6,,,4.2,31.4,177
9.787,SIGUE_MURO,1,2,0,178.25,180.0,1.75,,,201.4,,,4.2,31.4,177
9.811,SIGUE_MURO,1,2,0,177.83,180.0,2.17,,,200.7,,,5.2,31.3,177
9.836,SIGUE_MURO,1,2,0,177.83,180.0,2.17,,,200.4,,,5.2,31.3,177
9.861,SIGUE_MURO,1,2,0,177.41,180.0,2.59,,,200.2,,,6.2,31.1,177
9.887,SIGUE_MURO,1,2,0,177.41,180.0,2.59,,,200.0,,,6.2,31.1,177
9.909,SIGUE_MURO,1,2,0,176.96,180.0,3.04,,,192.4,,,7.3,30.9,181
9.934,SIGUE_MURO,1,2,0,176.96,180.0,3.04,,,188.2,,,7.3,30.9,181
9.959,SIGUE_MURO,1,2,0,176.9,180.0,3.1,,,185.9,,,7.4,30.9,181
9.986,GIRO,1,3,0,176.9,270.0,93.1,,,184.6,,,18.0,29.4,181
10.01,GIRO,1,3,0,176.72,270.0,93.28,,,183.9,,,28.5,27.9,181
10.035,GIRO,1,3,0,176.72,270.0,93.28,,,183.5,,,39.0,26.4,181
10.06,GIRO,1,3,0,176.72,270.0,93.28,,,183.3,,,49.5,24.9,181
10.085,GIRO,1,3,0,176.62,270.0,93.38,,,183.2,,,60.1,23.4,181
10.11,GIRO,1,3,0,176.62,270.0,93.38,,,171.3,,,70.6,22.0,188
10.135,GIRO,1,3,0,176.55,270.0,93.45,,,164.7,,,81.1,22.0,188
10.16,GIRO,1,3,0,176.55,270.0,93.45,,,161.1,,,91.6,22.0,188
10.185,GIRO,1,3,0,176.64,270.0,93.36,,,159.2,,,100.0,22.0,188
10.21,GIRO,1,3,0,176.64,270.0,93.36,,,158.1,,,100.0,22.0,188
10.235,GIRO,1,3,0,177.28,270.0,92.72,,,157.5,,,100.0,22.0,188
10.26,GIRO,1,3,0,177.28,270.0,92.72,,,157.2,,,100.0,22.0,188
10.285,GIRO,1,3,0,178.41,270.0,91.59,,,157.0,,,100.0,22.0,188
10.312,GIRO,1,3,0,178.41,270.0,91.59,,,156.9,,,100.0,22.0,202
10.336,GIRO,1,3,0,181.3,270.0,88.7,,,156.8,,,100.0,22.0,202
10.361,GIRO,1,3,0,181.3,270.0,88.7,,,156.8,,,100.0,22.0,202
10.386,GIRO,1,3,0,181.3,270.0,88.7,,,156.8,,,100.0,22.0,202
10.411,GIRO,1,3,0,180.6,270.0,89.4,,,156.8,,,100.0,22.0,202
10.436,GIRO,1,3,0,180.6,270.0,89.4,,,156.8,,,100.0,22.0,202
10.461,GIRO,1,3,0,181.05,270.0,88.95,,,156.8,,,100.0,22.0,202
10.486,GIRO,1,3,0,181.05,270.0,88.95,,,156.8,,,100.0,22.0,202
10.512,GIRO,1,3,0,180.93,270.0,89.07,22.0,,156.8,,,100.0,22.0,178
10.538,GIRO,1,3,0,180.93,270.0,89.07,22.0,,156.8,,,100.0,22.0,178
10.562,GIRO,1,3,0,180.91,270.0,89.09,22.0,,156.8,,,100.0,22.0,178
10.587,GIRO,1,3,0,180.91,270.0,89.09,22.0,,156.7,,,100.0,22.0,178
10.612,GIRO,1,3,0,180.94,270.0,89.06,22.0,,156.7,,,100.0,22.0,178
10.637,GIRO,1,3,0,180.94,270.0,89.06,22.0,,156.7,,,100.0,22.0,178
10.663,GIRO,1,3,0,180.89,270.0,89.11,22.0,,156.7,,,100.0,22.0,178
10.687,GIRO,1,3,0,180.89,270.0,89.11,22.0,,156.7,,,100.0,22.0,178
10.713,GIRO,1,3,0,180.89,270.0,89.11,,,156.7,,,100.0,22.0,193
10.738,GIRO,1,3,0,180.95,270.0,89.05,,,156.7,,,100.0,22.0,193
10.763,GIRO,1,3,0,180.95,270.0,89.05,,,156.7,,,100.0,22.0,193
10.788,GIRO,1,3,0,180.95,270.0,89.05,,,156.7,,,100.0,22.0,193
10.813,GIRO,1,3,0,180.95,270.0,89.05,,,156.7,,,100.0,22.0,193
10.838,GIRO,1,3,0,180.91,270.0,89.09,,,156.7,,,100.0,22.0,193
10.863,GIRO,1,3,0,180.91,270.0,89.09,,,156.7,,,100.0,22.0,193
10.888,GIRO,1,3,0,180.94,270.0,89.06,,,156.7,,,100.0,22.0,193
10.913,GIRO,1,3,0,180.94,270.0,89.06,,,156.7,,,100.0,22.0,188
10.938,GIRO,1,3,0,180.78,270.0,89.22,,,156.7,,,100.0,22.0,188
10.963,GIRO,1,3,0,180.78,270.0,89.22,,,156.7,,,100.0,22.0,188
10.989,GIRO,1,3,0,180.73,270.0,89.27,,,156.7,,,100.0,22.0,188
11.013,GIRO,1,3,0,180.73,270.0,89.27,,,156.7,,,100.0,22.0,188
11.038,GIRO,1,3,0,180.73,270.0,89.27,,,156.7,,,100.0,22.0,188
11.063,GIRO,1,3,0,180.69,270.0,89.31,,,156.7,,,100.0,22.0,188
11.088,GIRO,1,3,0,180.69,270.0,89.31,,,156.7,,,100.0,22.0,188
11.114,GIRO,1,3,0,180.62,270.0,89.38,,,156.7,,,100.0,22.0,189
11.139,GIRO,1,3,0,180.62,270.0,89.38,,,156.7,,,100.0,22.0,189
11.164,GIRO,1,3,0,180.59,270.0,89.41,,,156.7,,,100.0,22.0,189
11.189,GIRO,1,3,0,180.59,270.0,89.41,,,156.7,,,100.0,22.0,189
11.214,GIRO,1,3,0,180.56,270.0,89.44,,,156.7,,,100.0,22.0,189
11.239,GIRO,1,3,0,180.56,270.0,89.44,,,156.7,,,100.0,22.0,189
11.264,GIRO,1,3,0,180.49,270.0,89.51,,,156.7,,,100.0,22.0,189
11.289,GIRO,1,3,0,180.49,270.0,89.51,,,156.7,,,100.0,22.0,189
11.315,GIRO,1,3,0,180.46,270.0,89.54,,,156.7,,,100.0,22.0,188
11.339,GIRO,1,3,0,180.46,270.0,89.54,,,156.7,,,100.0,22.0,188
11.364,GIRO,1,3,0,180.46,270.0,89.54,,,156.7,,,100.0,22.0,188
11.389,GIRO,1,3,0,180.44,270.0,89.56,,,156.7,,,100.0,22.0,188
11.415,GIRO,1,3,0,180.44,270.0,89.56,,,156.7,,,100.0,22.0,188
11.439,GIRO,1,3,0,180.38,270.0,89.62,,,156.7,,,100.0,22.0,188
11.464,GIRO,1,3,0,180.38,270.0,89.62,,,156.7,,,100.0,22.0,188
11.49,GIRO,1,3,0,180.35,270.0,89.65,,,156.7,,,100.0,22.0,188
11.515,GIRO,1,3,0,180.35,270.0,89.65,,,156.7,,,100.0,22.0,188
11.54,GIRO,1,3,0,180.3,270.0,89.7,,,156.7,,,100.0,22.0,188
11.565,GIRO,1,3,0,180.3,270.0,89.7,,,156.7,,,100.0,22.0,188
11.59,GIRO,1,3,0,180.28,270.0,89.72,,,156.7,,,100.0,22.0,188
11.615,GIRO,1,3,0,180.28,270.0,89.72,,,156.7,,,100.0,22.0,188
11.64,GIRO,1,3,0,180.25,270.0,89.75,,,156.7,,,100.0,22.0,188
11.665,GIRO,1,3,0,180.25,270.0,89.75,,,156.7,,,100.0,22.0,188
11.69,GIRO,1,3,0,180.25,270.0,89.75,,,156.7,,,100.0,22.0,188
11.716,GIRO,1,3,0,180.2,270.0,89.8,35.0,,156.7,,,100.0,22.0,187
11.741,GIRO,1,3,0,180.2,270.0,89.8,35.0,,156.7,,,100.0,22.0,187
11.767,GIRO,1,3,0,180.17,270.0,89.83,35.0,,156.7,,,100.0,22.0,187
11.791,GIRO,1,3,0,180.17,270.0,89.83,35.0,,156.7,,,100.0,22.0,187
11.816,GIRO,1,3,0,180.14,270.0,89.86,35.0,,156.7,,,100.0,22.0,187
11.842,GIRO,1,3,0,180.14,270.0,89.86,35.0,,156.7,,,100.0,22.0,187
11.867,GIRO,1,3,0,180.09,270.0,89.91,35.0,,156.7,,,100.0,22.0,187
11.892,GIRO,1,3,0,180.09,270.0,89.91,35.0,,156.7,,,100.0,22.0,187
11.916,GIRO,1,3,0,180.07,270.0,89.93,33.0,,156.7,,,100.0,22.0,189
11.941,GIRO,1,3,0,180.07,270.0,89.93,31.9,,156.7,,,100.0,22.0,189
11.966,GIRO,1,3,0,180.1,270.0,89.9,31.2,,156.7,,,100.0,22.0,189
11.991,GIRO,1,3,0,180.1,270.0,89.9,30.9,,156.7,,,100.0,22.0,189
12.016,GIRO,1,3,0,180.1,270.0,89.9,30.7,,156.7,,,100.0,22.0,189
12.041,GIRO,1,3,0,180.3,270.0,89.7,30.6,,156.7,,,100.0,22.0,189
12.066,GIRO,1,3,0,180.3,270.0,89.7,30.6,,156.7,,,100.0,22.0,189
12.091,GIRO,1,3,0,180.26,270.0,89.74,30.5,,156.7,,,100.0,22.0,189
12.116,GIRO,1,3,0,180.26,270.0,89.74,37.0,,156.7,,,100.0,22.0,187
12.141,GIRO,1,3,0,180.19,270.0,89.81,40.5,,156.7,,,100.0,22.0,187
12.166,GIRO,1,3,0,180.19,270.0,89.81,42.5,,156.7,,,100.0,22.0,187
12.192,GIRO,1,3,0,180.25,270.0,89.75,43.5,,156.7,,,100.0,22.0,187
12.216,GIRO,1,3,0,180.25,270.0,89.75,44.1,,156.7,,,100.0,22.0,187
12.241,GIRO,1,3,0,180.27,270.0,89.73,44.4,,156.7,,,100.0,22.0,187
12.266,GIRO,1,3,0,180.27,270.0,89.73,44.6,,156.7,,,100.0,22.0,187
12.291,GIRO,1,3,0,180.17,270.0,89.83,44.7,,156.7,,,100.0,22.0,187
12.317,GIRO,1,3,0,180.17,270.0,89.83,43.0,129.3,158.9,,170.3,100.0,22.0,183
12.342,GIRO,1,3,0,180.17,270.0,89.83,42.1,129.3,160.1,,170.3,100.0,22.0,183
12.368,GIRO,1,3,0,180.15,270.0,89.85,41.6,129.3,160.8,,170.3,100.0,22.0,183
12.393,GIRO,1,3,0,180.15,270.0,89.85,41.3,129.3,161.1,,170.3,100.0,22.0,183
12.418,GIRO,1,3,0,180.17,270.0,89.83,41.2,129.3,161.3,,170.3,100.0,22.0,183
12.443,GIRO,1,3,0,180.17,270.0,89.83,41.1,129.3,161.4,,170.3,100.0,22.0,183
12.468,GIRO,1,3,0,180.22,270.0,89.78,41.1,129.3,161.5,,170.3,100.0,22.0,183
12.493,GIRO,1,3,0,180.22,270.0,89.78,41.0,129.3,161.5,,170.3,100.0,22.0,183
12.52,GIRO,1,3,0,180.15,270.0,89.85,62.7,130.3,160.6,,220.7,100.0,22.0,184
12.543,GIRO,1,3,0,180.15,270.0,89.85,74.6,130.8,160.1,,220.7,100.0,22.0,184
12.568,GIRO,1,3,0,180.11,270.0,89.89,81.2,131.1,159.9,,220.7,100.0,22.0,184
12.593,GIRO,1,3,0,180.11,270.0,89.89,84.8,131.3,159.7,,220.7,100.0,22.0,184
12.618,GIRO,1,3,0,180.05,270.0,89.95,86.8,131.3,159.6,,220.7,100.0,22.0,184
12.644,GIRO,1,3,0,180.05,270.0,89.95,87.9,131.4,159.6,,220.7,100.0,22.0,184
12.668,GIRO,1,3,0,180.05,270.0,89.95,88.5,131.4,159.6,,220.7,100.0,22.0,184
12.693,GIRO,1,3,0,180.02,270.0,89.98,88.8,131.4,159.5,,220.7,100.0,22.0,184
12.719,GIRO,1,3,0,180.02,270.0,89.98,71.4,131.5,159.4,,181.6,100.0,22.0,185
12.745,GIRO,1,3,0,180.04,270.0,89.96,61.8,131.6,159.3,,181.6,100.0,22.0,185
12.769,GIRO,1,3,0,180.04,270.0,89.96,56.5,131.6,159.2,,181.6,100.0,22.0,185
12.794,GIRO,1,3,0,180.08,270.0,89.92,53.6,131.6,159.2,,181.6,100.0,22.0,185
12.819,GIRO,1,3,0,180.08,270.0,89.92,52.0,131.6,159.1,,181.6,100.0,22.0,185
12.844,GIRO,1,3,0,180.0,270.0,90.0,51.1,131.6,159.1,,181.6,100.0,22.0,185
12.869,GIRO,1,3,0,180.0,270.0,90.0,50.6,131.6,159.1,,181.6,100.0,22.0,185
12.894,GIRO,1,3,0,179.97,270.0,90.03,50.3,131.6,159.1,,181.6,100.0,22.0,185
12.918,GIRO,1,3,0,179.97,270.0,90.03,54.8,,158.1,,,100.0,22.0,180
12.943,GIRO,1,3,0,179.9,270.0,90.1,57.2,,157.5,,,100.0,22.0,180
12.968,GIRO,1,3,0,179.9,270.0,90.1,58.6,,157.1,,,100.0,22.0,180
12.993,GIRO,1,3,0,179.9,270.0,90.1,59.3,,157.0,,,100.0,22.0,180
13.018,GIRO,1,3,0,179.87,270.0,90.13,59.7,,156.9,,,100.0,22.0,180
13.043,GIRO,1,3,0,179.87,270.0,90.13,60.0,,156.8,,,100.0,22.0,180
13.07,GIRO,1,3,0,179.86,270.0,90.14,60.1,,156.8,,,100.0,22.0,180
13.094,GIRO,1,3,0,179.86,270.0,90.14,60.1,,156.8,,,100.0,22.0,180
13.119,GIRO,1,3,0,179.96,270.0,90.04,56.1,,156.8,,,100.0,22.0,169
13.144,GIRO,1,3,0,179.96,270.0,90.04,53.9,,156.8,,,100.0,22.0,169
13.169,GIRO,1,3,0,179.96,270.0,90.04,52.7,,156.8,,,100.0,22.0,169
13.194,GIRO,1,3,0,179.96,270.0,90.04,52.0,,156.8,,,100.0,22.0,169
13.219,GIRO,1,3,0,179.86,270.0,90.14,51.7,,156.8,,,100.0,22.0,169
13.244,GIRO,1,3,0,179.86,270.0,90.14,51.5,,156.8,,,100.0,22.0,169
13.269,GIRO,1,3,0,179.82,270.0,90.18,51.4,,156.8,,,100.0,22.0,169
13.295,GIRO,1,3,0,179.82,270.0,90.18,51.3,,156.7,,,100.0,22.0,169
13.32,GIRO,1,3,0,179.82,270.0,90.18,53.5,,156.7,,,100.0,22.0,169
13.344,GIRO,1,3,0,179.95,270.0,90.05,54.7,,156.7,,,100.0,22.0,169
13.37,GIRO,1,3,0,179.95,270.0,90.05,55.4,,156.7,,,100.0,22.0,169
13.395,GIRO,1,3,0,179.89,270.0,90.11,55.8,,156.7,,,100.0,22.0,169
13.42,GIRO,1,3,0,179.89,270.0,90.11,56.0,,156.7,,,100.0,22.0,169
13.445,GIRO,1,3,0,179.84,270.0,90.16,56.1,,156.7,,,100.0,22.0,169
13.47,GIRO,1,3,0,179.84,270.0,90.16,56.1,,156.7,,,100.0,22.0,169
13.495,GIRO,1,3,0,179.8,270.0,90.2,56.2,,156.7,,,100.0,22.0,169
13.521,GIRO,1,3,0,179.8,270.0,90.2,67.0,,156.7,,,100.0,22.0,164
13.545,GIRO,1,3,0,179.74,270.0,90.26,73.0,,156.7,,,100.0,22.0,164
13.57,GIRO,1,3,0,179.74,270.0,90.26,76.3,,156.7,,,100.0,22.0,164
13.595,GIRO,1,3,0,179.71,270.0,90.29,78.1,,156.7,,,100.0,22.0,164
13.621,GIRO,1,3,0,179.71,270.0,90.29,79.1,,156.7,,,100.0,22.0,164
13.645,GIRO,1,3,0,179.71,270.0,90.29,79.6,,156.7,,,100.0,22.0,164
13.67,GIRO,1,3,0,179.91,270.0,90.09,79.9,,156.7,,,100.0,22.0,164
13.695,GIRO,1,3,0,179.91,270.0,90.09,80.1,,156.7,,,100.0,22.0,164
13.72,GIRO,1,3,0,179.94,270.0,90.06,86.5,,156.7,,,100.0,22.0,168
13.745,GIRO,1,3,0,179.94,270.0,90.06,90.0,,156.7,,,100.0,22.0,168
13.77,GIRO,1,3,0,179.98,270.0,90.02,91.9,,156.7,,,100.0,22.0,168
13.795,GIRO,1,3,0,179.98,270.0,90.02,93.0,,156.7,,,100.0,22.0,168
13.82,GIRO,1,3,0,180.11,270.0,89.89,93.5,,156.7,,,100.0,22.0,168
13.846,GIRO,1,3,0,180.11,270.0,89.89,93.9,,156.7,,,100.0,22.0,168
13.871,GIRO,1,3,0,180.11,270.0,89.89,94.0,,156.7,,,100.0,22.0,168
13.896,GIRO,1,3,0,180.11,270.0,89.89,94.1,,156.7,,,100.0,22.0,168
13.921,GIRO,1,3,0,180.15,270.0,89.85,95.5,,156.7,,,100.0,22.0,161
13.946,GIRO,1,3,0,180.15,270.0,89.85,96.2,,156.7,,,100.0,22.0,161
13.971,GIRO,1,3,0,180.15,270.0,89.85,96.6,,156.7,,,100.0,22.0,161
13.996,GIRO,1,3,0,180.19,270.0,89.81,96.8,,156.7,,,100.0,22.0,161
14.021,GIRO,1,3,0,180.19,270.0,89.81,96.9,,156.7,,,100.0,22.0,161
14.046,GIRO,1,3,0,180.11,270.0,89.89,97.0,,156.7,,,100.0,22.0,161
14.071,GIRO,1,3,0,180.11,270.0,89.89,97.0,,156.7,,,100.0,22.0,161
14.096,GIRO,1,3,0,180.09,270.0,89.91,97.0,,156.7,,,100.0,22.0,161
14.122,GIRO,1,3,0,180.09,270.0,89.91,117.7,122.8,156.7,,265.8,100.0,22.0,157
14.147,GIRO,1,3,0,180.26,270.0,89.74,129.1,122.8,156.7,,265.8,100.0,22.0,157
14.175,GIRO,1,3,0,180.26,270.0,89.74,135.4,122.8,156.7,,265.8,100.0,22.0,157
14.198,GIRO,1,3,0,180.24,270.0,89.76,138.8,122.8,156.7,,265.8,100.0,22.0,157
14.222,GIRO,1,3,0,180.24,270.0,89.76,140.7,122.8,156.7,,265.8,100.0,22.0,157
14.249,GIRO,1,3,0,180.18,270.0,89.82,141.8,122.8,156.7,,265.8,100.0,22.0,157
14.273,GIRO,1,3,0,180.18,270.0,89.82,142.3,122.8,156.7,,265.8,100.0,22.0,157
14.298,GIRO,1,3,0,180.18,270.0,89.82,142.7,122.8,156.7,,265.8,100.0,22.0,157
14.322,GIRO,1,3,0,180.11,270.0,89.89,,,156.7,,,100.0,22.0,143
14.347,GIRO,1,3,0,180.11,270.0,89.89,,,156.7,,,100.0,22.0,143
14.372,GIRO,1,3,0,180.08,270.0,89.92,,,156.7,,,100.0,22.0,143
14.398,GIRO,1,3,0,180.08,270.0,89.92,,,156.7,,,100.0,22.0,143
14.422,GIRO,1,3,0,180.25,270.0,89.75,,,156.7,,,100.0,22.0,143
14.447,GIRO,1,3,0,180.25,270.0,89.75,,,156.7,,,100.0,22.0,143
14.472,GIRO,1,3,0,180.29,270.0,89.71,,,156.7,,,100.0,22.0,143
14.499,SIGUE_MURO,1,3,0,180.29,270.0,89.71,,,156.7,,,100.0,22.0,143
14.522,RECUPERANDO,1,3,0,180.21,270.0,89.71,,,156.7,,,-60.0,-38.0,100
14.547,RECUPERANDO,1,3,0,180.21,270.0,89.71,,,156.7,,,60.0,-38.0,100
14.572,RECUPERANDO,1,3,0,180.21,270.0,89.71,,,156.7,,,-60.0,-38.0,100
14.597,RECUPERANDO,1,3,0,180.25,270.0,89.71,,,156.7,,,60.0,-38.0,100
14.622,RECUPERANDO,1,3,0,180.25,270.0,89.71,,,156.7,,,-60.0,-38.0,100
14.647,RECUPERANDO,1,3,0,180.31,270.0,89.71,,,156.7,,,60.0,-38.0,100
14.672,RECUPERANDO,1,3,0,180.31,270.0,89.71,,,156.7,,,-60.0,-38.0,100
14.697,RECUPERANDO,1,3,0,180.37,270.0,89.71,,,156.7,,,60.0,-38.0,100
14.723,RECUPERANDO,1,3,0,180.37,270.0,89.71,,,156.7,,,-60.0,-38.0,71
14.747,RECUPERANDO,1,3,0,180.29,270.0,89.71,,,156.7,,,60.0,-38.0,71
14.772,RECUPERANDO,1,3,0,180.29,270.0,89.71,,,156.7,,,-60.0,-38.0,71
14.797,RECUPERANDO,1,3,0,180.24,270.0,89.71,,,156.7,,,60.0,-38.0,71
14.822,RECUPERANDO,1,3,0,180.24,270.0,89.71,,,156.7,,,-60.0,-38.0,71
14.847,RECUPERANDO,1,3,0,180.2,270.0,89.71,,,156.7,,,60.0,-38.0,71
14.872,RECUPERANDO,1,3,0,180.2,270.0,89.71,,,156.7,,,-60.0,-38.0,71
14.897,RECUPERANDO,1,3,0,180.2,270.0,89.71,,,156.7,,,60.0,-38.0,71
14.922,RECUPERANDO,1,3,0,179.8,270.0,89.71,,,156.7,,,-60.0,-38.0,112
14.947,RECUPERANDO,1,3,0,179.8,270.0,89.71,,,156.7,,,60.0,-38.0,112
14.972,RECUPERANDO,1,3,0,178.13,270.0,89.71,,,156.7,,,-60.0,-38.0,112
14.997,RECUPERANDO,1,3,0,178.13,270.0,89.71,,,156.7,,,60.0,-38.0,112
15.022,RECUPERANDO,1,3,0,176.72,270.0,89.71,,,156.7,,,-60.0,-38.0,112
15.047,RECUPERANDO,1,3,0,176.72,270.0,89.71,,,156.7,,,60.0,-38.0,112
15.072,RECUPERANDO,1,3,0,175.97,270.0,89.71,,,156.7,,,-60.0,-38.0,112
15.097,RECUPERANDO,1,3,0,175.97,270.0,89.71,,,156.7,,,60.0,-38.0,112
15.122,RECUPERANDO,1,3,0,175.27,270.0,89.71,,,156.7,,,-60.0,-38.0,202
15.147,RECUPERANDO,1,3,0,175.27,270.0,89.71,,,156.7,,,60.0,-38.0,202
15.173,RECUPERANDO,1,3,0,171.15,270.0,89.71,,,156.7,,,-60.0,-38.0,202
15.198,RECUPERANDO,1,3,0,171.15,270.0,89.71,,,156.7,,,60.0,-38.0,202
15.223,RECUPERANDO,1,3,0,171.15,270.0,89.71,,,156.7,,,-60.0,-38.0,202
15.248,RECUPERANDO,1,3,0,167.98,270.0,89.71,,,156.7,,,60.0,-38.0,202
15.274,RECUPERANDO,1,3,0,167.98,270.0,89.71,,,156.7,,,-60.0,-38.0,202
15.298,RECUPERANDO,1,3,0,164.35,270.0,89.71,,,156.7,,,60.0,-38.0,202
15.325,RECUPERANDO,1,3,0,164.35,270.0,89.71,1265.1,69.6,1076.2,,1334.6,-60.0,-38.0,153
15.35,RECUPERANDO,1,3,0,157.14,270.0,89.71,1265.1,69.6,1581.9,,1334.6,60.0,-38.0,153
15.376,RECUPERANDO,1,3,0,157.14,270.0,89.71,1265.1,69.6,1860.1,,1334.6,-60.0,-38.0,153
15.4,RECUPERANDO,1,3,0,153.87,270.0,89.71,1265.1,69.6,2013.0,,1334.6,60.0,-38.0,153
15.425,SIGUE_MURO,1,3,0,153.87,270.0,142.13,1265.1,69.6,2097.2,,1334.6,70.5,30.7,153
15.45,SIGUE_MURO,1,3,0,151.75,270.0,144.25,1265.1,69.6,2143.4,,1334.6,81.0,28.6,153
15.475,SIGUE_MURO,1,3,0,151.75,270.0,144.25,1265.1,69.6,2168.9,,1334.6,91.6,26.5,153
15.502,SIGUE_MURO,1,3,0,149.96,270.0,146.04,1265.1,69.6,2182.9,,1334.6,100.0,24.8,153
15.526,SIGUE_MURO,1,3,0,149.96,270.0,146.04,898.3,127.1,2190.6,,647.6,100.0,24.8,160
15.551,SIGUE_MURO,1,3,0,150.25,270.0,145.75,696.6,158.8,2194.8,,647.6,100.0,24.8,160
15.576,SIGUE_MURO,1,3,0,150.25,270.0,145.75,585.7,176.2,2197.2,,647.6,100.0,24.8,160
15.602,SIGUE_MURO,1,3,0,150.25,270.0,145.75,524.6,185.8,2198.4,,647.6,100.0,24.8,160
15.626,SIGUE_MURO,1,3,0,151.15,270.0,144.85,491.1,191.1,2199.1,,647.6,100.0,24.8,160
15.651,SIGUE_MURO,1,3,0,151.15,270.0,144.85,472.6,194.0,2199.5,,647.6,100.0,24.8,160
15.676,SIGUE_MURO,1,3,0,152.71,270.0,143.29,462.5,195.6,2199.7,,647.6,100.0,24.8,160
15.701,SIGUE_MURO,1,3,0,152.71,270.0,143.29,456.9,196.5,2199.9,,647.6,100.0,24.8,160
15.727,SIGUE_MURO,1,3,0,153.01,270.0,142.99,797.3,201.1,2199.9,,1420.1,100.0,24.8,169
15.751,SIGUE_MURO,1,3,0,153.01,270.0,142.99,984.6,203.6,2200.0,,1420.1,100.0,24.8,169
15.776,SIGUE_MURO,1,3,0,152.75,270.0,143.25,1087.5,205.0,2200.0,,1420.1,100.0,24.8,169
15.802,SIGUE_MURO,1,3,0,152.75,270.0,143.25,1144.2,205.7,2200.0,,1420.1,100.0,24.8,169
15.827,SIGUE_MURO,1,3,0,153.61,270.0,142.39,1175.3,206.2,2200.0,,1420.1,100.0,24.8,169
15.852,SIGUE_MURO,1,3,0,153.61,270.0,142.39,1192.5,206.4,2200.0,,1420.1,100.0,24.8,169
15.877,SIGUE_MURO,1,3,0,153.61,270.0,142.39,1201.9,206.5,2200.0,,1420.1,100.0,24.8,169
15.902,SIGUE_MURO,1,3,0,155.2,270.0,140.8,1207.1,206.6,2200.0,,1420.1,100.0,24.8,169
15.928,SIGUE_MURO,1,3,0,155.2,270.0,119.9,,197.2,2200.0,,,100.0,24.8,166
15.953,SIGUE_MURO,1,3,0,159.67,270.0,116.59,,192.1,2200.0,,,100.0,24.8,166
15.978,SIGUE_MURO,1,3,0,159.67,270.0,117.22,,189.2,2200.0,,,100.0,24.8,166
16.003,SIGUE_MURO,1,3,0,161.95,270.0,115.29,,187.7,2200.0,,,100.0,24.8,166
16.029,SIGUE_MURO,1,3,0,161.95,270.0,115.48,,186.8,2200.0,,,100.0,24.8,166
16.053,SIGUE_MURO,1,3,0,164.29,270.0,113.25,,186.3,2200.0,,,100.0,24.8,166
16.078,SIGUE_MURO,1,3,0,164.29,270.0,113.31,,186.1,2200.0,,,100.0,24.8,166
16.103,SIGUE_MURO,1,3,0,168.83,270.0,108.8,,185.9,2200.0,,,100.0,24.8,166
16.128,SIGUE_MURO,1,3,0,168.83,270.0,127.17,1413.2,143.1,2200.0,,1504.0,100.0,24.8,163
16.154,SIGUE_MURO,1,3,0,171.31,270.0,124.69,1413.2,119.6,2200.0,,1504.0,100.0,24.8,163
16.178,SIGUE_MURO,1,3,0,171.31,270.0,124.69,1413.2,106.6,2200.0,,1504.0,100.0,24.8,163
16.203,SIGUE_MURO,1,3,0,171.31,270.0,124.69,1413.2,99.5,2200.0,,1504.0,100.0,24.8,163
16.228,SIGUE_MURO,1,3,0,173.89,270.0,122.11,1413.2,95.6,2200.0,,1504.0,100.0,24.8,163
16.253,SIGUE_MURO,1,3,0,173.89,270.0,122.11,1413.2,93.4,2200.0,,1504.0,100.0,24.8,163
16.278,SIGUE_MURO,1,3,0,178.72,270.0,117.28,1413.2,92.2,2200.0,,1504.0,100.0,24.8,163
16.303,SIGUE_MURO,1,3,0,178.72,270.0,117.28,1413.2,91.6,2200.0,,1504.0,100.0,24.8,163
16.326,RECUPERANDO,1,3,0,181.12,270.0,117.28,,,1280.5,,,-60.0,-38.0,194
16.351,RECUPERANDO,1,3,0,181.12,270.0,117.28,,,774.8,,,60.0,-38.0,194
16.377,RECUPERANDO,1,3,0,183.82,270.0,117.28,,,496.7,,,-60.0,-38.0,194
16.401,RECUPERANDO,1,3,0,183.82,270.0,117.28,,,343.7,,,60.0,-38.0,194
16.426,RECUPERANDO,1,3,0,189.15,270.0,117.28,,,259.6,,,-60.0,-38.0,194
16.451,RECUPERANDO,1,3,0,189.15,270.0,117.28,,,213.3,,,60.0,-38.0,194
16.477,RECUPERANDO,1,3,0,191.91,270.0,117.28,,,187.9,,,-60.0,-38.0,194
16.502,RECUPERANDO,1,3,0,191.91,270.0,117.28,,,173.9,,,60.0,-38.0,214
16.527,RECUPERANDO,1,3,0,191.91,270.0,117.28,,,166.2,,,-60.0,-38.0,214
16.552,RECUPERANDO,1,3,0,197.14,270.0,117.28,,,161.9,,,60.0,-38.0,214
16.577,RECUPERANDO,1,3,0,197.14,270.0,117.28,,,159.6,,,-60.0,-38.0,214
16.602,RECUPERANDO,1,3,0,198.98,270.0,117.28,,,158.3,,,60.0,-38.0,214
16.627,RECUPERANDO,1,3,0,198.98,270.0,117.28,,,157.6,,,-60.0,-38.0,214
16.653,RECUPERANDO,1,3,0,199.88,270.0,117.28,,,157.2,,,60.0,-38.0,214
16.677,RECUPERANDO,1,3,0,199.88,270.0,117.28,,,157.0,,,-60.0,-38.0,214
16.704,RECUPERANDO,1,3,0,199.23,270.0,117.28,,181.3,156.9,,,60.0,-38.0,91
16.728,RECUPERANDO,1,3,0,199.23,270.0,117.28,,181.3,156.8,,,-60.0,-38.0,91
16.753,RECUPERANDO,1,3,0,198.12,270.0,117.28,,181.3,156.8,,,60.0,-38.0,91
16.778,RECUPERANDO,1,3,0,198.12,270.0,117.28,,181.3,156.8,,,-60.0,-38.0,91
16.803,RECUPERANDO,1,3,0,197.23,270.0,117.28,,181.3,156.8,,,60.0,-38.0,91
16.828,RECUPERANDO,1,3,0,197.23,270.0,117.28,,181.3,156.8,,,-60.0,-38.0,91
16.853,RECUPERANDO,1,3,0,197.23,270.0,117.28,,181.3,156.8,,,60.0,-38.0,91
16.878,RECUPERANDO,1,3,0,197.09,270.0,117.28,,181.3,156.8,,,-60.0,-38.0,91
16.903,RECUPERANDO,1,3,0,197.09,270.0,117.28,,,156.8,,,60.0,-38.0,214
16.928,RECUPERANDO,1,3,0,197.98,270.0,117.28,,,156.8,,,-60.0,-38.0,214
16.953,RECUPERANDO,1,3,0,197.98,270.0,117.28,,,156.8,,,60.0,-38.0,214
16.978,RECUPERANDO,1,3,0,199.31,270.0,117.28,,,156.7,,,-60.0,-38.0,214
17.003,RECUPERANDO,1,3,0,199.31,270.0,117.28,,,156.7,,,60.0,-38.0,214
17.03,RECUPERANDO,1,3,0,201.68,270.0,117.28,,,156.7,,,-60.0,-38.0,214
17.053,RECUPERANDO,1,3,0,201.68,270.0,117.28,,,156.7,,,60.0,-38.0,214
17.078,RECUPERANDO,1,3,0,201.66,270.0,117.28,,,156.7,,,-60.0,-38.0,214
17.103,RECUPERANDO,1,3,0,201.66,270.0,117.28,,,158.6,,,60.0,-38.0,214
17.128,RECUPERANDO,1,3,0,201.14,270.0,117.28,,,159.5,,,-60.0,-38.0,214
17.154,RECUPERANDO,1,3,0,201.14,270.0,117.28,,,160.1,,,60.0,-38.0,214
17.179,RECUPERANDO,1,3,0,201.14,270.0,117.28,,,160.4,,,-60.0,-38.0,214
17.203,RECUPERANDO,1,3,0,197.35,270.0,117.28,,,160.5,,,60.0,-38.0,214
17.228,SIGUE_MURO,1,3,0,197.35,270.0,72.65,,,160.6,,,70.5,22.0,214
17.254,RECUPERANDO,1,3,0,194.16,270.0,72.65,,,160.7,,,-60.0,-38.0,214
17.279,RECUPERANDO,1,3,0,194.16,270.0,72.65,,,160.7,,,60.0,-38.0,214
17.304,RECUPERANDO,1,3,0,187.29,270.0,72.65,,,188.8,,,-60.0,-38.0,214
17.329,RECUPERANDO,1,3,0,187.29,270.0,72.65,,,204.2,,,60.0,-38.0,214
17.354,RECUPERANDO,1,3,0,184.11,270.0,72.65,,,212.7,,,-60.0,-38.0,214
17.379,RECUPERANDO,1,3,0,184.11,270.0,72.65,,,217.3,,,60.0,-38.0,214
17.404,RECUPERANDO,1,3,0,182.3,270.0,72.65,,,219.9,,,-60.0,-38.0,214
17.429,RECUPERANDO,1,3,0,182.3,270.0,72.65,,,221.3,,,60.0,-38.0,214
17.454,RECUPERANDO,1,3,0,180.02,270.0,72.65,,,222.1,,,-60.0,-38.0,214
17.479,RECUPERANDO,1,3,0,180.02,270.0,72.65,,,222.5,,,60.0,-38.0,214
17.504,RECUPERANDO,1,3,0,180.02,270.0,72.65,,,268.2,,,-60.0,-38.0,178
17.529,RECUPERANDO,1,3,0,178.92,270.0,72.65,,,293.3,,,60.0,-38.0,178
17.554,RECUPERANDO,1,3,0,178.92,270.0,72.65,,,307.1,,,-60.0,-38.0,178
17.58,RECUPERANDO,1,3,0,176.57,270.0,72.65,,,314.7,,,60.0,-38.0,178
17.604,RECUPERANDO,1,3,0,176.57,270.0,72.65,,,318.9,,,-60.0,-38.0,178
17.629,RECUPERANDO,1,3,0,170.23,270.0,72.65,,,321.2,,,60.0,-38.0,178
17.654,RECUPERANDO,1,3,0,170.23,270.0,72.65,,,322.5,,,-60.0,-38.0,178
17.68,RECUPERANDO,1,3,0,167.12,270.0,72.65,,,323.2,,,60.0,-38.0,178
17.708,RECUPERANDO,1,3,0,167.12,270.0,72.65,1424.8,318.0,1167.7,1167.7,1742.8,-60.0,-38.0,141
17.732,RECUPERANDO,1,3,0,165.38,270.0,72.65,1424.8,318.0,1632.3,1167.7,1742.8,60.0,-38.0,141
17.757,RECUPERANDO,1,3,0,165.38,270.0,72.65,1424.8,318.0,1887.7,1167.7,1742.8,-60.0,-38.0,141
17.782,RECUPERANDO,1,3,0,163.66,270.0,72.65,1424.8,318.0,2028.3,1167.7,1742.8,60.0,-38.0,141
17.808,RECUPERANDO,1,3,0,163.66,270.0,72.65,1424.8,318.0,2105.5,1167.7,1742.8,-60.0,-38.0,141
17.832,RECUPERANDO,1,3,0,163.66,270.0,72.65,1424.8,318.0,2148.0,1167.7,1742.8,60.0,-38.0,141
17.857,RECUPERANDO,1,3,0,164.14,270.0,72.65,1424.8,318.0,2171.4,1167.7,1742.8,-60.0,-38.0,141
17.883,RECUPERANDO,1,3,0,164.14,270.0,72.65,1424.8,318.0,2184.3,1167.7,1742.8,60.0,-38.0,141
17.909,RECUPERANDO,1,3,0,165.31,270.0,72.65,1494.7,326.4,2191.4,,1916.8,-60.0,-38.0,51
17.933,RECUPERANDO,1,3,0,165.31,270.0,72.65,1533.1,331.0,2195.2,,1916.8,60.0,-38.0,51
17.958,RECUPERANDO,1,3,0,168.15,270.0,72.65,1554.2,333.6,2197.4,,1916.8,-60.0,-38.0,51
17.983,RECUPERANDO,1,3,0,168.15,270.0,72.65,1565.9,335.0,2198.6,,1916.8,60.0,-38.0,51
18.008,RECUPERANDO,1,3,0,169.09,270.0,72.65,1572.3,335.7,2199.2,,1916.8,-60.0,-38.0,51
18.033,RECUPERANDO,1,3,0,169.09,270.0,72.65,1575.8,336.2,2199.6,,1916.8,60.0,-38.0,51
18.058,RECUPERANDO,1,3,0,168.54,270.0,72.65,1577.7,336.4,2199.8,,1916.8,-60.0,-38.0,51
18.083,RECUPERANDO,1,3,0,168.54,270.0,72.65,1578.8,336.5,2199.9,,1916.8,60.0,-38.0,51
18.109,RECUPERANDO,1,3,0,167.01,270.0,72.65,1554.3,375.9,2199.9,,1948.4,-60.0,-38.0,154
18.135,RECUPERANDO,1,3,0,167.01,270.0,72.65,1540.9,397.5,2200.0,,1948.4,60.0,-38.0,154
18.159,SIGUE_MURO,1,3,0,167.01,270.0,128.99,1533.5,409.4,2200.0,,1948.4,70.5,30.7,154
18.184,SIGUE_MURO,1,3,0,164.49,270.0,131.51,1529.4,416.0,2200.0,,1948.4,81.0,28.6,154
18.209,SIGUE_MURO,1,3,0,164.49,270.0,131.51,1527.2,419.6,2200.0,,1948.4,91.6,26.5,154
18.234,SIGUE_MURO,1,3,0,157.34,270.0,138.66,1525.9,421.6,2200.0,,1948.4,100.0,24.8,154
18.259,SIGUE_MURO,1,3,0,157.34,270.0,138.66,1525.2,422.6,2200.0,,1948.4,100.0,24.8,154
18.284,SIGUE_MURO,1,3,0,153.77,270.0,142.23,1524.9,423.2,2200.0,,1948.4,100.0,24.8,154
18.31,SIGUE_MURO,1,3,0,153.77,270.0,142.15,1485.7,461.2,2200.0,,1945.3,100.0,24.8,142
18.335,SIGUE_MURO,1,3,0,150.34,270.0,145.51,1464.1,482.0,2200.0,,1945.3,100.0,24.8,142
18.36,SIGUE_MURO,1,3,0,150.34,270.0,145.43,1452.3,493.5,2200.0,,1945.3,100.0,24.8,142
18.385,SIGUE_MURO,1,3,0,146.53,270.0,149.17,1445.8,499.8,2200.0,,1945.3,100.0,24.8,142
18.41,SIGUE_MURO,1,3,0,146.53,270.0,149.09,1442.2,503.3,2200.0,,1945.3,100.0,24.8,142
18.435,SIGUE_MURO,1,3,0,144.95,270.0,150.6,1440.2,505.2,2200.0,,1945.3,100.0,24.8,142
18.461,SIGUE_MURO,1,3,0,144.95,270.0,150.52,1439.1,506.2,2200.0,,1945.3,100.0,24.8,142
18.485,SIGUE_MURO,1,3,0,144.95,270.0,150.45,1438.5,506.8,2200.0,,1945.3,100.0,24.8,142
18.51,SIGUE_MURO,1,3,0,144.23,270.0,151.09,1013.0,602.4,2200.0,,1212.2,100.0,24.8,137
18.536,SIGUE_MURO,1,3,0,144.23,270.0,151.02,778.9,655.0,2200.0,,1212.2,100.0,24.8,137
18.561,SIGUE_MURO,1,3,0,145.28,270.0,149.89,650.2,683.9,2200.0,,1212.2,100.0,24.8,137
18.586,SIGUE_MURO,1,3,0,145.28,270.0,149.82,579.4,699.8,2200.0,,1212.2,100.0,24.8,137
18.611,SIGUE_MURO,1,3,0,146.62,270.0,148.4,540.5,708.6,2200.0,,1212.2,100.0,24.8,137
18.636,SIGUE_MURO,1,3,0,146.62,270.0,148.33,519.1,713.4,2200.0,,1212.2,100.0,24.8,137
18.661,SIGUE_MURO,1,3,0,150.57,270.0,144.3,507.3,716.1,2200.0,,1212.2,100.0,24.8,137
18.686,SIGUE_MURO,1,3,0,150.57,270.0,144.23,500.8,717.5,2200.0,,1212.2,100.0,24.8,137
18.711,SIGUE_MURO,1,3,0,152.95,270.0,141.85,546.0,641.4,2200.0,,1149.6,100.0,24.8,150
18.736,SIGUE_MURO,1,3,0,152.95,270.0,141.85,570.8,599.6,2200.0,,1149.6,100.0,24.8,150
18.761,SIGUE_MURO,1,3,0,155.4,270.0,139.4,584.5,576.6,2200.0,,1149.6,100.0,24.8,150
18.788,SIGUE_MURO,1,3,0,155.4,270.0,139.4,592.0,563.9,2200.0,,1149.6,100.0,24.8,150
18.812,SIGUE_MURO,1,3,0,155.4,270.0,139.4,596.1,556.9,2200.0,,1149.6,100.0,24.8,150
18.836,SIGUE_MURO,1,3,0,160.17,270.0,134.63,598.4,553.1,2200.0,,1149.6,100.0,24.8,150
18.861,SIGUE_MURO,1,3,0,160.17,270.0,134.63,599.7,551.0,2200.0,,1149.6,100.0,24.8,150
18.887,SIGUE_MURO,1,3,0,162.73,270.0,132.07,600.3,549.9,2200.0,,1149.6,100.0,24.8,150
18.911,SIGUE_MURO,1,3,0,162.73,270.0,132.07,988.9,509.6,2200.0,,1924.3,100.0,24.8,151
18.936,SIGUE_MURO,1,3,0,165.24,270.0,129.56,1202.6,487.5,2200.0,,1924.3,100.0,24.8,151
18.961,SIGUE_MURO,1,3,0,165.24,270.0,129.56,1320.2,475.3,2200.0,,1924.3,100.0,24.8,151
18.986,SIGUE_MURO,1,3,0,170.04,270.0,124.76,1384.8,468.6,2200.0,,1924.3,100.0,24.8,151
19.011,SIGUE_MURO,1,3,0,170.04,270.0,124.76,1420.4,465.0,2200.0,,1924.3,100.0,24.8,151
19.036,SIGUE_MURO,1,3,0,172.34,270.0,122.46,1439.9,462.9,2200.0,,1924.3,100.0,24.8,151
19.061,SIGUE_MURO,1,3,0,172.34,270.0,122.46,1450.7,461.8,2200.0,,1924.3,100.0,24.8,151
19.086,SIGUE_MURO,1,3,0,174.46,270.0,120.34,1456.6,461.2,2200.0,,1924.3,100.0,24.8,151
19.11,SIGUE_MURO,1,3,0,174.46,270.0,120.34,1390.9,,1464.1,,,100.0,24.8,145
19.135,SIGUE_MURO,1,3,0,174.46,270.0,120.34,1354.7,,1059.4,,,100.0,24.8,145
19.16,SIGUE_MURO,1,3,0,178.88,270.0,115.92,1334.8,,836.8,,,100.0,24.8,145
19.185,GIRO,1,4,1,178.88,360.0,179.92,1323.9,,714.4,,,100.0,22.0,145
19.21,GIRO,1,4,1,181.05,360.0,177.75,1317.9,,647.0,,,100.0,22.0,145
19.235,GIRO,1,4,1,181.05,360.0,177.75,1314.6,,610.0,,,100.0,22.0,145
19.261,GIRO,1,4,1,183.22,360.0,175.58,1312.8,,589.6,,,100.0,22.0,145
19.287,GIRO,1,4,1,183.22,360.0,175.58,1311.8,,578.4,,,100.0,22.0,145
19.31,GIRO,1,4,1,187.36,360.0,171.44,,,505.0,,,100.0,22.0,180
19.335,GIRO,1,4,1,187.36,360.0,171.44,,,464.6,,,100.0,22.0,180
19.361,GIRO,1,4,1,189.38,360.0,169.42,,,442.4,,,100.0,22.0,180
19.386,GIRO,1,4,1,189.38,360.0,169.42,,,430.2,,,100.0,22.0,180
19.41,GIRO,1,4,1,193.61,360.0,165.19,,,423.4,,,100.0,22.0,180
19.436,GIRO,1,4,1,193.61,360.0,165.19,,,419.8,,,100.0,22.0,180
19.461,GIRO,1,4,1,193.61,360.0,165.19,,,417.7,,,100.0,22.0,180
19.485,GIRO,1,4,1,195.78,360.0,163.02,,,416.6,,,100.0,22.0,180
19.511,GIRO,1,4,1,195.78,360.0,163.02,,159.3,379.2,,,100.0,22.0,206
19.536,GIRO,1,4,1,197.91,360.0,160.89,,159.3,358.7,,,100.0,22.0,206
19.562,GIRO,1,4,1,197.91,360.0,160.89,,159.3,347.4,,,100.0,22.0,206
19.586,GIRO,1,4,1,202.25,360.0,156.55,,159.3,341.2,,,100.0,22.0,206
19.612,GIRO,1,4,1,202.25,360.0,156.55,,159.3,337.8,,,100.0,22.0,206
19.637,GIRO,1,4,1,204.51,360.0,154.29,,159.3,335.9,,,100.0,22.0,206
19.662,GIRO,1,4,1,204.51,360.0,154.29,,159.3,334.8,,,100.0,22.0,206
19.687,GIRO,1,4,1,206.79,360.0,152.01,,159.3,334.3,,,100.0,22.0,206
19.712,GIRO,1,4,1,206.79,360.0,152.01,,124.7,318.2,,,100.0,22.0,162
19.737,GIRO,1,4,1,211.31,360.0,147.49,,105.7,309.3,,,100.0,22.0,162
19.762,GIRO,1,4,1,211.31,360.0,147.49,,95.2,304.5,,,100.0,22.0,162
19.787,GIRO,1,4,1,211.31,360.0,147.49,,89.5,301.8,,,100.0,22.0,162
19.812,GIRO,1,4,1,213.52,360.0,145.28,,86.3,300.3,,,100.0,22.0,162
19.837,GIRO,1,4,1,213.52,360.0,145.28,,84.5,299.5,,,100.0,22.0,162
19.862,GIRO,1,4,1,215.73,360.0,143.07,,83.6,299.1,,,100.0,22.0,162
19.887,GIRO,1,4,1,215.73,360.0,143.07,,83.1,298.8,,,100.0,22.0,162
19.912,GIRO,1,4,1,220.14,360.0,138.66,,,282.2,,,100.0,22.0,119
19.937,GIRO,1,4,1,220.14,360.0,138.66,,,273.1,,,100.0,22.0,119
19.962,GIRO,1,4,1,222.18,360.0,136.62,,,268.0,,,100.0,22.0,119
19.987,GIRO,1,4,1,222.18,360.0,136.62,,,265.3,,,100.0,22.0,119
20.012,GIRO,1,4,1,224.23,360.0,134.57,,,263.7,,,100.0,22.0,119
20.037,GIRO,1,4,1,224.23,360.0,134.57,,,262.9,,,100.0,22.0,119
20.063,GIRO,1,4,1,228.42,360.0,130.38,,,262.4,,,100.0,22.0,119
20.088,GIRO,1,4,1,228.42,360.0,130.38,,,262.2,,,100.0,22.0,119
20.115,GIRO,1,4,1,230.63,360.0,128.17,74.0,,240.6,713.9,,100.0,22.0,104
20.138,GIRO,1,4,1,230.63,360.0,128.17,74.0,,228.7,713.9,,100.0,22.0,104
20.163,GIRO,1,4,1,230.63,360.0,128.17,74.0,,222.2,713.9,,100.0,22.0,104
20.188,GIRO,1,4,1,235.07,360.0,123.73,74.0,,218.6,713.9,,100.0,22.0,104
20.214,GIRO,1,4,1,235.07,360.0,123.73,74.0,,216.6,713.9,,100.0,22.0,104
20.238,GIRO,1,4,1,237.24,360.0,121.56,74.0,,215.5,713.9,,100.0,22.0,104
20.263,GIRO,1,4,1,237.24,360.0,121.56,74.0,,214.9,713.9,,100.0,22.0,104
20.289,GIRO,1,4,1,239.25,360.0,119.55,74.0,,214.6,713.9,,100.0,22.0,104
20.314,GIRO,1,4,1,239.25,360.0,119.55,115.5,,905.9,229.1,,100.0,22.0,83
20.34,GIRO,1,4,1,243.7,360.0,115.1,138.3,,1286.1,229.1,,100.0,22.0,83
20.365,GIRO,1,4,1,243.7,360.0,115.1,150.8,,1495.2,229.1,,100.0,22.0,83
20.39,GIRO,1,4,1,245.94,360.0,112.86,157.7,,1610.2,229.1,,100.0,22.0,83
20.415,GIRO,1,4,1,245.94,360.0,112.86,161.5,,1673.5,229.1,,100.0,22.0,83
20.441,GIRO,1,4,1,245.94,360.0,112.86,163.6,,1708.3,229.1,,100.0,22.0,83
20.465,GIRO,1,4,1,248.2,360.0,110.6,164.7,,1727.4,229.1,,100.0,22.0,83
20.49,GIRO,1,4,1,248.2,360.0,110.6,165.3,,1737.9,229.1,,100.0,22.0,83
20.514,GIRO,1,4,1,252.5,360.0,106.3,595.8,,1771.0,,,100.0,22.0,84
20.539,GIRO,1,4,1,252.5,360.0,106.3,832.5,,1789.2,,,100.0,22.0,84
20.565,GIRO,1,4,1,254.56,360.0,104.24,962.7,,1799.2,,,100.0,22.0,84
20.589,GIRO,1,4,1,254.56,360.0,104.24,1034.4,,1804.7,,,100.0,22.0,84
20.614,GIRO,1,4,1,256.46,360.0,102.34,1073.7,,1807.7,,,100.0,22.0,84
20.639,GIRO,1,4,1,256.46,360.0,102.34,1095.4,,1809.4,,,100.0,22.0,84
20.666,GIRO,1,4,1,259.89,360.0,98.91,1107.3,,1810.3,,,100.0,22.0,84
20.69,GIRO,1,4,1,259.89,360.0,98.91,1113.9,,1810.8,,,100.0,22.0,84
20.714,GIRO,1,4,1,261.38,360.0,97.42,920.9,,1985.9,,,100.0,22.0,113
20.739,GIRO,1,4,1,261.38,360.0,97.42,814.8,,2082.3,,,100.0,22.0,113
20.764,GIRO,1,4,1,261.38,360.0,97.42,756.4,,2135.2,,,100.0,22.0,113
20.79,GIRO,1,4,1,263.16,360.0,95.64,724.3,,2164.4,,,100.0,22.0,113
20.814,GIRO,1,4,1,263.16,360.0,95.64,706.7,,2180.4,,,100.0,22.0,113
20.84,GIRO,1,4,1,266.72,360.0,92.08,697.0,,2189.2,,,100.0,22.0,113
20.865,GIRO,1,4,1,266.72,360.0,92.08,691.6,,2194.1,,,100.0,22.0,113
20.89,GIRO,1,4,1,268.58,360.0,90.22,688.7,,2196.7,,,100.0,22.0,113
20.915,GIRO,1,4,1,268.58,360.0,90.22,1105.5,,2198.2,,,100.0,22.0,113
20.94,GIRO,1,4,1,272.6,360.0,86.2,1334.7,,2199.0,,,100.0,22.0,113
20.965,GIRO,1,4,1,272.6,360.0,86.2,1460.8,,2199.5,,,100.0,22.0,113
20.991,GIRO,1,4,1,274.59,360.0,84.21,1530.1,,2199.7,,,100.0,22.0,113
21.015,GIRO,1,4,1,274.59,360.0,84.21,1568.2,,2199.8,,,100.0,22.0,113
21.04,GIRO,1,4,1,276.66,360.0,82.14,1589.2,,2199.9,,,100.0,22.0,113
21.065,GIRO,1,4,1,276.66,360.0,82.14,1600.7,,2200.0,,,100.0,22.0,113
21.09,GIRO,1,4,1,276.66,360.0,82.14,1607.1,,2200.0,,,100.0,22.0,113
21.115,GIRO,1,4,1,281.02,360.0,77.78,1156.4,,1580.7,1419.3,,100.0,22.0,108
21.14,GIRO,1,4,1,281.02,360.0,77.78,908.5,,1240.0,1419.3,,100.0,22.0,108
21.165,GIRO,1,4,1,283.2,360.0,75.6,772.2,,1052.7,1419.3,,100.0,22.0,108
21.19,GIRO,1,4,1,283.2,360.0,75.6,697.2,,949.6,1419.3,,100.0,22.0,108
21.216,GIRO,1,4,1,285.41,360.0,73.39,656.0,,893.0,1419.3,,100.0,22.0,108
21.241,GIRO,1,4,1,285.41,360.0,73.39,633.3,,861.8,1419.3,,100.0,22.0,108
21.265,GIRO,1,4,1,289.47,360.0,69.33,620.8,,844.7,1419.3,,100.0,22.0,108
21.291,GIRO,1,4,1,289.47,360.0,69.33,614.0,,835.2,1419.3,,100.0,22.0,108
21.315,GIRO,1,4,1,291.25,360.0,67.55,,,794.0,,,100.0,22.0,134
21.34,GIRO,1,4,1,291.25,360.0,67.55,,,771.3,,,100.0,22.0,134
21.365,GIRO,1,4,1,291.25,360.0,67.55,,,758.9,,,100.0,22.0,134
21.39,GIRO,1,4,1,293.15,360.0,65.65,,,752.0,,,100.0,22.0,134
21.415,GIRO,1,4,1,293.15,360.0,65.65,,,748.2,,,100.0,22.0,134
21.44,GIRO,1,4,1,297.14,360.0,61.66,,,746.1,,,100.0,22.0,134
21.465,GIRO,1,4,1,297.14,360.0,61.66,,,745.0,,,100.0,22.0,134
21.49,GIRO,1,4,1,299.18,360.0,59.62,,,744.4,,,100.0,22.0,134
21.515,GIRO,1,4,1,299.18,360.0,59.62,,,703.4,,,100.0,22.0,171
21.541,GIRO,1,4,1,301.34,360.0,57.46,,,680.8,,,100.0,22.0,171
21.565,GIRO,1,4,1,301.34,360.0,57.46,,,668.4,,,100.0,22.0,171
21.59,GIRO,1,4,1,305.81,360.0,52.99,,,661.6,,,100.0,22.0,171
21.615,GIRO,1,4,1,305.81,360.0,52.99,,,657.9,,,100.0,22.0,171
21.64,GIRO,1,4,1,308.17,360.0,50.63,,,655.8,,,100.0,22.0,171
21.665,GIRO,1,4,1,308.17,360.0,50.63,,,654.7,,,100.0,22.0,171
21.69,GIRO,1,4,1,308.17,360.0,50.63,,,654.1,,,100.0,22.0,171
21.715,GIRO,1,4,1,312.91,360.0,45.89,,,622.0,,,100.0,22.0,214
21.74,GIRO,1,4,1,312.91,360.0,45.89,,,604.4,,,100.0,22.0,214
21.766,GIRO,1,4,1,315.28,360.0,43.52,,,594.7,,,100.0,22.0,214
21.791,GIRO,1,4,1,315.28,360.0,43.52,,,589.4,,,100.0,22.0,214
21.816,GIRO,1,4,1,317.64,360.0,41.16,,,586.5,,,98.8,22.0,214
21.841,GIRO,1,4,1,317.64,360.0,41.16,,,584.9,,,98.8,22.0,214
21.866,GIRO,1,4,1,322.05,360.0,36.75,,,584.0,,,88.3,22.0,214
21.891,GIRO,1,4,1,322.05,360.0,36.75,,,583.5,,,88.2,22.0,214
21.917,GIRO,1,4,1,323.93,360.0,34.87,,142.0,560.2,,,83.7,22.0,195
21.942,GIRO,1,4,1,323.93,360.0,34.87,,142.0,547.3,,,83.7,22.0,195
21.967,GIRO,1,4,1,325.68,360.0,33.12,,142.0,540.3,,,79.5,22.0,195
21.992,GIRO,1,4,1,325.68,360.0,33.12,,142.0,536.4,,,79.5,22.0,195
22.017,GIRO,1,4,1,328.8,360.0,30.0,,142.0,534.3,,,72.0,22.0,195
22.042,GIRO,1,4,1,328.8,360.0,30.0,,142.0,533.1,,,72.0,22.0,195
22.067,GIRO,1,4,1,328.8,360.0,30.0,,142.0,532.4,,,72.0,22.0,195
22.093,GIRO,1,4,1,330.4,360.0,28.4,,142.0,532.1,,,68.2,22.2,195
22.117,GIRO,1,4,1,330.4,360.0,28.4,,,510.7,,,68.2,22.2,182
22.142,GIRO,1,4,1,332.2,360.0,26.6,,,498.9,,,63.8,22.8,182
22.167,GIRO,1,4,1,332.2,360.0,26.6,,,492.5,,,63.8,22.8,182
22.193,GIRO,1,4,1,336.36,360.0,22.44,,,488.9,,,53.8,24.2,182
22.217,GIRO,1,4,1,336.36,360.0,22.44,,,486.9,,,53.8,24.2,182
22.242,GIRO,1,4,1,338.74,360.0,20.06,,,485.9,,,48.1,25.1,182
22.267,GIRO,1,4,1,338.74,360.0,20.06,,,485.3,,,48.1,25.1,182
22.292,GIRO,1,4,1,340.84,360.0,17.96,,,484.9,,,43.1,25.8,182
22.319,GIRO,1,4,1,340.84,360.0,17.96,,,477.3,,,43.1,25.8,195
22.342,GIRO,1,4,1,345.46,360.0,13.34,,,473.1,,,32.6,27.3,195
22.367,GIRO,1,4,1,345.46,360.0,13.34,,,470.8,,,32.0,27.4,195
22.392,GIRO,1,4,1,345.46,360.0,13.34,,,469.6,,,32.0,27.4,195
22.417,GIRO,1,4,1,347.78,360.0,11.02,,,468.9,,,26.4,28.2,195
22.443,GIRO,1,4,1,347.78,360.0,11.02,,,468.5,,,26.4,28.2,195
22.468,SIGUE_MURO,1,4,1,352.58,360.0,6.22,,,468.3,,,15.9,34.2,195
22.493,SIGUE_MURO,1,4,1,352.58,360.0,6.22,,,468.2,,,14.9,34.4,195
22.519,SIGUE_MURO,1,4,1,354.82,360.0,29.98,1299.2,,511.6,,,25.4,33.7,202
22.544,SIGUE_MURO,1,4,1,354.82,360.0,29.98,1299.2,,535.5,,,36.0,32.5,202
22.569,SIGUE_MURO,1,4,1,356.74,360.0,28.06,1299.2,,548.7,,,46.5,31.0,202
22.594,SIGUE_MURO,1,4,1,356.74,360.0,28.06,1299.2,,555.9,,,57.0,29.3,202
22.619,SIGUE_MURO,1,4,1,360.37,360.0,24.43,1299.2,,559.9,,,58.6,29.1,202
22.644,SIGUE_MURO,1,4,1,360.37,360.0,24.43,1299.2,,562.1,,,58.6,29.1,202
22.669,SIGUE_MURO,1,4,1,362.03,360.0,22.77,1299.2,,563.3,,,54.6,29.9,202
22.694,SIGUE_MURO,1,4,1,362.03,360.0,22.77,1299.2,,563.9,,,54.6,29.9,202
22.72,SIGUE_MURO,1,4,1,362.03,360.0,7.17,858.1,,547.1,415.2,,44.1,31.4,200
22.746,SIGUE_MURO,1,4,1,363.5,360.0,5.7,615.5,,537.8,415.2,,33.6,33.0,200
22.77,SIGUE_MURO,1,4,1,363.5,360.0,5.18,482.1,,532.7,415.2,,23.1,34.7,200
22.795,SIGUE_MURO,1,4,1,367.12,360.0,-1.37,408.7,,529.9,415.2,,12.5,36.5,200
22.82,SIGUE_MURO,1,4,1,367.12,360.0,-2.99,368.4,,528.4,415.2,,2.0,38.2,200
22.845,SIGUE_MURO,1,4,1,369.45,360.0,-6.21,346.2,,527.5,415.2,,-8.5,37.1,200
22.871,SIGUE_MURO,1,4,1,369.45,360.0,-6.69,334.0,,527.1,415.2,,-16.1,35.8,200
22.895,SIGUE_MURO,1,4,1,372.06,360.0,-9.57,327.2,,526.8,415.2,,-23.0,34.6,200
22.919,SIGUE_MURO,1,4,1,372.06,360.0,-13.26,,,546.5,,,-31.8,33.5,214
22.944,SIGUE_MURO,1,4,1,377.25,360.0,-18.45,,,557.4,,,-42.4,31.9,214
22.97,SIGUE_MURO,1,4,1,377.25,360.0,-18.45,,,563.4,,,-44.3,31.7,214
22.994,SIGUE_MURO,1,4,1,379.35,360.0,-20.55,,,566.6,,,-49.3,30.9,214
23.019,SIGUE_MURO,1,4,1,379.35,360.0,-20.55,,,568.4,,,-49.3,30.9,214
23.044,SIGUE_MURO,1,4,1,379.35,360.0,-20.55,,,569.4,,,-49.3,31.0,214
23.069,SIGUE_MURO,1,4,1,381.03,360.0,-22.23,,,570.0,,,-53.4,30.2,214
23.095,SIGUE_MURO,1,4,1,381.03,360.0,-22.23,,,570.3,,,-53.4,30.2,214
23.12,SIGUE_MURO,1,4,1,382.56,360.0,-0.85,378.2,,537.6,,,-42.8,31.4,214
23.145,SIGUE_MURO,1,4,1,382.56,360.0,-0.85,378.2,,519.7,,,-32.3,32.8,214
23.17,SIGUE_MURO,1,4,1,382.5,360.0,-0.79,378.2,,509.8,,,-21.8,34.3,214
23.196,SIGUE_MURO,1,4,1,382.5,360.0,-0.79,378.2,,504.4,,,-11.3,36.0,214
23.22,SIGUE_MURO,1,4,1,381.29,360.0,0.42,378.2,,501.4,,,-0.7,37.7,214
23.245,SIGUE_MURO,1,4,1,381.29,360.0,0.42,378.2,,499.8,,,1.0,37.6,214
23.271,SIGUE_MURO,1,4,1,380.27,360.0,1.44,378.2,,498.9,,,3.5,37.2,214
23.296,SIGUE_MURO,1,4,1,380.27,360.0,1.44,378.2,,498.4,,,3.5,37.1,214
23.322,SIGUE_MURO,1,4,1,379.25,360.0,5.55,368.8,192.9,474.5,,550.2,13.3,34.8,214
23.347,SIGUE_MURO,1,4,1,379.25,360.0,5.55,363.7,192.9,461.4,,550.2,13.3,34.5,214
23.372,SIGUE_MURO,1,4,1,379.25,360.0,5.55,360.8,192.9,454.1,,550.2,13.3,34.3,214
23.397,SIGUE_MURO,1,4,1,377.89,360.0,6.86,359.2,192.9,450.2,,550.2,16.5,33.6,214
23.423,SIGUE_MURO,1,4,1,377.89,360.0,6.72,358.4,192.9,448.0,,550.2,16.1,33.6,214
23.448,SIGUE_MURO,1,4,1,377.86,360.0,6.68,357.9,192.9,446.8,,550.2,16.0,33.6,214
23.472,SIGUE_MURO,1,4,1,377.86,360.0,6.64,357.7,192.9,446.1,,550.2,15.9,33.6,214
23.497,SIGUE_MURO,1,4,1,378.2,360.0,6.27,357.5,192.9,445.8,,550.2,15.1,33.8,214
23.524,SIGUE_MURO,1,4,1,378.2,360.0,0.13,330.5,201.0,421.5,,508.4,4.5,34.8,214
23.547,SIGUE_MURO,1,4,1,380.01,360.0,-5.06,315.6,205.5,408.1,,508.4,-6.0,34.2,214
23.572,SIGUE_MURO,1,4,1,380.01,360.0,-6.91,307.4,207.9,400.8,,508.4,-16.5,32.3,214
23.598,SIGUE_MURO,1,4,1,381.21,360.0,-9.14,302.9,209.3,396.8,,508.4,-21.9,31.4,214
23.623,SIGUE_MURO,1,4,1,381.21,360.0,-9.7,300.5,210.0,394.5,,508.4,-23.3,31.1,214
23.648,SIGUE_MURO,1,4,1,382.4,360.0,-11.2,299.1,210.4,393.3,,508.4,-26.9,30.5,214
23.673,SIGUE_MURO,1,4,1,382.4,360.0,-11.37,298.4,210.6,392.6,,508.4,-27.3,30.4,214
23.698,SIGUE_MURO,1,4,1,382.4,360.0,-11.46,297.9,210.8,392.3,,508.4,-27.5,30.4,214
23.722,SIGUE_MURO,1,4,1,384.89,360.0,-16.33,296.0,,356.7,,,-38.0,27.9,214
23.748,SIGUE_MURO,1,4,1,384.89,360.0,-16.51,294.9,,337.2,,,-39.6,27.2,214
23.772,SIGUE_MURO,1,4,1,385.95,360.0,-17.66,294.3,,326.4,,,-42.4,26.5,214
23.797,SIGUE_MURO,1,4,1,385.95,360.0,-17.71,294.0,,320.5,,,-42.5,26.4,214
23.822,SIGUE_MURO,1,4,1,386.39,360.0,-18.18,293.8,,317.3,,,-43.6,26.1,214
23.847,SIGUE_MURO,1,4,1,386.39,360.0,-18.2,293.7,,315.5,,,-43.7,26.1,214
23.872,SIGUE_MURO,1,4,1,386.58,360.0,-18.4,293.7,,314.5,,,-44.2,26.0,214
23.897,SIGUE_MURO,1,4,1,386.58,360.0,-18.4,293.6,,314.0,,,-44.2,26.0,214
23.922,SIGUE_MURO,1,4,1,386.49,360.0,-1.69,,80.2,294.4,,,-33.6,27.2,214
23.947,SIGUE_MURO,1,4,1,386.49,360.0,-1.69,,80.2,283.6,,,-23.1,28.7,214
23.973,SIGUE_MURO,1,4,1,385.86,360.0,-1.06,,80.2,277.7,,,-12.6,30.2,214
23.997,SIGUE_MURO,1,4,1,385.86,360.0,-1.06,,80.2,274.4,,,-2.6,31.6,214
24.023,SIGUE_MURO,1,4,1,385.86,360.0,-1.06,,80.2,272.6,,,-2.6,31.6,214
24.047,SIGUE_MURO,1,4,1,385.29,360.0,-0.49,,80.2,271.6,,,-1.2,31.8,214
24.073,GIRO,1,5,1,385.29,450.0,63.51,,80.2,271.1,,,9.3,30.7,214
24.098,GIRO,1,5,1,384.68,450.0,64.12,,80.2,270.8,,,19.9,29.1,214
24.121,GIRO,1,5,1,384.68,450.0,64.12,,,236.3,,,30.4,27.6,214
24.146,GIRO,1,5,1,383.47,450.0,65.33,,,217.3,,,40.9,26.1,214
24.173,GIRO,1,5,1,383.47,450.0,65.33,,,206.9,,,51.4,24.6,214
24.197,GIRO,1,5,1,383.45,450.0,65.35,,,201.2,,,62.0,23.1,214
24.222,GIRO,1,5,1,383.45,450.0,65.35,,,198.0,,,72.5,22.0,214
24.247,GIRO,1,5,1,383.62,450.0,65.18,,,196.3,,,83.0,22.0,214
24.272,GIRO,1,5,1,383.62,450.0,65.18,,,195.3,,,93.6,22.0,214
24.297,GIRO,1,5,1,385.07,450.0,63.73,,,194.8,,,100.0,22.0,214
24.322,GIRO,1,5,1,385.07,450.0,63.73,,,177.7,,,100.0,22.0,214
24.347,GIRO,1,5,1,385.07,450.0,63.73,,,168.3,,,100.0,22.0,214
24.372,GIRO,1,5,1,386.47,450.0,62.33,,,163.1,,,100.0,22.0,214
24.397,GIRO,1,5,1,386.47,450.0,62.33,,,160.2,,,100.0,22.0,214
24.423,GIRO,1,5,1,388.33,450.0,60.47,,,158.7,,,100.0,22.0,214
24.447,GIRO,1,5,1,388.33,450.0,60.47,,,157.8,,,100.0,22.0,214
24.472,GIRO,1,5,1,393.3,450.0,55.5,,,157.3,,,100.0,22.0,214
24.498,GIRO,1,5,1,393.3,450.0,55.5,,,157.1,,,100.0,22.0,214
24.526,GIRO,1,5,1,395.76,450.0,53.04,,,156.9,,,100.0,22.0,214
24.551,GIRO,1,5,1,395.76,450.0,53.04,,,156.8,,,100.0,22.0,214
24.576,GIRO,1,5,1,398.48,450.0,50.32,,,156.8,,,100.0,22.0,214
24.6,GIRO,1,5,1,398.48,450.0,50.32,,,156.8,,,100.0,22.0,214
24.625,GIRO,1,5,1,403.39,450.0,45.41,,,156.8,,,100.0,22.0,214
24.65,GIRO,1,5,1,403.39,450.0,45.41,,,156.8,,,100.0,22.0,214
24.675,GIRO,1,5,1,403.39,450.0,45.41,,,156.8,,,100.0,22.0,214
24.7,GIRO,1,5,1,405.81,450.0,42.99,,,156.8,,,100.0,22.0,214
24.724,GIRO,1,5,1,405.81,450.0,42.99,108.8,,156.8,,,100.0,22.0,214
24.749,GIRO,1,5,1,403.88,450.0,44.92,108.8,,156.8,,,100.0,22.0,214
24.774,GIRO,1,5,1,403.88,450.0,44.92,108.8,,156.8,,,100.0,22.0,214
24.799,GIRO,1,5,1,404.05,450.0,44.75,108.8,,156.7,,,100.0,22.0,214
24.824,GIRO,1,5,1,404.05,450.0,44.75,108.8,,156.7,,,100.0,22.0,214
24.85,GIRO,1,5,1,404.09,450.0,44.71,108.8,,156.7,,,100.0,22.0,214
24.875,GIRO,1,5,1,404.09,450.0,44.71,108.8,,156.7,,,100.0,22.0,214
24.9,GIRO,1,5,1,404.0,450.0,44.8,108.8,,156.7,,,100.0,22.0,214
24.925,GIRO,1,5,1,404.0,450.0,44.8,,120.0,156.7,,,100.0,22.0,166
24.95,GIRO,1,5,1,404.0,450.0,44.8,,120.0,156.7,,,100.0,22.0,166
24.975,GIRO,1,5,1,404.0,450.0,44.8,,120.0,156.7,,,100.0,22.0,166
25.0,GIRO,1,5,1,404.0,450.0,44.8,,120.0,156.7,,,100.0,22.0,166
25.026,GIRO,1,5,1,403.94,450.0,44.86,,120.0,156.7,,,100.0,22.0,166
25.052,GIRO,1,5,1,403.94,450.0,44.86,,120.0,156.7,,,100.0,22.0,166
25.075,GIRO,1,5,1,403.88,450.0,44.92,,120.0,156.7,,,100.0,22.0,166
25.1,GIRO,1,5,1,403.88,450.0,44.92,,120.0,156.7,,,100.0,22.0,166
25.126,GIRO,1,5,1,403.88,450.0,44.92,89.4,133.1,156.7,,238.5,100.0,22.0,165
25.151,GIRO,1,5,1,403.88,450.0,44.92,89.4,140.3,156.7,,238.5,100.0,22.0,165
25.177,GIRO,1,5,1,403.9,450.0,44.9,89.4,144.3,156.7,,238.5,100.0,22.0,165
25.201,GIRO,1,5,1,403.9,450.0,44.9,89.4,146.5,156.7,,238.5,100.0,22.0,165
25.226,GIRO,1,5,1,403.83,450.0,44.97,89.4,147.7,156.7,,238.5,100.0,22.0,165
25.251,GIRO,1,5,1,403.83,450.0,44.97,89.4,148.3,156.7,,238.5,100.0,22.0,165
25.278,GIRO,1,5,1,403.82,450.0,44.98,89.4,148.7,156.7,,238.5,100.0,22.0,165
25.302,GIRO,1,5,1,403.82,450.0,44.98,89.4,148.9,156.7,,238.5,100.0,22.0,165
25.327,GIRO,1,5,1,403.82,450.0,44.98,97.6,140.4,156.7,,237.8,100.0,22.0,166
25.352,GIRO,1,5,1,403.78,450.0,45.02,102.2,135.7,156.7,,237.8,100.0,22.0,166
25.377,GIRO,1,5,1,403.78,450.0,45.02,104.7,133.1,156.7,,237.8,100.0,22.0,166
25.402,GIRO,1,5,1,403.71,450.0,45.09,106.1,131.7,156.7,,237.8,100.0,22.0,166
25.427,GIRO,1,5,1,403.71,450.0,45.09,106.8,131.0,156.7,,237.8,100.0,22.0,166
25.452,GIRO,1,5,1,403.68,450.0,45.12,107.3,130.5,156.7,,237.8,100.0,22.0,166
25.477,GIRO,1,5,1,403.68,450.0,45.12,107.5,130.3,156.7,,237.8,100.0,22.0,166
25.504,GIRO,1,5,1,403.66,450.0,45.14,107.6,130.2,156.7,,237.8,100.0,22.0,166
25.527,GIRO,1,5,1,403.66,450.0,45.14,106.6,124.8,156.7,,223.8,100.0,22.0,166
25.552,GIRO,1,5,1,403.63,450.0,45.17,106.1,121.9,156.7,,223.8,100.0,22.0,166
25.578,GIRO,1,5,1,403.63,450.0,45.17,105.8,120.3,156.7,,223.8,100.0,22.0,166
25.603,GIRO,1,5,1,403.61,450.0,45.19,105.7,119.4,156.7,,223.8,100.0,22.0,166
25.628,GIRO,1,5,1,403.61,450.0,45.19,105.6,118.9,156.7,,223.8,100.0,22.0,166
25.653,GIRO,1,5,1,403.61,450.0,45.19,105.5,118.7,156.7,,223.8,100.0,22.0,166
25.678,GIRO,1,5,1,403.59,450.0,45.21,105.5,118.5,156.7,,223.8,100.0,22.0,166
25.703,GIRO,1,5,1,403.59,450.0,45.21,105.5,118.4,156.7,,223.8,100.0,22.0,166
25.728,GIRO,1,5,1,403.59,450.0,45.21,87.8,118.0,156.7,,183.7,100.0,22.0,177
25.753,GIRO,1,5,1,403.59,450.0,45.21,78.1,117.8,156.7,,183.7,100.0,22.0,177
25.778,GIRO,1,5,1,403.58,450.0,45.22,72.7,117.7,156.7,,183.7,100.0,22.0,177
25.803,GIRO,1,5,1,403.58,450.0,45.22,69.8,117.6,156.7,,183.7,100.0,22.0,177
25.829,GIRO,1,5,1,403.54,450.0,45.26,68.2,117.6,156.7,,183.7,100.0,22.0,177
25.854,GIRO,1,5,1,403.54,450.0,45.26,67.3,117.5,156.7,,183.7,100.0,22.0,177
25.879,GIRO,1,5,1,403.52,450.0,45.28,66.8,117.5,156.7,,183.7,100.0,22.0,177
25.904,GIRO,1,5,1,403.52,450.0,45.28,66.5,117.5,156.7,,183.7,100.0,22.0,177
25.929,GIRO,1,5,1,403.52,450.0,45.28,60.8,118.3,156.7,,173.3,100.0,22.0,168
25.954,GIRO,1,5,1,403.52,450.0,45.28,57.7,118.8,156.7,,173.3,100.0,22.0,168
25.979,GIRO,1,5,1,403.52,450.0,45.28,56.0,119.0,156.7,,173.3,100.0,22.0,168
26.004,GIRO,1,5,1,403.46,450.0,45.34,55.1,119.2,156.7,,173.3,100.0,22.0,168
26.029,GIRO,1,5,1,403.46,450.0,45.34,54.6,119.3,156.7,,173.3,100.0,22.0,168
26.055,GIRO,1,5,1,403.41,450.0,45.39,54.3,119.3,156.7,,173.3,100.0,22.0,168
26.079,GIRO,1,5,1,403.41,450.0,45.39,54.1,119.3,156.7,,173.3,100.0,22.0,168
26.104,GIRO,1,5,1,403.38,450.0,45.42,54.0,119.3,156.7,,173.3,100.0,22.0,168
26.129,GIRO,1,5,1,403.38,450.0,45.42,54.9,113.6,156.7,,162.5,100.0,22.0,169
26.155,GIRO,1,5,1,403.38,450.0,45.42,55.3,110.5,156.7,,162.5,100.0,22.0,169
26.179,GIRO,1,5,1,403.38,450.0,45.42,55.6,108.7,156.7,,162.5,100.0,22.0,169
26.204,GIRO,1,5,1,403.34,450.0,45.46,55.7,107.8,156.7,,162.5,100.0,22.0,169
26.229,GIRO,1,5,1,403.34,450.0,45.46,55.8,107.2,156.7,,162.5,100.0,22.0,169
26.255,GIRO,1,5,1,403.31,450.0,45.49,55.8,107.0,156.7,,162.5,100.0,22.0,169
26.28,GIRO,1,5,1,403.31,450.0,45.49,55.8,106.8,156.7,,162.5,100.0,22.0,169
26.305,GIRO,1,5,1,403.31,450.0,45.49,55.8,106.7,156.7,,162.5,100.0,22.0,169
26.33,GIRO,1,5,1,403.29,450.0,45.51,48.5,117.8,156.7,,171.0,100.0,22.0,177
26.355,GIRO,1,5,1,403.29,450.0,45.51,44.5,123.9,156.7,,171.0,100.0,22.0,177
26.381,GIRO,1,5,1,403.28,450.0,45.52,42.3,127.3,156.7,,171.0,100.0,22.0,177
26.405,GIRO,1,5,1,403.28,450.0,45.52,41.1,129.2,156.7,,171.0,100.0,22.0,177
26.43,GIRO,1,5,1,403.24,450.0,45.56,40.4,130.2,156.7,,171.0,100.0,22.0,177
26.455,GIRO,1,5,1,403.24,450.0,45.56,40.0,130.7,156.7,,171.0,100.0,22.0,177
26.48,GIRO,1,5,1,403.22,450.0,45.58,39.8,131.0,156.7,,171.0,100.0,22.0,177
26.507,GIRO,1,5,1,403.22,450.0,45.58,39.7,131.2,156.7,,171.0,100.0,22.0,177
26.531,GIRO,1,5,1,403.2,450.0,45.6,47.4,126.5,156.7,,177.4,100.0,22.0,172
26.555,GIRO,1,5,1,403.2,450.0,45.6,51.6,123.9,156.7,,177.4,100.0,22.0,172
26.581,GIRO,1,5,1,403.17,450.0,45.63,53.9,122.4,156.7,,177.4,100.0,22.0,172
26.606,GIRO,1,5,1,403.17,450.0,45.63,55.2,121.6,156.7,,177.4,100.0,22.0,172
26.63,GIRO,1,5,1,403.17,450.0,45.63,55.9,121.2,156.7,,177.4,100.0,22.0,172
26.655,GIRO,1,5,1,403.15,450.0,45.65,56.3,121.0,156.7,,177.4,100.0,22.0,172
26.681,GIRO,1,5,1,403.15,450.0,45.65,56.5,120.8,156.7,,177.4,100.0,22.0,172
26.706,GIRO,1,5,1,403.13,450.0,45.67,56.6,120.8,156.7,,177.4,100.0,22.0,172
26.731,GIRO,1,5,1,403.13,450.0,45.67,61.5,125.2,156.7,,198.2,100.0,22.0,179
26.756,GIRO,1,5,1,403.1,450.0,45.7,64.3,127.7,156.7,,198.2,100.0,22.0,179
26.781,GIRO,1,5,1,403.1,450.0,45.7,65.8,129.0,156.7,,198.2,100.0,22.0,179
26.806,GIRO,1,5,1,403.08,450.0,45.72,66.6,129.7,156.7,,198.2,100.0,22.0,179
26.832,GIRO,1,5,1,403.08,450.0,45.72,67.0,130.2,156.7,,198.2,100.0,22.0,179
26.856,GIRO,1,5,1,403.04,450.0,45.76,67.3,130.4,156.7,,198.2,100.0,22.0,179
26.881,GIRO,1,5,1,403.04,450.0,45.76,67.4,130.5,156.7,,198.2,100.0,22.0,179
26.908,GIRO,1,5,1,403.03,450.0,45.77,67.5,130.6,156.7,,198.2,100.0,22.0,179
26.932,GIRO,1,5,1,403.03,450.0,45.77,67.2,124.7,156.7,,184.2,100.0,22.0,175
26.956,GIRO,1,5,1,403.03,450.0,45.77,67.0,121.4,156.7,,184.2,100.0,22.0,175
26.981,GIRO,1,5,1,403.01,450.0,45.79,66.9,119.6,156.7,,184.2,100.0,22.0,175
27.006,GIRO,1,5,1,403.01,450.0,45.79,66.9,118.6,156.7,,184.2,100.0,22.0,175
27.032,GIRO,1,5,1,402.99,450.0,45.81,66.8,118.1,156.7,,184.2,100.0,22.0,175
27.057,GIRO,1,5,1,402.99,450.0,45.81,66.8,117.8,156.7,,184.2,100.0,22.0,175
27.082,GIRO,1,5,1,402.98,450.0,45.82,66.8,117.6,156.7,,184.2,100.0,22.0,175
27.107,GIRO,1,5,1,402.98,450.0,45.82,66.8,117.6,156.7,,184.2,100.0,22.0,175
27.132,GIRO,1,5,1,402.96,450.0,45.84,67.3,118.7,156.7,,188.1,100.0,22.0,175
27.158,GIRO,1,5,1,402.96,450.0,45.84,67.6,119.4,156.7,,188.1,100.0,22.0,175
27.182,GIRO,1,5,1,402.92,450.0,45.88,67.8,119.7,156.7,,188.1,100.0,22.0,175
27.207,GIRO,1,5,1,402.92,450.0,45.88,67.8,119.9,156.7,,188.1,100.0,22.0,175
27.232,GIRO,1,5,1,402.9,450.0,45.9,67.9,120.0,156.7,,188.1,100.0,22.0,175
27.257,GIRO,1,5,1,402.9,450.0,45.9,67.9,120.1,156.7,,188.1,100.0,22.0,175
27.283,GIRO,1,5,1,402.9,450.0,45.9,67.9,120.1,156.7,,188.1,100.0,22.0,175
27.307,GIRO,1,5,1,402.88,450.0,45.92,67.9,120.1,156.7,,188.1,100.0,22.0,175
27.332,GIRO,1,5,1,402.88,450.0,45.92,63.8,115.6,156.7,,168.8,100.0,22.0,170
27.357,GIRO,1,5,1,402.85,450.0,45.95,61.5,113.1,156.7,,168.8,100.0,22.0,170
27.382,GIRO,1,5,1,402.85,450.0,45.95,60.2,111.8,156.7,,168.8,100.0,22.0,170
27.407,GIRO,1,5,1,402.84,450.0,45.96,59.6,111.0,156.7,,168.8,100.0,22.0,170
27.432,GIRO,1,5,1,402.84,450.0,45.96,59.2,110.6,156.7,,168.8,100.0,22.0,170
27.457,GIRO,1,5,1,402.8,450.0,46.0,59.0,110.4,156.7,,168.8,100.0,22.0,170
27.485,GIRO,1,5,1,402.8,450.0,46.0,58.9,110.3,156.7,,168.8,100.0,22.0,170
27.508,GIRO,1,5,1,402.78,450.0,46.02,58.8,110.2,156.7,,168.8,100.0,22.0,170
27.533,GIRO,1,5,1,402.78,450.0,46.02,72.1,119.2,156.7,,218.6,100.0,22.0,175
27.558,GIRO,1,5,1,402.78,450.0,46.02,79.4,124.2,156.7,,218.6,100.0,22.0,175
27.583,GIRO,1,5,1,402.77,450.0,46.03,83.4,127.0,156.7,,218.6,100.0,22.0,175
27.608,GIRO,1,5,1,402.77,450.0,46.03,85.6,128.5,156.7,,218.6,100.0,22.0,175
27.633,GIRO,1,5,1,402.75,450.0,46.05,86.9,129.3,156.7,,218.6,100.0,22.0,175
27.658,GIRO,1,5,1,402.75,450.0,46.05,87.5,129.7,156.7,,218.6,100.0,22.0,175
27.683,GIRO,1,5,1,402.73,450.0,46.07,87.9,130.0,156.7,,218.6,100.0,22.0,175
27.71,GIRO,1,5,1,402.73,450.0,46.07,88.1,130.1,156.7,,218.6,100.0,22.0,175
27.733,GIRO,1,5,1,402.71,450.0,46.09,74.2,119.4,156.7,,163.4,100.0,22.0,169
27.758,GIRO,1,5,1,402.71,450.0,46.09,66.5,113.5,156.7,,163.4,100.0,22.0,169
27.783,GIRO,1,5,1,402.68,450.0,46.12,62.3,110.3,156.7,,163.4,100.0,22.0,169
27.808,GIRO,1,5,1,402.68,450.0,46.12,60.0,108.5,156.7,,163.4,100.0,22.0,169
27.833,GIRO,1,5,1,402.66,450.0,46.14,58.7,107.5,156.7,,163.4,100.0,22.0,169
27.858,GIRO,1,5,1,402.66,450.0,46.14,58.0,106.9,156.7,,163.4,100.0,22.0,169
27.883,GIRO,1,5,1,402.66,450.0,46.14,57.6,106.7,156.7,,163.4,100.0,22.0,169
27.909,GIRO,1,5,1,402.65,450.0,46.15,75.0,109.9,156.7,,210.0,100.0,22.0,171
27.934,GIRO,1,5,1,402.65,450.0,46.15,84.5,111.6,156.7,,210.0,100.0,22.0,171
27.959,GIRO,1,5,1,402.61,450.0,46.19,89.8,112.6,156.7,,210.0,100.0,22.0,171
27.984,GIRO,1,5,1,402.61,450.0,46.19,92.7,113.1,156.7,,210.0,100.0,22.0,171
28.009,GIRO,1,5,1,402.59,450.0,46.21,94.3,113.4,156.7,,210.0,100.0,22.0,171
28.034,GIRO,1,5,1,402.59,450.0,46.21,95.1,113.6,156.7,,210.0,100.0,22.0,171
28.059,GIRO,1,5,1,402.57,450.0,46.23,95.6,113.7,156.7,,210.0,100.0,22.0,171
28.084,GIRO,1,5,1,402.57,450.0,46.23,95.9,113.7,156.7,,210.0,100.0,22.0,171
28.109,GIRO,1,5,1,402.54,450.0,46.26,80.7,113.3,156.7,,175.1,100.0,22.0,172
28.136,GIRO,1,5,1,402.54,450.0,46.26,72.4,113.1,156.7,,175.1,100.0,22.0,172
28.159,GIRO,1,5,1,402.52,450.0,46.28,67.8,113.0,156.7,,175.1,100.0,22.0,172
28.184,GIRO,1,5,1,402.52,450.0,46.28,65.3,113.0,156.7,,175.1,100.0,22.0,172
28.21,GIRO,1,5,1,402.48,450.0,46.32,63.9,112.9,156.7,,175.1,100.0,22.0,172
28.234,GIRO,1,5,1,402.48,450.0,46.32,63.1,112.9,156.7,,175.1,100.0,22.0,172
28.259,GIRO,1,5,1,402.48,450.0,46.32,62.7,112.9,156.7,,175.1,100.0,22.0,172
28.284,GIRO,1,5,1,402.47,450.0,46.33,62.5,112.9,156.7,,175.1,100.0,22.0,172
28.31,GIRO,1,5,1,402.47,450.0,46.33,60.7,115.7,156.7,,177.7,100.0,22.0,165
28.334,GIRO,1,5,1,402.45,450.0,46.35,59.7,117.3,156.7,,177.7,100.0,22.0,165
28.36,GIRO,1,5,1,402.45,450.0,46.35,59.1,118.1,156.7,,177.7,100.0,22.0,165
28.385,GIRO,1,5,1,402.42,450.0,46.38,58.8,118.6,156.7,,177.7,100.0,22.0,165
28.41,GIRO,1,5,1,402.42,450.0,46.38,58.7,118.9,156.7,,177.7,100.0,22.0,165
28.435,GIRO,1,5,1,402.4,450.0,46.4,58.6,119.0,156.7,,177.7,100.0,22.0,165
28.46,GIRO,1,5,1,402.4,450.0,46.4,58.5,119.1,156.7,,177.7,100.0,22.0,165
28.485,GIRO,1,5,1,402.39,450.0,46.41,58.5,119.1,156.7,,177.7,100.0,22.0,165
28.51,GIRO,1,5,1,402.39,450.0,46.41,76.4,116.8,156.7,,212.2,100.0,22.0,166
28.535,GIRO,1,5,1,402.39,450.0,46.41,86.2,115.6,156.7,,212.2,100.0,22.0,166
28.56,GIRO,1,5,1,402.35,450.0,46.45,91.6,114.9,156.7,,212.2,100.0,22.0,166
28.585,SIGUE_MURO,1,5,1,402.35,450.0,61.22,94.6,114.5,156.7,,212.2,100.0,22.0,166
28.61,RECUPERANDO,1,5,1,402.33,450.0,61.22,96.2,114.3,156.7,,212.2,-60.0,-38.0,166
28.635,RECUPERANDO,1,5,1,402.33,450.0,61.22,97.1,114.1,156.7,,212.2,60.0,-38.0,166
28.661,RECUPERANDO,1,5,1,402.31,450.0,61.22,97.6,114.1,156.7,,212.2,-60.0,-38.0,166
28.687,RECUPERANDO,1,5,1,402.31,450.0,61.22,97.9,114.0,156.7,,212.2,60.0,-38.0,166
28.711,RECUPERANDO,1,5,1,402.28,450.0,61.22,97.3,104.9,156.7,,190.5,-60.0,-38.0,170
28.735,RECUPERANDO,1,5,1,402.28,450.0,61.22,97.0,99.9,156.7,,190.5,60.0,-38.0,170
28.761,RECUPERANDO,1,5,1,402.26,450.0,61.22,96.8,97.2,156.7,,190.5,-60.0,-38.0,170
28.786,RECUPERANDO,1,5,1,402.26,450.0,61.22,96.8,95.7,156.7,,190.5,60.0,-38.0,170
28.811,RECUPERANDO,1,5,1,402.25,450.0,61.22,96.7,94.8,156.7,,190.5,-60.0,-38.0,170
28.836,RECUPERANDO,1,5,1,402.25,450.0,61.22,96.7,94.4,156.7,,190.5,60.0,-38.0,170
28.861,RECUPERANDO,1,5,1,402.25,450.0,61.22,96.7,94.1,156.7,,190.5,-60.0,-38.0,170
28.886,RECUPERANDO,1,5,1,402.18,450.0,61.22,96.7,94.0,156.7,,190.5,60.0,-38.0,170
28.911,RECUPERANDO,1,5,1,402.18,450.0,61.22,97.4,112.3,156.7,,233.0,-60.0,-38.0,163
28.936,RECUPERANDO,1,5,1,402.18,450.0,61.22,97.8,122.4,156.7,,233.0,60.0,-38.0,163
28.961,RECUPERANDO,1,5,1,402.18,450.0,61.22,98.1,127.9,156.7,,233.0,-60.0,-38.0,163
28.986,RECUPERANDO,1,5,1,402.03,450.0,61.22,98.2,130.9,156.7,,233.0,60.0,-38.0,163
29.013,RECUPERANDO,1,5,1,402.03,450.0,61.22,98.3,132.6,156.7,,233.0,-60.0,-38.0,163
29.037,RECUPERANDO,1,5,1,400.65,450.0,61.22,98.3,133.5,156.7,,233.0,60.0,-38.0,163
29.061,RECUPERANDO,1,5,1,400.65,450.0,61.22,98.3,134.0,156.7,,233.0,-60.0,-38.0,163
29.086,RECUPERANDO,1,5,1,398.89,450.0,61.22,98.3,134.3,156.7,,233.0,60.0,-38.0,163
29.11,RECUPERANDO,1,5,1,398.89,450.0,61.22,,140.0,156.7,,,-60.0,-38.0,214
29.136,RECUPERANDO,1,5,1,396.93,450.0,61.22,,143.0,156.7,,,60.0,-38.0,214
29.161,RECUPERANDO,1,5,1,396.93,450.0,61.22,,144.8,156.7,,,-60.0,-38.0,214
29.185,RECUPERANDO,1,5,1,396.93,450.0,61.22,,145.7,156.7,,,60.0,-38.0,214
29.211,RECUPERANDO,1,5,1,396.67,450.0,61.22,,146.2,156.7,,,-60.0,-38.0,214
29.237,RECUPERANDO,1,5,1,396.67,450.0,61.22,,146.5,156.7,,,60.0,-38.0,214
29.261,RECUPERANDO,1,5,1,397.25,450.0,61.22,,146.6,156.7,,,-60.0,-38.0,214
29.286,RECUPERANDO,1,5,1,397.25,450.0,61.22,,146.7,156.7,,,60.0,-38.0,214
29.311,RECUPERANDO,1,5,1,399.82,450.0,61.22,,137.9,156.7,,,-60.0,-38.0,214
29.335,RECUPERANDO,1,5,1,399.82,450.0,61.22,,133.0,156.7,,,60.0,-38.0,214
29.361,RECUPERANDO,1,5,1,400.71,450.0,61.22,,130.3,156.7,,,-60.0,-38.0,214
29.386,RECUPERANDO,1,5,1,400.71,450.0,61.22,,128.9,156.7,,,60.0,-38.0,214
29.411,RECUPERANDO,1,5,1,400.83,450.0,61.22,,128.1,156.7,,,-60.0,-38.0,214
29.436,RECUPERANDO,1,5,1,400.83,450.0,61.22,,127.6,156.7,,,60.0,-38.0,214
29.461,RECUPERANDO,1,5,1,398.99,450.0,61.22,,127.4,156.7,,,-60.0,-38.0,214
29.486,RECUPERANDO,1,5,1,398.99,450.0,61.22,,127.2,156.7,,,60.0,-38.0,214
29.51,RECUPERANDO,1,5,1,398.99,450.0,61.22,,,171.9,,,-60.0,-38.0,214
29.535,SIGUE_MURO,1,5,1,396.45,450.0,52.35,,,180.3,,,-49.5,24.9,214
29.56,SIGUE_MURO,1,5,1,396.45,450.0,52.35,,,184.9,,,-39.0,26.4,214
29.585,SIGUE_MURO,1,5,1,393.11,450.0,55.69,,,187.4,,,-28.4,27.9,214
29.61,SIGUE_MURO,1,5,1,393.11,450.0,55.69,,,188.8,,,-17.9,29.4,214
29.635,SIGUE_MURO,1,5,1,386.47,450.0,62.33,,,189.5,,,-7.4,30.9,214
29.66,SIGUE_MURO,1,5,1,386.47,450.0,62.33,,,190.0,,,3.1,31.5,214
29.685,SIGUE_MURO,1,5,1,383.43,450.0,65.37,,,190.2,,,13.7,30.0,214
29.712,SIGUE_MURO,1,5,1,383.43,450.0,64.63,230.4,,220.9,,,24.2,28.5,214
29.737,SIGUE_MURO,1,5,1,380.37,450.0,67.69,230.4,,237.8,,,34.7,27.0,214
29.762,SIGUE_MURO,1,5,1,380.37,450.0,67.69,230.4,,247.0,,,45.3,25.5,214
29.787,SIGUE_MURO,1,5,1,380.07,450.0,67.99,230.4,,252.1,,,55.8,24.0,214
29.813,SIGUE_MURO,1,5,1,380.07,450.0,67.99,230.4,,254.9,,,66.3,22.5,214
29.837,SIGUE_MURO,1,5,1,380.07,450.0,67.99,230.4,,256.5,,,76.8,22.0,214
29.862,SIGUE_MURO,1,5,1,379.69,450.0,68.37,230.4,,257.3,,,87.4,22.0,214
29.887,SIGUE_MURO,1,5,1,379.69,450.0,68.37,230.4,,257.8,,,97.9,22.0,214
29.913,SIGUE_MURO,1,5,1,379.69,450.0,67.94,227.7,,278.3,,,100.0,22.0,209
29.937,SIGUE_MURO,1,5,1,379.69,450.0,67.7,226.2,,289.5,,,100.0,22.0,209
29.962,SIGUE_MURO,1,5,1,380.16,450.0,67.1,225.4,,295.7,,,100.0,22.0,209
29.987,SIGUE_MURO,1,5,1,380.16,450.0,67.03,224.9,,299.1,,,100.0,22.0,209
30.013,SIGUE_MURO,1,5,1,381.25,450.0,65.9,224.7,,301.0,,,100.0,22.0,209
30.037,SIGUE_MURO,1,5,1,381.25,450.0,65.88,224.6,,302.0,,,100.0,22.0,209
30.062,SIGUE_MURO,1,5,1,385.73,450.0,61.39,224.5,,302.6,,,100.0,22.0,209
30.087,SIGUE_MURO,1,5,1,385.73,450.0,61.38,224.4,,302.9,,,100.0,22.0,209
30.112,SIGUE_MURO,1,5,1,387.98,450.0,60.82,,,292.4,,,100.0,22.0,214
30.137,SIGUE_MURO,1,5,1,387.98,450.0,60.82,,,286.7,,,100.0,22.0,214
30.161,SIGUE_MURO,1,5,1,387.98,450.0,60.82,,,283.5,,,100.0,22.0,214
30.186,GIRO,1,6,1,390.49,540.0,148.31,,,281.7,,,100.0,22.0,214
30.212,GIRO,1,6,1,390.49,540.0,148.31,,,280.8,,,100.0,22.0,214
30.237,GIRO,1,6,1,394.98,540.0,143.82,,,280.3,,,100.0,22.0,214
30.262,GIRO,1,6,1,394.98,540.0,143.82,,,280.0,,,100.0,22.0,214
30.287,GIRO,1,6,1,397.3,540.0,141.5,,,279.8,,,100.0,22.0,214
30.312,GIRO,1,6,1,397.3,540.0,141.5,,,260.3,,,100.0,22.0,214
30.337,GIRO,1,6,1,399.7,540.0,139.1,,,249.5,,,100.0,22.0,214
30.363,GIRO,1,6,1,399.7,540.0,139.1,,,243.6,,,100.0,22.0,214
30.387,GIRO,1,6,1,404.37,540.0,134.43,,,240.4,,,100.0,22.0,214
30.412,GIRO,1,6,1,404.37,540.0,134.43,,,238.6,,,100.0,22.0,214
30.437,GIRO,1,6,1,406.89,540.0,131.91,,,237.6,,,100.0,22.0,214
30.462,GIRO,1,6,1,406.89,540.0,131.91,,,237.1,,,100.0,22.0,214
30.487,GIRO,1,6,1,406.89,540.0,131.91,,,236.8,,,100.0,22.0,214
30.512,GIRO,1,6,1,411.79,540.0,127.01,,,220.2,,,100.0,22.0,214
30.537,GIRO,1,6,1,411.79,540.0,127.01,,,211.1,,,100.0,22.0,214
30.564,GIRO,1,6,1,414.21,540.0,124.59,,,206.1,,,100.0,22.0,214
30.587,GIRO,1,6,1,414.21,540.0,124.59,,,203.3,,,100.0,22.0,214
30.612,GIRO,1,6,1,416.92,540.0,121.88,,,201.8,,,100.0,22.0,214
30.637,GIRO,1,6,1,416.92,540.0,121.88,,,200.9,,,100.0,22.0,214
30.663,GIRO,1,6,1,421.56,540.0,117.24,,,200.5,,,100.0,22.0,214
30.688,GIRO,1,6,1,421.56,540.0,117.24,,,200.2,,,100.0,22.0,214
30.713,GIRO,1,6,1,423.79,540.0,115.01,,,181.5,,,100.0,22.0,214
30.738,GIRO,1,6,1,423.79,540.0,115.01,,,171.3,,,100.0,22.0,214
30.763,GIRO,1,6,1,425.8,540.0,113.0,,,165.6,,,100.0,22.0,214
30.788,GIRO,1,6,1,425.8,540.0,113.0,,,162.5,,,100.0,22.0,214
30.813,GIRO,1,6,1,425.8,540.0,113.0,,,160.8,,,100.0,22.0,214
30.838,GIRO,1,6,1,429.4,540.0,109.4,,,159.9,,,100.0,22.0,214
30.863,GIRO,1,6,1,429.4,540.0,109.4,,,159.4,,,100.0,22.0,214
30.888,GIRO,1,6,1,431.31,540.0,107.49,,,159.1,,,100.0,22.0,214
30.914,GIRO,1,6,1,431.31,540.0,107.49,,,158.0,,,100.0,22.0,212
30.939,GIRO,1,6,1,433.18,540.0,105.62,,,157.5,,,100.0,22.0,212
30.964,GIRO,1,6,1,433.18,540.0,105.62,,,157.1,,,100.0,22.0,212
30.989,GIRO,1,6,1,436.86,540.0,101.94,,,157.0,,,100.0,22.0,212
31.014,GIRO,1,6,1,436.86,540.0,101.94,,,156.9,,,100.0,22.0,212
31.039,GIRO,1,6,1,439.08,540.0,99.72,,,156.8,,,100.0,22.0,212
31.064,GIRO,1,6,1,439.08,540.0,99.72,,,156.8,,,100.0,22.0,212
31.089,GIRO,1,6,1,441.25,540.0,97.55,,,156.8,,,100.0,22.0,212
31.115,GIRO,1,6,1,441.25,540.0,97.55,,,156.8,,,100.0,22.0,171
31.139,GIRO,1,6,1,441.25,540.0,97.55,,,156.8,,,100.0,22.0,171
31.164,GIRO,1,6,1,445.87,540.0,92.93,,,156.8,,,100.0,22.0,171
31.189,GIRO,1,6,1,445.87,540.0,92.93,,,156.8,,,100.0,22.0,171
31.214,GIRO,1,6,1,448.1,540.0,90.7,,,156.8,,,100.0,22.0,171
31.239,GIRO,1,6,1,448.1,540.0,90.7,,,156.8,,,100.0,22.0,171
31.264,GIRO,1,6,1,450.45,540.0,88.35,,,156.8,,,100.0,22.0,171
31.289,GIRO,1,6,1,450.45,540.0,88.35,,,156.7,,,100.0,22.0,171
31.314,GIRO,1,6,1,454.97,540.0,83.83,,,156.7,,,100.0,22.0,193
31.34,GIRO,1,6,1,454.97,540.0,83.83,,,156.7,,,100.0,22.0,193
31.364,GIRO,1,6,1,457.28,540.0,81.52,,,156.7,,,100.0,22.0,193
31.39,GIRO,1,6,1,457.28,540.0,81.52,,,156.7,,,100.0,22.0,193
31.415,GIRO,1,6,1,461.88,540.0,76.92,,,156.7,,,100.0,22.0,193
31.44,GIRO,1,6,1,461.88,540.0,76.92,,,156.7,,,100.0,22.0,193
31.465,GIRO,1,6,1,464.2,540.0,74.6,,,156.7,,,100.0,22.0,193
31.49,GIRO,1,6,1,464.2,540.0,74.6,,,156.7,,,100.0,22.0,193
31.516,GIRO,1,6,1,464.2,540.0,74.6,,24.1,156.7,,,100.0,22.0,194
31.541,GIRO,1,6,1,466.31,540.0,72.49,,24.1,156.7,,,100.0,22.0,194
31.567,GIRO,1,6,1,466.31,540.0,72.49,,24.1,156.7,,,100.0,22.0,194
31.591,GIRO,1,6,1,470.86,540.0,67.94,,24.1,156.7,,,100.0,22.0,194
31.616,GIRO,1,6,1,470.86,540.0,67.94,,24.1,156.7,,,100.0,22.0,194
31.641,GIRO,1,6,1,472.99,540.0,65.81,,24.1,156.7,,,100.0,22.0,194
31.668,GIRO,1,6,1,472.99,540.0,65.81,,24.1,156.7,,,100.0,22.0,194
31.692,GIRO,1,6,1,475.28,540.0,63.52,,24.1,156.7,,,100.0,22.0,194
31.717,GIRO,1,6,1,475.28,540.0,63.52,46.5,,1076.2,,,100.0,22.0,155
31.743,GIRO,1,6,1,479.8,540.0,59.0,46.5,,1581.9,,,100.0,22.0,155
31.768,GIRO,1,6,1,479.8,540.0,59.0,46.5,,1860.1,,,100.0,22.0,155
31.793,GIRO,1,6,1,482.22,540.0,56.58,46.5,,2013.0,,,100.0,22.0,155
31.818,GIRO,1,6,1,482.22,540.0,56.58,46.5,,2097.2,,,100.0,22.0,155
31.843,GIRO,1,6,1,482.22,540.0,56.58,46.5,,2143.4,,,100.0,22.0,155
31.868,GIRO,1,6,1,484.66,540.0,54.14,46.5,,2168.9,,,100.0,22.0,155
31.894,GIRO,1,6,1,484.66,540.0,54.14,46.5,,2182.9,,,100.0,22.0,155
31.918,GIRO,1,6,1,489.45,540.0,49.35,79.0,,2190.6,,,100.0,22.0,117
31.943,GIRO,1,6,1,489.45,540.0,49.35,96.9,,2194.8,,,100.0,22.0,117
31.968,GIRO,1,6,1,491.88,540.0,46.92,106.8,,2197.2,,,100.0,22.0,117
31.994,GIRO,1,6,1,491.88,540.0,46.92,112.2,,2198.4,,,100.0,22.0,117
32.018,GIRO,1,6,1,494.34,540.0,44.46,115.2,,2199.1,,,100.0,22.0,117
32.043,GIRO,1,6,1,494.34,540.0,44.46,116.8,,2199.5,,,100.0,22.0,117
32.068,GIRO,1,6,1,498.89,540.0,39.91,117.7,,2199.7,,,95.8,22.0,117
32.093,GIRO,1,6,1,498.89,540.0,39.91,118.2,,2199.9,,,95.8,22.0,117
32.119,GIRO,1,6,1,500.94,540.0,37.86,157.9,1041.6,2199.9,,1248.0,90.9,22.0,100
32.143,GIRO,1,6,1,500.94,540.0,37.86,179.7,1041.6,2200.0,,1248.0,90.9,22.0,100
32.169,GIRO,1,6,1,500.94,540.0,37.86,191.7,1041.6,2200.0,,1248.0,90.9,22.0,100
32.194,GIRO,1,6,1,504.72,540.0,34.08,198.3,1041.6,2200.0,,1248.0,81.8,22.0,100
32.22,GIRO,1,6,1,504.72,540.0,34.08,201.9,1041.6,2200.0,,1248.0,81.8,22.0,100
32.244,GIRO,1,6,1,506.67,540.0,32.13,203.9,1041.6,2200.0,,1248.0,77.1,22.0,100
32.269,GIRO,1,6,1,506.67,540.0,32.13,205.0,1041.6,2200.0,,1248.0,77.1,22.0,100
32.294,GIRO,1,6,1,508.86,540.0,29.94,205.6,1041.6,2200.0,,1248.0,71.8,22.0,100
32.321,GIRO,1,6,1,508.86,540.0,29.94,241.4,949.1,2200.0,,1121.2,71.8,22.0,135
32.344,GIRO,1,6,1,513.18,540.0,25.62,261.1,898.2,2200.0,,1121.2,61.5,23.1,135
32.369,GIRO,1,6,1,513.18,540.0,25.62,272.0,870.2,2200.0,,1121.2,61.5,23.1,135
32.395,GIRO,1,6,1,515.5,540.0,23.3,277.9,854.8,2200.0,,1121.2,55.9,23.9,135
32.42,GIRO,1,6,1,515.5,540.0,23.3,281.2,846.4,2200.0,,1121.2,55.9,23.9,135
32.446,GIRO,1,6,1,517.83,540.0,20.97,283.0,841.7,2200.0,,1121.2,50.3,24.8,135
32.47,GIRO,1,6,1,517.83,540.0,20.97,284.0,839.2,2200.0,,1121.2,50.3,24.8,135
32.494,GIRO,1,6,1,517.83,540.0,20.97,284.5,837.7,2200.0,,1121.2,50.3,24.8,135
32.52,GIRO,1,6,1,522.8,540.0,16.0,880.5,831.1,2200.0,,2431.9,39.8,26.3,142
32.545,GIRO,1,6,1,522.8,540.0,16.0,1208.3,827.5,2200.0,,2431.9,38.4,26.5,142
32.57,GIRO,1,6,1,525.19,540.0,13.61,1388.6,825.5,2200.0,,2431.9,32.7,27.3,142
32.595,GIRO,1,6,1,525.19,540.0,13.61,1487.7,824.4,2200.0,,2431.9,32.7,27.3,142
32.62,GIRO,1,6,1,527.52,540.0,11.28,1542.2,823.8,2200.0,,2431.9,27.1,28.1,142
32.645,GIRO,1,6,1,527.52,540.0,11.28,1572.2,823.5,2200.0,,2431.9,27.1,28.1,142
32.671,SIGUE_MURO,1,6,1,532.02,540.0,32.78,1588.7,823.3,2200.0,,2431.9,37.6,37.4,142
32.695,SIGUE_MURO,1,6,1,532.02,540.0,32.7,1597.8,823.2,2200.0,,2431.9,48.1,35.3,142
32.719,SIGUE_MURO,1,6,1,534.21,540.0,30.44,1458.6,,1665.2,1641.1,,58.6,33.1,139
32.744,SIGUE_MURO,1,6,1,534.21,540.0,30.36,1382.0,,1371.1,1641.1,,69.2,31.0,139
32.769,SIGUE_MURO,1,6,1,534.21,540.0,30.29,1339.9,,1209.3,1641.1,,72.7,30.3,139
32.794,SIGUE_MURO,1,6,1,538.1,540.0,26.32,1316.7,,1120.3,1641.1,,63.2,32.2,139
32.819,SIGUE_MURO,1,6,1,538.1,540.0,26.25,1304.0,,1071.4,1641.1,,63.0,32.2,139
32.844,SIGUE_MURO,1,6,1,539.94,540.0,24.34,1297.0,,1044.4,1641.1,,58.4,33.2,139
32.869,SIGUE_MURO,1,6,1,539.94,540.0,24.28,1293.1,,1029.6,1641.1,,58.3,33.2,139
32.896,SIGUE_MURO,1,6,1,541.63,540.0,22.54,1291.0,,1021.5,1641.1,,54.1,34.0,139
32.92,SIGUE_MURO,1,6,1,541.63,540.0,22.54,,78.2,887.4,,,54.1,34.0,151
32.945,SIGUE_MURO,1,6,1,545.86,540.0,18.31,,78.2,813.7,,,43.9,36.1,151
32.97,SIGUE_MURO,1,6,1,545.86,540.0,18.31,,78.2,773.1,,,43.9,36.1,151
32.995,SIGUE_MURO,1,6,1,548.58,540.0,15.59,,78.2,750.8,,,37.4,37.4,151
33.021,SIGUE_MURO,1,6,1,548.58,540.0,15.59,,78.2,738.6,,,37.4,37.1,151
33.046,SIGUE_MURO,1,6,1,551.49,540.0,12.68,,78.2,731.8,,,30.4,38.4,151
33.071,SIGUE_MURO,1,6,1,551.49,540.0,12.68,,78.2,728.1,,,30.4,38.3,151
33.097,SIGUE_MURO,1,6,1,557.31,540.0,6.86,,78.2,726.1,,,19.9,40.3,151
33.12,SIGUE_MURO,1,6,1,557.31,540.0,-19.14,,,656.1,,,9.4,40.5,152
33.145,SIGUE_MURO,1,6,1,557.31,540.0,-19.14,,,617.7,,,-1.1,41.0,152
33.17,SIGUE_MURO,1,6,1,560.28,540.0,-22.11,,,596.5,,,-11.7,38.4,152
33.195,SIGUE_MURO,1,6,1,560.28,540.0,-22.11,,,584.9,,,-22.2,36.2,152
33.22,SIGUE_MURO,1,6,1,563.09,540.0,-24.92,,,578.5,,,-32.7,34.2,152
33.245,SIGUE_MURO,1,6,1,563.09,540.0,-24.92,,,575.0,,,-43.2,32.2,152
33.27,SIGUE_MURO,1,6,1,568.4,540.0,-30.23,,,573.0,,,-53.8,30.2,152
33.295,SIGUE_MURO,1,6,1,568.4,540.0,-30.23,,,572.0,,,-64.3,28.3,152
33.322,SIGUE_MURO,1,6,1,570.29,540.0,-35.65,146.8,,532.6,589.2,,-74.8,25.7,106
33.345,SIGUE_MURO,1,6,1,570.29,540.0,-35.65,146.8,,511.0,589.2,,-85.3,23.5,106
33.371,SIGUE_MURO,1,6,1,572.96,540.0,-38.32,146.8,,499.1,589.2,,-92.0,22.1,106
33.395,SIGUE_MURO,1,6,1,572.96,540.0,-38.32,146.8,,492.5,589.2,,-92.0,22.0,106
33.421,SIGUE_MURO,1,6,1,572.96,540.0,-38.32,146.8,,488.9,589.2,,-92.0,22.0,106
33.446,SIGUE_MURO,1,6,1,573.07,540.0,-38.43,146.8,,487.0,589.2,,-92.2,22.0,106
33.471,SIGUE_MURO,1,6,1,573.07,540.0,-38.43,146.8,,485.9,589.2,,-92.2,22.0,106
33.496,SIGUE_MURO,1,6,1,572.83,540.0,-38.19,146.8,,485.3,589.2,,-91.6,22.0,106
33.52,SIGUE_MURO,1,6,1,572.83,540.0,-34.66,,,452.4,,,-83.2,22.8,85
33.545,SIGUE_MURO,1,6,1,570.62,540.0,-32.45,,,434.3,,,-77.9,23.3,85
33.57,SIGUE_MURO,1,6,1,570.62,540.0,-32.45,,,424.3,,,-77.9,23.1,85
33.595,SIGUE_MURO,1,6,1,568.78,540.0,-30.61,,,418.8,,,-73.5,23.7,85
33.62,SIGUE_MURO,1,6,1,568.78,540.0,-30.61,,,415.8,,,-73.5,23.7,85
33.646,SIGUE_MURO,1,6,1,566.85,540.0,-28.68,,,414.2,,,-68.8,24.4,85
33.67,SIGUE_MURO,1,6,1,566.85,540.0,-28.68,,,413.3,,,-68.8,24.3,85
33.695,SIGUE_MURO,1,6,1,562.97,540.0,-24.8,,,412.8,,,-59.5,25.8,85
33.721,SIGUE_MURO,1,6,1,562.97,540.0,-50.72,47.6,,402.1,673.7,,-70.0,23.9,79
33.748,SIGUE_MURO,1,6,1,562.97,540.0,-50.65,47.6,,396.2,673.7,,-80.6,22.2,79
33.772,SIGUE_MURO,1,6,1,561.01,540.0,-48.61,47.6,,393.0,673.7,,-91.1,22.0,79
33.797,SIGUE_MURO,1,6,1,561.01,540.0,-48.54,47.6,,391.2,673.7,,-100.0,22.0,79
33.822,SIGUE_MURO,1,6,1,559.14,540.0,-46.59,47.6,,390.3,673.7,,-100.0,22.0,79
33.847,SIGUE_MURO,1,6,1,559.14,540.0,-46.52,47.6,,389.7,673.7,,-100.0,22.0,79
33.872,SIGUE_MURO,1,6,1,555.73,540.0,-43.03,47.6,,389.4,673.7,,-100.0,22.0,79
33.897,SIGUE_MURO,1,6,1,555.73,540.0,-42.96,47.6,,389.3,673.7,,-100.0,22.0,79
33.923,SIGUE_MURO,1,6,1,554.02,540.0,-38.23,91.4,,396.9,723.6,,-91.8,22.0,113
33.948,SIGUE_MURO,1,6,1,554.02,540.0,-34.38,115.4,,401.0,723.6,,-82.5,22.0,113
33.974,SIGUE_MURO,1,6,1,552.41,540.0,-30.66,128.6,,403.3,723.6,,-73.6,23.4,113
33.998,SIGUE_MURO,1,6,1,552.41,540.0,-29.49,135.9,,404.6,723.6,,-70.8,23.9,113
34.024,SIGUE_MURO,1,6,1,548.86,540.0,-25.3,139.9,,405.3,723.6,,-60.7,25.5,113
34.048,SIGUE_MURO,1,6,1,548.86,540.0,-24.95,142.1,,405.7,723.6,,-59.9,25.6,113
34.075,SIGUE_MURO,1,6,1,546.81,540.0,-22.71,143.3,,405.9,723.6,,-54.5,26.5,113
34.098,SIGUE_MURO,1,6,1,546.81,540.0,-22.6,144.0,,406.0,723.6,,-54.2,26.5,113
34.123,SIGUE_MURO,1,6,1,546.81,540.0,14.67,,118.6,390.2,,,-43.7,27.8,168
34.148,SIGUE_MURO,1,6,1,542.96,540.0,18.52,,118.6,381.6,,,-33.2,29.2,168
34.173,SIGUE_MURO,1,6,1,542.96,540.0,18.52,,118.6,376.8,,,-22.7,30.7,168
34.199,SIGUE_MURO,1,6,1,540.97,540.0,20.51,,118.6,374.2,,,-12.1,32.3,168
34.223,SIGUE_MURO,1,6,1,540.97,540.0,20.51,,118.6,372.8,,,-1.6,33.9,168
34.248,SIGUE_MURO,1,6,1,539.44,540.0,22.04,,118.6,372.0,,,8.9,32.7,168
34.273,GIRO,1,7,1,539.44,630.0,89.33,,118.6,371.5,,,19.4,29.2,168
34.299,GIRO,1,7,1,536.85,630.0,91.92,,118.6,371.3,,,30.0,27.7,168
34.323,GIRO,1,7,1,536.85,630.0,91.92,,150.2,411.3,,,40.5,26.2,144
34.348,GIRO,1,7,1,536.19,630.0,92.58,,167.6,433.3,,,51.0,24.7,144
34.373,GIRO,1,7,1,536.19,630.0,92.58,,177.2,445.4,,,61.5,23.1,144
34.398,GIRO,1,7,1,536.19,630.0,92.58,,182.4,452.1,,,72.1,22.0,144
34.424,GIRO,1,7,1,535.79,630.0,92.98,,185.3,455.7,,,82.6,22.0,144
34.448,GIRO,1,7,1,535.79,630.0,92.98,,186.9,457.7,,,93.1,22.0,144
34.473,GIRO,1,7,1,536.21,630.0,92.56,,187.8,458.8,,,100.0,22.0,144
34.498,GIRO,1,7,1,536.21,630.0,92.56,,188.3,459.5,,,100.0,22.0,144
34.523,GIRO,1,7,1,537.27,630.0,91.5,,,381.0,,,100.0,22.0,190
34.547,GIRO,1,7,1,537.27,630.0,91.5,,,337.9,,,100.0,22.0,190
34.573,GIRO,1,7,1,538.78,630.0,89.99,,,314.2,,,100.0,22.0,190
34.598,GIRO,1,7,1,538.78,630.0,89.99,,,301.1,,,100.0,22.0,190
34.623,GIRO,1,7,1,543.61,630.0,85.16,,,293.9,,,100.0,22.0,190
34.648,GIRO,1,7,1,543.61,630.0,85.16,,,290.0,,,100.0,22.0,190
34.673,GIRO,1,7,1,546.09,630.0,82.68,,,287.8,,,100.0,22.0,190
34.697,GIRO,1,7,1,546.09,630.0,82.68,,,286.6,,,100.0,22.0,190
34.722,GIRO,1,7,1,546.09,630.0,82.68,,,251.3,,,100.0,22.0,214
34.749,GIRO,1,7,1,548.62,630.0,80.15,,,231.9,,,100.0,22.0,214
34.773,GIRO,1,7,1,548.62,630.0,80.15,,,221.3,,,100.0,22.0,214
34.798,GIRO,1,7,1,553.55,630.0,75.22,,,215.4,,,100.0,22.0,214
34.823,GIRO,1,7,1,553.55,630.0,75.22,,,212.2,,,100.0,22.0,214
34.848,GIRO,1,7,1,555.7,630.0,73.07,,,210.4,,,100.0,22.0,214
34.873,GIRO,1,7,1,555.7,630.0,73.07,,,209.4,,,100.0,22.0,214
34.898,GIRO,1,7,1,559.99,630.0,68.78,,,208.9,,,100.0,22.0,214
34.923,GIRO,1,7,1,559.99,630.0,68.78,,,189.3,,,100.0,22.0,214
34.948,GIRO,1,7,1,562.11,630.0,66.66,,,178.6,,,100.0,22.0,214
34.973,GIRO,1,7,1,562.11,630.0,66.66,,,172.7,,,100.0,22.0,214
34.999,GIRO,1,7,1,564.18,630.0,64.59,,,169.4,,,100.0,22.0,214
35.024,GIRO,1,7,1,564.18,630.0,64.59,,,167.6,,,100.0,22.0,214
35.048,GIRO,1,7,1,564.18,630.0,64.59,,,166.6,,,100.0,22.0,214
35.073,GIRO,1,7,1,568.78,630.0,59.99,,,166.1,,,100.0,22.0,214
35.098,GIRO,1,7,1,568.78,630.0,59.99,,,165.8,,,100.0,22.0,214
35.123,GIRO,1,7,1,571.09,630.0,57.68,,,161.7,,,100.0,22.0,214
35.148,GIRO,1,7,1,571.09,630.0,57.68,,,159.5,,,100.0,22.0,214
35.175,GIRO,1,7,1,573.47,630.0,55.3,,,158.3,,,100.0,22.0,214
35.199,GIRO,1,7,1,573.47,630.0,55.3,,,157.6,,,100.0,22.0,214
35.224,GIRO,1,7,1,578.29,630.0,50.48,,,157.2,,,100.0,22.0,214
35.249,GIRO,1,7,1,578.29,630.0,50.48,,,157.0,,,100.0,22.0,214
35.274,GIRO,1,7,1,580.63,630.0,48.14,,,156.9,,,100.0,22.0,214
35.299,GIRO,1,7,1,580.63,630.0,48.14,,,156.8,,,100.0,22.0,214
35.325,GIRO,1,7,1,583.12,630.0,45.65,,,156.8,,,100.0,22.0,155
35.349,GIRO,1,7,1,583.12,630.0,45.65,,,156.8,,,100.0,22.0,155
35.375,GIRO,1,7,1,583.12,630.0,45.65,,,156.8,,,100.0,22.0,155
35.4,GIRO,1,7,1,587.39,630.0,41.38,,,156.8,,,99.3,22.0,155
35.425,GIRO,1,7,1,587.39,630.0,41.38,,,156.8,,,99.3,22.0,155
35.45,GIRO,1,7,1,589.33,630.0,39.44,,,156.8,,,94.7,22.0,155
35.475,GIRO,1,7,1,589.33,630.0,39.44,,,156.8,,,94.7,22.0,155
35.5,GIRO,1,7,1,587.89,630.0,40.88,,,156.8,,,98.1,22.0,155
35.527,GIRO,1,7,1,587.89,630.0,40.88,31.3,,156.8,,,98.1,22.0,115
35.552,GIRO,1,7,1,587.91,630.0,40.86,31.3,,156.7,,,98.1,22.0,115
35.577,GIRO,1,7,1,587.91,630.0,40.86,31.3,,156.7,,,98.1,22.0,115
35.602,GIRO,1,7,1,587.79,630.0,40.98,31.3,,156.7,,,98.4,22.0,115
35.627,GIRO,1,7,1,587.79,630.0,40.98,31.3,,156.7,,,98.4,22.0,115
35.652,GIRO,1,7,1,587.77,630.0,41.0,31.3,,156.7,,,98.4,22.0,115
35.678,GIRO,1,7,1,587.77,630.0,41.0,31.3,,156.7,,,98.4,22.0,115
35.702,GIRO,1,7,1,587.77,630.0,41.0,31.3,,156.7,,,98.4,22.0,115
35.728,GIRO,1,7,1,587.8,630.0,40.97,,71.8,156.7,,,98.3,22.0,123
35.753,GIRO,1,7,1,587.8,630.0,40.97,,71.8,156.7,,,98.3,22.0,123
35.778,GIRO,1,7,1,587.8,630.0,40.97,,71.8,156.7,,,98.3,22.0,123
35.803,GIRO,1,7,1,587.8,630.0,40.97,,71.8,156.7,,,98.3,22.0,123
35.828,GIRO,1,7,1,587.74,630.0,41.03,,71.8,156.7,,,98.5,22.0,123
35.853,GIRO,1,7,1,587.74,630.0,41.03,,71.8,156.7,,,98.5,22.0,123
35.878,GIRO,1,7,1,587.72,630.0,41.05,,71.8,156.7,,,98.5,22.0,123
35.903,GIRO,1,7,1,587.72,630.0,41.05,,71.8,156.7,,,98.5,22.0,123
35.928,GIRO,1,7,1,587.72,630.0,41.05,,72.4,1076.2,,,98.5,22.0,126
35.954,GIRO,1,7,1,587.72,630.0,41.05,,72.7,1581.9,,,98.5,22.0,126
35.978,GIRO,1,7,1,587.7,630.0,41.07,,72.8,1860.1,,,98.6,22.0,126
36.003,GIRO,1,7,1,587.7,630.0,41.07,,72.9,2013.0,,,98.6,22.0,126
36.029,GIRO,1,7,1,587.7,630.0,41.07,,73.0,2097.2,,,98.6,22.0,126
36.053,GIRO,1,7,1,587.7,630.0,41.07,,73.0,2143.4,,,98.6,22.0,126
36.079,GIRO,1,7,1,587.7,630.0,41.07,,73.0,2168.9,,,98.6,22.0,126
36.103,GIRO,1,7,1,587.67,630.0,41.1,,73.0,2182.9,,,98.6,22.0,126
36.129,GIRO,1,7,1,587.67,630.0,41.1,36.4,,2190.6,,,98.6,22.0,126
36.154,GIRO,1,7,1,587.62,630.0,41.15,36.4,,2194.8,,,98.8,22.0,126
36.179,GIRO,1,7,1,587.62,630.0,41.15,36.4,,2197.2,,,98.8,22.0,126
36.204,GIRO,1,7,1,587.6,630.0,41.17,36.4,,2198.4,,,98.8,22.0,126
36.229,GIRO,1,7,1,587.6,630.0,41.17,36.4,,2199.1,,,98.8,22.0,126
36.254,GIRO,1,7,1,587.57,630.0,41.2,36.4,,2199.5,,,98.9,22.0,126
36.279,GIRO,1,7,1,587.57,630.0,41.2,36.4,,2199.7,,,98.9,22.0,126
36.304,GIRO,1,7,1,587.57,630.0,41.2,36.4,,2199.9,,,98.9,22.0,126
36.329,GIRO,1,7,1,587.57,630.0,41.2,,71.8,2199.9,,,98.9,22.0,123
36.354,GIRO,1,7,1,587.57,630.0,41.2,,71.8,2200.0,,,98.9,22.0,123
36.379,GIRO,1,7,1,587.57,630.0,41.2,,71.8,2200.0,,,98.9,22.0,123
36.405,GIRO,1,7,1,587.57,630.0,41.2,,71.8,2200.0,,,98.9,22.0,123
36.429,GIRO,1,7,1,587.5,630.0,41.27,,71.8,2200.0,,,99.1,22.0,123
36.454,GIRO,1,7,1,587.5,630.0,41.27,,71.8,2200.0,,,99.1,22.0,123
36.48,GIRO,1,7,1,587.47,630.0,41.3,,71.8,2200.0,,,99.1,22.0,123
36.504,GIRO,1,7,1,587.47,630.0,41.3,,71.8,2200.0,,,99.1,22.0,123
36.53,GIRO,1,7,1,587.41,630.0,41.36,,71.1,2200.0,,,99.3,22.0,122
36.555,GIRO,1,7,1,587.41,630.0,41.36,,70.7,2200.0,,,99.3,22.0,122
36.58,GIRO,1,7,1,587.35,630.0,41.42,,70.5,2200.0,,,99.4,22.0,122
36.605,GIRO,1,7,1,587.35,630.0,41.42,,70.4,2200.0,,,99.4,22.0,122
36.63,GIRO,1,7,1,587.35,630.0,41.42,,70.3,2200.0,,,99.4,22.0,122
36.655,GIRO,1,7,1,587.35,630.0,41.42,,70.3,2200.0,,,99.4,22.0,122
36.68,GIRO,1,7,1,587.35,630.0,41.42,,70.2,2200.0,,,99.4,22.0,122
36.705,GIRO,1,7,1,587.31,630.0,41.46,,70.2,2200.0,,,99.5,22.0,122
36.73,GIRO,1,7,1,587.31,630.0,41.46,,69.6,1280.5,,,99.5,22.0,118
36.755,GIRO,1,7,1,587.28,630.0,41.49,,69.3,774.8,,,99.6,22.0,118
36.78,GIRO,1,7,1,587.28,630.0,41.49,,69.1,496.7,,,99.6,22.0,118
36.805,GIRO,1,7,1,587.25,630.0,41.52,,69.0,343.7,,,99.7,22.0,118
36.831,GIRO,1,7,1,587.25,630.0,41.52,,69.0,259.6,,,99.7,22.0,118
36.855,GIRO,1,7,1,587.22,630.0,41.55,,69.0,213.3,,,99.7,22.0,118
36.88,GIRO,1,7,1,587.22,630.0,41.55,,68.9,187.9,,,99.7,22.0,118
36.905,GIRO,1,7,1,587.17,630.0,41.6,,68.9,173.9,,,99.8,22.0,118
36.929,GIRO,1,7,1,587.17,630.0,41.6,,,166.2,,,99.8,22.0,107
36.955,GIRO,1,7,1,587.15,630.0,41.62,,,161.9,,,99.9,22.0,107
36.98,GIRO,1,7,1,587.15,630.0,41.62,,,159.6,,,99.9,22.0,107
37.005,GIRO,1,7,1,587.15,630.0,41.62,,,158.3,,,99.9,22.0,107
37.031,GIRO,1,7,1,587.13,630.0,41.64,,,157.6,,,99.9,22.0,107
37.055,GIRO,1,7,1,587.13,630.0,41.64,,,157.2,,,99.9,22.0,107
37.08,GIRO,1,7,1,587.09,630.0,41.68,,,157.0,,,100.0,22.0,107
37.105,GIRO,1,7,1,587.09,630.0,41.68,,,156.9,,,100.0,22.0,107
37.131,GIRO,1,7,1,587.07,630.0,41.7,,72.7,156.8,,,100.0,22.0,103
37.156,GIRO,1,7,1,587.07,630.0,41.7,,72.7,156.8,,,100.0,22.0,103
37.181,GIRO,1,7,1,587.03,630.0,41.74,,72.7,156.8,,,100.0,22.0,103
37.206,GIRO,1,7,1,587.03,630.0,41.74,,72.7,156.8,,,100.0,22.0,103
37.231,GIRO,1,7,1,587.01,630.0,41.76,,72.7,156.8,,,100.0,22.0,103
37.256,GIRO,1,7,1,587.01,630.0,41.76,,72.7,156.8,,,100.0,22.0,103
37.282,GIRO,1,7,1,586.99,630.0,41.78,,72.7,156.8,,,100.0,22.0,103
37.306,GIRO,1,7,1,586.99,630.0,41.78,,72.7,156.8,,,100.0,22.0,103
37.332,GIRO,1,7,1,586.99,630.0,41.78,199.7,,156.8,,,100.0,22.0,100
37.357,GIRO,1,7,1,586.95,630.0,41.82,199.7,,156.8,,,100.0,22.0,100
37.383,GIRO,1,7,1,586.95,630.0,41.82,199.7,,156.7,,,100.0,22.0,100
37.407,GIRO,1,7,1,586.93,630.0,41.84,199.7,,156.7,,,100.0,22.0,100
37.432,GIRO,1,7,1,586.93,630.0,41.84,199.7,,156.7,,,100.0,22.0,100
37.457,GIRO,1,7,1,586.91,630.0,41.86,199.7,,156.7,,,100.0,22.0,100
37.482,GIRO,1,7,1,586.91,630.0,41.86,199.7,,156.7,,,100.0,22.0,100
37.507,GIRO,1,7,1,586.87,630.0,41.9,199.7,,156.7,,,100.0,22.0,100
37.531,GIRO,1,7,1,586.87,630.0,41.9,,21.3,156.7,,,100.0,22.0,105
37.556,GIRO,1,7,1,586.84,630.0,41.93,,21.3,156.7,,,100.0,22.0,105
37.581,GIRO,1,7,1,586.84,630.0,41.93,,21.3,156.7,,,100.0,22.0,105
37.607,GIRO,1,7,1,586.82,630.0,41.95,,21.3,156.7,,,100.0,22.0,105
37.631,GIRO,1,7,1,586.82,630.0,41.95,,21.3,156.7,,,100.0,22.0,105
37.656,GIRO,1,7,1,586.82,630.0,41.95,,21.3,156.7,,,100.0,22.0,105
37.681,GIRO,1,7,1,586.78,630.0,41.99,,21.3,156.7,,,100.0,22.0,105
37.708,GIRO,1,7,1,586.78,630.0,41.99,,21.3,156.7,,,100.0,22.0,105
37.733,GIRO,1,7,1,586.77,630.0,42.0,1208.2,,156.7,,,100.0,22.0,120
37.758,GIRO,1,7,1,586.77,630.0,42.0,1208.2,,156.7,,,100.0,22.0,120
37.783,GIRO,1,7,1,586.74,630.0,42.03,1208.2,,156.7,,,100.0,22.0,120
37.808,GIRO,1,7,1,586.74,630.0,42.03,1208.2,,156.7,,,100.0,22.0,120
37.834,GIRO,1,7,1,586.7,630.0,42.07,1208.2,,156.7,,,100.0,22.0,120
37.858,GIRO,1,7,1,586.7,630.0,42.07,1208.2,,156.7,,,100.0,22.0,120
37.883,GIRO,1,7,1,586.68,630.0,42.09,1208.2,,156.7,,,100.0,22.0,120
37.909,GIRO,1,7,1,586.68,630.0,42.09,1208.2,,156.7,,,100.0,22.0,120
37.934,GIRO,1,7,1,586.65,630.0,42.12,,74.7,156.7,,,100.0,22.0,121
37.959,GIRO,1,7,1,586.65,630.0,42.12,,74.7,156.7,,,100.0,22.0,121
37.984,GIRO,1,7,1,586.65,630.0,42.12,,74.7,156.7,,,100.0,22.0,121
38.009,GIRO,1,7,1,586.63,630.0,42.14,,74.7,156.7,,,100.0,22.0,121
38.036,GIRO,1,7,1,586.63,630.0,42.14,,74.7,156.7,,,100.0,22.0,121
38.059,GIRO,1,7,1,586.61,630.0,42.16,,74.7,156.7,,,100.0,22.0,121
38.084,GIRO,1,7,1,586.61,630.0,42.16,,74.7,156.7,,,100.0,22.0,121
38.109,GIRO,1,7,1,586.57,630.0,42.2,,74.7,156.7,,,100.0,22.0,121
38.134,GIRO,1,7,1,586.57,630.0,42.2,197.6,83.6,156.7,,292.1,100.0,22.0,104
38.16,GIRO,1,7,1,586.55,630.0,42.22,197.6,88.5,156.7,,292.1,100.0,22.0,104
38.184,GIRO,1,7,1,586.55,630.0,42.22,197.6,91.2,156.7,,292.1,100.0,22.0,104
38.209,GIRO,1,7,1,586.53,630.0,42.24,197.6,92.7,156.7,,292.1,100.0,22.0,104
38.234,GIRO,1,7,1,586.53,630.0,42.24,197.6,93.5,156.7,,292.1,100.0,22.0,104
38.26,GIRO,1,7,1,586.49,630.0,42.28,197.6,94.0,156.7,,292.1,100.0,22.0,104
38.284,GIRO,1,7,1,586.49,630.0,42.28,197.6,94.2,156.7,,292.1,100.0,22.0,104
38.31,GIRO,1,7,1,586.49,630.0,42.28,197.6,94.3,156.7,,292.1,100.0,22.0,104
38.335,GIRO,1,7,1,586.47,630.0,42.3,198.2,84.9,156.7,,272.3,100.0,22.0,108
38.36,GIRO,1,7,1,586.47,630.0,42.3,198.5,79.8,156.7,,272.3,100.0,22.0,108
38.386,GIRO,1,7,1,586.45,630.0,42.32,198.7,76.9,156.7,,272.3,100.0,22.0,108
38.41,GIRO,1,7,1,586.45,630.0,42.32,198.8,75.3,156.7,,272.3,100.0,22.0,108
38.435,GIRO,1,7,1,586.41,630.0,42.36,198.8,74.5,156.7,,272.3,100.0,22.0,108
38.46,GIRO,1,7,1,586.41,630.0,42.36,198.9,74.0,156.7,,272.3,100.0,22.0,108
38.486,GIRO,1,7,1,586.38,630.0,42.39,198.9,73.7,156.7,,272.3,100.0,22.0,108
38.511,GIRO,1,7,1,586.38,630.0,42.39,198.9,73.6,156.7,,272.3,100.0,22.0,108
38.535,GIRO,1,7,1,586.34,630.0,42.43,200.9,683.9,156.7,,1633.2,100.0,22.0,110
38.56,GIRO,1,7,1,586.34,630.0,42.43,202.0,1019.6,156.7,,1633.2,100.0,22.0,110
38.585,GIRO,1,7,1,586.34,630.0,42.43,202.6,1204.2,156.7,,1633.2,100.0,22.0,110
38.611,GIRO,1,7,1,586.32,630.0,42.45,202.9,1305.7,156.7,,1633.2,100.0,22.0,110
38.636,GIRO,1,7,1,586.32,630.0,42.45,203.1,1361.6,156.7,,1633.2,100.0,22.0,110
38.66,GIRO,1,7,1,586.31,630.0,42.46,203.2,1392.3,156.7,,1633.2,100.0,22.0,110
38.686,GIRO,1,7,1,586.31,630.0,42.46,203.3,1409.2,156.7,,1633.2,100.0,22.0,110
38.711,GIRO,1,7,1,586.27,630.0,42.5,203.3,1418.5,156.7,,1633.2,100.0,22.0,110
38.735,GIRO,1,7,1,586.27,630.0,42.5,,821.4,156.7,,,100.0,22.0,107
38.76,GIRO,1,7,1,586.25,630.0,42.52,,493.0,156.7,,,100.0,22.0,107
38.785,SIGUE_MURO,1,7,1,586.25,630.0,42.52,,312.4,156.7,,,100.0,22.0,107
38.81,RECUPERANDO,1,7,1,586.23,630.0,42.52,,213.1,156.7,,,-60.0,-38.0,107
38.835,RECUPERANDO,1,7,1,586.23,630.0,42.52,,158.4,156.7,,,60.0,-38.0,107
38.86,RECUPERANDO,1,7,1,586.19,630.0,42.52,,128.4,156.7,,,-60.0,-38.0,107
38.885,RECUPERANDO,1,7,1,586.19,630.0,42.52,,111.8,156.7,,,60.0,-38.0,107
38.91,RECUPERANDO,1,7,1,586.19,630.0,42.52,,102.8,156.7,,,-60.0,-38.0,107
38.935,RECUPERANDO,1,7,1,586.17,630.0,42.52,,68.0,156.7,,,60.0,-38.0,108
38.96,RECUPERANDO,1,7,1,586.17,630.0,42.52,,48.8,156.7,,,-60.0,-38.0,108
38.985,RECUPERANDO,1,7,1,586.15,630.0,42.52,,38.3,156.7,,,60.0,-38.0,108
39.01,RECUPERANDO,1,7,1,586.15,630.0,42.52,,32.5,156.7,,,-60.0,-38.0,108
39.035,RECUPERANDO,1,7,1,586.14,630.0,42.52,,29.4,156.7,,,60.0,-38.0,108
39.06,RECUPERANDO,1,7,1,586.14,630.0,42.52,,27.6,156.7,,,-60.0,-38.0,108
39.086,RECUPERANDO,1,7,1,586.1,630.0,42.52,,26.6,156.7,,,60.0,-38.0,108
39.111,RECUPERANDO,1,7,1,586.1,630.0,42.52,,26.1,156.7,,,-60.0,-38.0,108
39.135,RECUPERANDO,1,7,1,586.43,630.0,42.52,,52.5,156.7,,,60.0,-38.0,108
39.161,RECUPERANDO,1,7,1,586.43,630.0,42.52,,67.0,156.7,,,-60.0,-38.0,108
39.186,RECUPERANDO,1,7,1,586.11,630.0,42.52,,75.0,156.7,,,60.0,-38.0,108
39.211,RECUPERANDO,1,7,1,586.11,630.0,42.52,,79.4,156.7,,,-60.0,-38.0,108
39.236,RECUPERANDO,1,7,1,586.11,630.0,42.52,,81.8,156.7,,,60.0,-38.0,108
39.261,RECUPERANDO,1,7,1,585.56,630.0,42.52,,83.1,156.7,,,-60.0,-38.0,108
39.286,RECUPERANDO,1,7,1,585.56,630.0,42.52,,83.9,156.7,,,60.0,-38.0,108
39.311,RECUPERANDO,1,7,1,585.33,630.0,42.52,,84.3,156.7,,,-60.0,-38.0,108
39.335,RECUPERANDO,1,7,1,585.33,630.0,42.52,,,156.7,,,60.0,-38.0,77
39.361,RECUPERANDO,1,7,1,586.05,630.0,42.52,,,156.7,,,-60.0,-38.0,77
39.386,RECUPERANDO,1,7,1,586.05,630.0,42.52,,,156.7,,,60.0,-38.0,77
39.411,RECUPERANDO,1,7,1,586.55,630.0,42.52,,,156.7,,,-60.0,-38.0,77
39.436,RECUPERANDO,1,7,1,586.55,630.0,42.52,,,156.7,,,60.0,-38.0,77
39.461,RECUPERANDO,1,7,1,585.56,630.0,42.52,,,156.7,,,-60.0,-38.0,77
39.486,RECUPERANDO,1,7,1,585.56,630.0,42.52,,,156.7,,,60.0,-38.0,77
39.511,RECUPERANDO,1,7,1,583.88,630.0,42.52,,,156.7,,,-60.0,-38.0,77
39.535,RECUPERANDO,1,7,1,583.88,630.0,42.52,,,156.7,,,60.0,-38.0,141
39.56,RECUPERANDO,1,7,1,583.88,630.0,42.52,,,156.7,,,-60.0,-38.0,141
39.585,RECUPERANDO,1,7,1,581.3,630.0,42.52,,,156.7,,,60.0,-38.0,141
39.61,RECUPERANDO,1,7,1,581.3,630.0,42.52,,,156.7,,,-60.0,-38.0,141
39.635,RECUPERANDO,1,7,1,574.48,630.0,42.52,,,156.7,,,60.0,-38.0,141
39.66,RECUPERANDO,1,7,1,574.48,630.0,42.52,,,156.7,,,-60.0,-38.0,141
39.688,RECUPERANDO,1,7,1,570.92,630.0,42.52,,,156.7,,,60.0,-38.0,141
39.712,SIGUE_MURO,1,7,1,570.92,630.0,57.85,,,156.7,,,70.5,22.0,141
39.736,SIGUE_MURO,1,7,1,567.93,630.0,60.84,,,180.7,,,81.1,22.0,149
39.761,SIGUE_MURO,1,7,1,567.93,630.0,60.84,,,193.9,,,91.6,22.0,149
39.785,SIGUE_MURO,1,7,1,564.29,630.0,64.48,,,201.2,,,100.0,22.0,149
39.811,SIGUE_MURO,1,7,1,564.29,630.0,64.48,,,205.2,,,100.0,22.0,149
39.836,SIGUE_MURO,1,7,1,563.93,630.0,64.84,,,207.4,,,100.0,22.0,149
39.861,SIGUE_MURO,1,7,1,563.93,630.0,64.84,,,208.6,,,100.0,22.0,149
39.886,SIGUE_MURO,1,7,1,563.93,630.0,64.84,,,209.2,,,100.0,22.0,149
39.915,SIGUE_MURO,1,7,1,564.28,630.0,83.53,,135.0,236.8,,,100.0,22.0,185
39.937,SIGUE_MURO,1,7,1,564.28,630.0,83.53,,135.0,251.9,,,100.0,22.0,185
39.962,SIGUE_MURO,1,7,1,565.29,630.0,82.52,,135.0,260.3,,,100.0,22.0,185
39.987,SIGUE_MURO,1,7,1,565.29,630.0,82.52,,135.0,264.8,,,100.0,22.0,185
40.014,SIGUE_MURO,1,7,1,565.18,630.0,82.63,,135.0,267.4,,,100.0,22.0,185
40.038,SIGUE_MURO,1,7,1,565.18,630.0,82.63,,135.0,268.7,,,100.0,22.0,185
40.063,SIGUE_MURO,1,7,1,565.02,630.0,82.79,,135.0,269.5,,,100.0,22.0,185
40.088,SIGUE_MURO,1,7,1,565.02,630.0,82.79,,135.0,269.9,,,100.0,22.0,185
40.114,SIGUE_MURO,1,7,1,565.7,630.0,77.76,115.1,129.5,1138.5,,238.0,100.0,24.8,116
40.139,SIGUE_MURO,1,7,1,565.7,630.0,78.43,115.1,126.5,1616.2,,238.0,100.0,24.8,116
40.164,SIGUE_MURO,1,7,1,567.45,630.0,77.05,115.1,124.9,1878.9,,238.0,100.0,24.8,116
40.189,SIGUE_MURO,1,7,1,567.45,630.0,77.25,115.1,124.0,2023.4,,238.0,100.0,24.8,116
40.214,SIGUE_MURO,1,7,1,567.45,630.0,77.37,115.1,123.5,2102.9,,238.0,100.0,24.8,116
40.239,SIGUE_MURO,1,7,1,571.39,630.0,73.49,115.1,123.2,2146.6,,238.0,100.0,24.8,116
40.264,SIGUE_MURO,1,7,1,571.39,630.0,73.52,115.1,123.0,2170.6,,238.0,100.0,24.8,116
40.289,SIGUE_MURO,1,7,1,573.68,630.0,71.25,115.1,123.0,2183.8,,238.0,100.0,24.8,116
40.313,SIGUE_MURO,1,7,1,573.68,630.0,81.09,,84.3,1323.4,,,100.0,24.8,132
40.338,SIGUE_MURO,1,7,1,575.99,630.0,78.78,,63.1,850.1,,,100.0,24.8,132
40.363,SIGUE_MURO,1,7,1,575.99,630.0,78.78,,51.4,589.8,,,100.0,22.2,132
40.388,GIRO,1,8,2,580.91,720.0,137.86,,45.0,446.7,,,100.0,22.0,132
40.413,GIRO,1,8,2,580.91,720.0,137.86,,41.4,367.9,,,100.0,22.0,132
40.438,GIRO,1,8,2,583.22,720.0,135.55,,39.5,324.6,,,100.0,22.0,132
40.464,GIRO,1,8,2,583.22,720.0,135.55,,38.4,300.8,,,100.0,22.0,132
40.489,GIRO,1,8,2,585.56,720.0,133.21,,37.8,287.7,,,100.0,22.0,132
40.513,GIRO,1,8,2,585.56,720.0,133.21,,435.4,256.8,,,100.0,22.0,100
40.538,GIRO,1,8,2,585.56,720.0,133.21,,654.1,239.7,,,100.0,22.0,100
40.563,GIRO,1,8,2,589.84,720.0,128.93,,774.3,230.4,,,100.0,22.0,100
40.589,GIRO,1,8,2,589.84,720.0,128.93,,840.5,225.2,,,100.0,22.0,100
40.614,GIRO,1,8,2,592.0,720.0,126.77,,876.9,222.4,,,100.0,22.0,100
40.639,GIRO,1,8,2,592.0,720.0,126.77,,896.9,220.8,,,100.0,22.0,100
40.664,GIRO,1,8,2,594.03,720.0,124.74,,907.9,220.0,,,100.0,22.0,100
40.689,GIRO,1,8,2,594.03,720.0,124.74,,913.9,219.5,,,100.0,22.0,100
40.715,GIRO,1,8,2,598.41,720.0,120.36,155.2,,935.8,367.3,,100.0,22.0,91
40.74,GIRO,1,8,2,598.41,720.0,120.36,155.2,,1329.8,367.3,,100.0,22.0,91
40.765,GIRO,1,8,2,600.62,720.0,118.15,155.2,,1546.5,367.3,,100.0,22.0,91
40.791,GIRO,1,8,2,600.62,720.0,118.15,155.2,,1665.7,367.3,,100.0,22.0,91
40.816,GIRO,1,8,2,605.36,720.0,113.41,155.2,,1731.3,367.3,,100.0,22.0,91
40.841,GIRO,1,8,2,605.36,720.0,113.41,155.2,,1767.3,367.3,,100.0,22.0,91
40.866,GIRO,1,8,2,605.36,720.0,113.41,155.2,,1787.1,367.3,,100.0,22.0,91
40.891,GIRO,1,8,2,607.77,720.0,111.0,155.2,,1798.1,367.3,,100.0,22.0,91
40.915,GIRO,1,8,2,607.77,720.0,111.0,356.9,,1978.9,,,100.0,22.0,80
40.94,GIRO,1,8,2,610.1,720.0,108.67,467.9,,2078.4,,,100.0,22.0,80
40.965,GIRO,1,8,2,610.1,720.0,108.67,528.9,,2133.1,,,100.0,22.0,80
40.99,GIRO,1,8,2,614.88,720.0,103.89,562.4,,2163.2,,,100.0,22.0,80
41.016,GIRO,1,8,2,614.88,720.0,103.89,580.9,,2179.8,,,100.0,22.0,80
41.04,GIRO,1,8,2,617.02,720.0,101.75,591.1,,2188.9,,,100.0,22.0,80
41.065,GIRO,1,8,2,617.02,720.0,101.75,596.6,,2193.9,,,100.0,22.0,80
41.09,GIRO,1,8,2,619.31,720.0,99.46,599.7,,2196.6,,,100.0,22.0,80
41.116,GIRO,1,8,2,619.31,720.0,99.46,685.1,,2198.1,,,100.0,22.0,120
41.14,GIRO,1,8,2,623.75,720.0,95.02,732.1,,2199.0,,,100.0,22.0,120
41.165,GIRO,1,8,2,623.75,720.0,95.02,758.0,,2199.4,,,100.0,22.0,120
41.19,GIRO,1,8,2,623.75,720.0,95.02,772.2,,2199.7,,,100.0,22.0,120
41.215,GIRO,1,8,2,626.1,720.0,92.67,780.0,,2199.8,,,100.0,22.0,120
41.241,GIRO,1,8,2,626.1,720.0,92.67,784.3,,2199.9,,,100.0,22.0,120
41.265,GIRO,1,8,2,628.52,720.0,90.25,786.7,,2199.9,,,100.0,22.0,120
41.29,GIRO,1,8,2,628.52,720.0,90.25,788.0,,2200.0,,,100.0,22.0,120
41.316,GIRO,1,8,2,633.4,720.0,85.37,928.7,,2200.0,1382.0,,100.0,22.0,117
41.342,GIRO,1,8,2,633.4,720.0,85.37,1006.0,,2200.0,1382.0,,100.0,22.0,117
41.366,GIRO,1,8,2,635.63,720.0,83.14,1048.6,,2200.0,1382.0,,100.0,22.0,117
41.39,GIRO,1,8,2,635.63,720.0,83.14,1072.0,,2200.0,1382.0,,100.0,22.0,117
41.416,GIRO,1,8,2,638.11,720.0,80.66,1084.9,,2200.0,1382.0,,100.0,22.0,117
41.441,GIRO,1,8,2,638.11,720.0,80.66,1091.9,,2200.0,1382.0,,100.0,22.0,117
41.466,GIRO,1,8,2,642.89,720.0,75.88,1095.8,,2200.0,1382.0,,100.0,22.0,117
41.491,GIRO,1,8,2,642.89,720.0,75.88,1098.0,,2200.0,1382.0,,100.0,22.0,117
41.516,GIRO,1,8,2,642.89,720.0,75.88,,,1564.3,,,100.0,22.0,131
41.541,GIRO,1,8,2,645.32,720.0,73.45,,,1214.7,,,100.0,22.0,131
41.566,GIRO,1,8,2,645.32,720.0,73.45,,,1022.4,,,100.0,22.0,131
41.591,GIRO,1,8,2,649.59,720.0,69.18,,,916.6,,,100.0,22.0,131
41.616,GIRO,1,8,2,649.59,720.0,69.18,,,858.4,,,100.0,22.0,131
41.641,GIRO,1,8,2,651.51,720.0,67.26,,,826.4,,,100.0,22.0,131
41.666,GIRO,1,8,2,651.51,720.0,67.26,,,808.8,,,100.0,22.0,131
41.691,GIRO,1,8,2,653.27,720.0,65.5,,,799.2,,,100.0,22.0,131
41.715,GIRO,1,8,2,653.27,720.0,65.5,,,748.5,,,100.0,22.0,178
41.74,GIRO,1,8,2,656.67,720.0,62.1,,,720.6,,,100.0,22.0,178
41.765,GIRO,1,8,2,656.67,720.0,62.1,,,705.3,,,100.0,22.0,178
41.791,GIRO,1,8,2,658.4,720.0,60.37,,,696.9,,,100.0,22.0,178
41.816,GIRO,1,8,2,658.4,720.0,60.37,,,692.3,,,100.0,22.0,178
41.841,GIRO,1,8,2,658.4,720.0,60.37,,,689.7,,,100.0,22.0,178
41.866,GIRO,1,8,2,660.35,720.0,58.42,,,688.3,,,100.0,22.0,178
41.891,GIRO,1,8,2,660.35,720.0,58.42,,,687.5,,,100.0,22.0,178
41.916,GIRO,1,8,2,664.53,720.0,54.24,,,655.4,,,100.0,22.0,214
41.941,GIRO,1,8,2,664.53,720.0,54.24,,,637.7,,,100.0,22.0,214
41.966,GIRO,1,8,2,666.83,720.0,51.94,,,627.9,,,100.0,22.0,214
41.991,GIRO,1,8,2,666.83,720.0,51.94,,,622.6,,,100.0,22.0,214
42.016,GIRO,1,8,2,669.17,720.0,49.6,,,619.6,,,100.0,22.0,214
42.041,GIRO,1,8,2,669.17,720.0,49.6,,,618.0,,,100.0,22.0,214
42.066,GIRO,1,8,2,673.82,720.0,44.95,,,617.1,,,100.0,22.0,214
42.091,GIRO,1,8,2,673.82,720.0,44.95,,,616.6,,,100.0,22.0,214
42.119,GIRO,1,8,2,676.09,720.0,42.68,,304.3,593.3,,,100.0,22.0,214
42.143,GIRO,1,8,2,676.09,720.0,42.68,,304.3,580.4,,,100.0,22.0,214
42.168,GIRO,1,8,2,678.43,720.0,40.34,,304.3,573.4,,,96.8,22.0,214
42.193,GIRO,1,8,2,678.43,720.0,40.34,,304.3,569.5,,,96.8,22.0,214
42.218,GIRO,1,8,2,678.43,720.0,40.34,,304.3,567.3,,,96.8,22.0,214
42.243,GIRO,1,8,2,683.16,720.0,35.61,,304.3,566.2,,,86.3,22.0,214
42.268,GIRO,1,8,2,683.16,720.0,35.61,,304.3,565.5,,,85.5,22.0,214
42.293,GIRO,1,8,2,685.47,720.0,33.3,,304.3,565.2,,,79.9,22.0,214
42.32,GIRO,1,8,2,685.47,720.0,33.3,317.7,206.8,584.9,,405.3,79.9,22.0,214
42.345,GIRO,1,8,2,689.79,720.0,28.98,317.7,153.1,595.8,,405.3,69.6,22.0,214
42.37,GIRO,1,8,2,689.79,720.0,28.98,317.7,123.6,601.8,,405.3,69.6,22.0,214
42.395,GIRO,1,8,2,692.06,720.0,26.71,317.7,107.4,605.1,,405.3,64.1,22.8,214
42.42,GIRO,1,8,2,692.06,720.0,26.71,317.7,98.5,606.9,,405.3,64.1,22.8,214
42.445,GIRO,1,8,2,694.44,720.0,24.33,317.7,93.6,607.9,,405.3,58.4,23.6,214
42.47,GIRO,1,8,2,694.44,720.0,24.33,317.7,90.9,608.4,,405.3,58.4,23.6,214
42.495,GIRO,1,8,2,694.44,720.0,24.33,317.7,89.4,608.7,,405.3,58.4,23.6,214
42.519,GIRO,1,8,2,699.26,720.0,19.51,314.3,,602.9,,,47.9,25.1,214
42.546,GIRO,1,8,2,699.26,720.0,19.51,312.4,,599.7,,,46.8,25.3,214
42.57,GIRO,1,8,2,701.47,720.0,17.3,311.4,,597.9,,,41.5,26.0,214
42.594,GIRO,1,8,2,701.47,720.0,17.3,310.9,,596.9,,,41.5,26.0,214
42.619,GIRO,1,8,2,704.0,720.0,14.77,310.5,,596.4,,,35.5,26.9,214
42.644,GIRO,1,8,2,704.0,720.0,14.77,310.4,,596.1,,,35.5,26.9,214
42.67,GIRO,1,8,2,708.65,720.0,10.12,310.3,,595.9,,,24.9,28.4,214
42.694,GIRO,1,8,2,708.65,720.0,10.12,310.2,,595.8,,,24.3,28.5,214
42.72,SIGUE_MURO,1,8,2,711.1,720.0,24.57,340.6,,579.2,,,34.8,33.8,213
42.744,SIGUE_MURO,1,8,2,711.1,720.0,27.25,357.3,,570.1,,,45.3,31.7,213
42.77,SIGUE_MURO,1,8,2,713.27,720.0,26.55,366.5,,565.1,,,55.9,29.7,213
42.795,SIGUE_MURO,1,8,2,713.27,720.0,27.36,371.6,,562.3,,,65.7,27.9,213
42.82,SIGUE_MURO,1,8,2,713.27,720.0,27.8,374.4,,560.8,,,66.7,27.7,213
42.845,SIGUE_MURO,1,8,2,717.47,720.0,23.85,375.9,,559.9,,,57.2,29.3,213
42.87,SIGUE_MURO,1,8,2,717.47,720.0,23.98,376.7,,559.5,,,57.6,29.3,213
42.895,SIGUE_MURO,1,8,2,719.48,720.0,22.04,377.2,,559.2,,,52.9,30.1,213
42.918,SIGUE_MURO,1,8,2,719.48,720.0,-0.71,,,572.7,,,42.4,32.3,204
42.943,SIGUE_MURO,1,8,2,723.22,720.0,-4.45,,,580.2,,,31.9,34.3,204
42.968,SIGUE_MURO,1,8,2,723.22,720.0,-4.45,,,584.2,,,21.3,36.4,204
42.995,SIGUE_MURO,1,8,2,725.47,720.0,-6.7,,,586.5,,,10.8,38.3,204
43.018,SIGUE_MURO,1,8,2,725.47,720.0,-6.7,,,587.7,,,0.3,40.3,204
43.044,SIGUE_MURO,1,8,2,728.13,720.0,-9.36,,,588.4,,,-10.2,38.5,204
43.069,SIGUE_MURO,1,8,2,728.13,720.0,-9.36,,,588.8,,,-20.8,36.6,204
43.094,SIGUE_MURO,1,8,2,733.8,720.0,-15.03,,,589.0,,,-31.3,34.7,204
43.119,SIGUE_MURO,1,8,2,733.8,720.0,-15.03,,,570.4,,,-36.1,33.4,214
43.144,SIGUE_MURO,1,8,2,733.8,720.0,-15.03,,,560.2,,,-36.1,33.1,214
43.169,SIGUE_MURO,1,8,2,736.61,720.0,-17.84,,,554.5,,,-42.8,31.8,214
43.194,SIGUE_MURO,1,8,2,736.61,720.0,-17.84,,,551.5,,,-42.8,31.7,214
43.22,SIGUE_MURO,1,8,2,738.71,720.0,-19.94,,,549.7,,,-47.8,30.8,214
43.244,SIGUE_MURO,1,8,2,738.71,720.0,-19.94,,,548.8,,,-47.8,30.8,214
43.269,SIGUE_MURO,1,8,2,741.97,720.0,-23.2,,,548.3,,,-55.7,29.4,214
43.294,SIGUE_MURO,1,8,2,741.97,720.0,-23.2,,,548.0,,,-55.7,29.4,214
43.32,SIGUE_MURO,1,8,2,742.48,720.0,-23.71,,,508.5,,,-56.9,28.3,214
43.344,SIGUE_MURO,1,8,2,742.48,720.0,-23.71,,,486.8,,,-56.9,27.8,214
43.369,SIGUE_MURO,1,8,2,742.5,720.0,-23.73,,,474.8,,,-56.9,27.6,214
43.394,SIGUE_MURO,1,8,2,742.5,720.0,-23.73,,,468.2,,,-56.9,27.4,214
43.419,SIGUE_MURO,1,8,2,741.63,720.0,-22.86,,,464.6,,,-54.9,27.7,214
43.445,SIGUE_MURO,1,8,2,741.63,720.0,-22.86,,,462.6,,,-54.9,27.6,214
43.47,SIGUE_MURO,1,8,2,741.63,720.0,-22.86,,,461.5,,,-54.9,27.6,214
43.495,SIGUE_MURO,1,8,2,741.0,720.0,-22.23,,,460.9,,,-53.3,27.9,214
43.521,RECUPERANDO,1,8,2,741.0,720.0,-22.23,,67.4,437.6,,,53.3,-38.0,214
43.547,RECUPERANDO,1,8,2,739.92,720.0,-22.23,,67.4,424.8,,,-53.3,-38.0,214
43.571,RECUPERANDO,1,8,2,739.92,720.0,-22.23,,67.4,417.7,,,53.3,-38.0,214
43.596,RECUPERANDO,1,8,2,737.96,720.0,-22.23,,67.4,413.9,,,-53.3,-38.0,214
43.621,RECUPERANDO,1,8,2,737.96,720.0,-22.23,,67.4,411.7,,,53.3,-38.0,214
43.646,RECUPERANDO,1,8,2,737.0,720.0,-22.23,,67.4,410.5,,,-53.3,-38.0,214
43.672,RECUPERANDO,1,8,2,737.0,720.0,-22.23,,67.4,409.9,,,53.3,-38.0,214
43.697,RECUPERANDO,1,8,2,735.18,720.0,-22.23,,67.4,409.5,,,-53.3,-38.0,214
43.723,RECUPERANDO,1,8,2,735.18,720.0,-22.23,402.5,95.3,392.2,,531.9,53.3,-38.0,214
43.748,RECUPERANDO,1,8,2,734.81,720.0,-22.23,402.5,110.6,382.7,,531.9,-53.3,-38.0,214
43.774,RECUPERANDO,1,8,2,734.81,720.0,-22.23,402.5,119.1,377.4,,531.9,53.3,-38.0,214
43.798,RECUPERANDO,1,8,2,734.81,720.0,-22.23,402.5,123.7,374.5,,531.9,-53.3,-38.0,214
43.823,RECUPERANDO,1,8,2,735.02,720.0,-22.23,402.5,126.3,372.9,,531.9,53.3,-38.0,214
43.848,RECUPERANDO,1,8,2,735.02,720.0,-22.23,402.5,127.7,372.1,,531.9,-53.3,-38.0,214
43.875,RECUPERANDO,1,8,2,734.92,720.0,-22.23,402.5,128.5,371.6,,531.9,53.3,-38.0,214
43.898,RECUPERANDO,1,8,2,734.92,720.0,-22.23,402.5,128.9,371.3,,531.9,-53.3,-38.0,214
43.923,RECUPERANDO,1,8,2,734.06,720.0,-22.23,394.7,111.4,366.9,,475.2,53.3,-38.0,214
43.948,RECUPERANDO,1,8,2,734.06,720.0,-22.23,390.4,101.8,364.4,,475.2,-53.3,-38.0,214
43.973,RECUPERANDO,1,8,2,732.35,720.0,-22.23,388.0,96.5,363.1,,475.2,53.3,-38.0,214
43.998,RECUPERANDO,1,8,2,732.35,720.0,-22.23,386.7,93.6,362.3,,475.2,-53.3,-38.0,214
44.024,RECUPERANDO,1,8,2,727.83,720.0,-22.23,386.0,92.0,361.9,,475.2,53.3,-38.0,214
44.048,RECUPERANDO,1,8,2,727.83,720.0,-22.23,385.6,91.1,361.7,,475.2,-53.3,-38.0,214
44.073,RECUPERANDO,1,8,2,726.28,720.0,-22.23,385.4,90.7,361.6,,475.2,53.3,-38.0,214
44.099,RECUPERANDO,1,8,2,726.28,720.0,-22.23,385.3,90.4,361.5,,475.2,-53.3,-38.0,214
44.124,RECUPERANDO,1,8,2,726.28,720.0,-22.23,383.8,122.7,385.7,,544.3,53.3,-38.0,214
44.148,RECUPERANDO,1,8,2,725.45,720.0,-22.23,383.0,140.5,399.0,,544.3,-53.3,-38.0,214
44.174,RECUPERANDO,1,8,2,725.45,720.0,-22.23,382.5,150.3,406.3,,544.3,53.3,-38.0,214
44.199,RECUPERANDO,1,8,2,726.18,720.0,-22.23,382.3,155.7,410.3,,544.3,-53.3,-38.0,214
44.224,RECUPERANDO,1,8,2,726.18,720.0,-22.23,382.2,158.7,412.5,,544.3,53.3,-38.0,214
44.249,RECUPERANDO,1,8,2,727.18,720.0,-22.23,382.1,160.3,413.7,,544.3,-53.3,-38.0,214
44.274,RECUPERANDO,1,8,2,727.18,720.0,-22.23,382.0,161.2,414.4,,544.3,53.3,-38.0,214
44.299,RECUPERANDO,1,8,2,727.85,720.0,-22.23,382.0,161.7,414.8,,544.3,-53.3,-38.0,214
44.324,RECUPERANDO,1,8,2,727.85,720.0,-22.23,396.8,153.8,438.7,536.9,559.0,53.3,-38.0,213
44.349,RECUPERANDO,1,8,2,727.14,720.0,-22.23,404.9,149.4,451.9,536.9,559.0,-53.3,-38.0,213
44.374,RECUPERANDO,1,8,2,727.14,720.0,-22.23,409.4,147.0,459.2,536.9,559.0,53.3,-38.0,213
44.399,RECUPERANDO,1,8,2,725.17,720.0,-22.23,411.9,145.7,463.2,536.9,559.0,-53.3,-38.0,213
44.424,SIGUE_MURO,1,8,2,725.17,720.0,4.93,413.2,145.0,465.3,536.9,559.0,-42.8,29.7,213
44.449,GIRO,1,9,2,725.17,810.0,83.6,413.9,144.6,466.6,536.9,559.0,-32.3,27.4,213
44.475,GIRO,1,9,2,719.67,810.0,89.1,414.4,144.4,467.2,536.9,559.0,-21.8,28.9,213
44.499,GIRO,1,9,2,719.67,810.0,89.1,414.6,144.2,467.6,536.9,559.0,-11.2,30.4,213
44.522,GIRO,1,9,2,716.68,810.0,92.09,,,516.7,,,-0.7,31.9,214
44.548,GIRO,1,9,2,716.68,810.0,92.09,,,543.7,,,9.8,30.6,214
44.572,GIRO,1,9,2,713.43,810.0,95.34,,,558.6,,,20.3,29.1,214
44.597,GIRO,1,9,2,713.43,810.0,95.34,,,566.7,,,30.9,27.6,214
44.622,GIRO,1,9,2,707.19,810.0,101.58,,,571.2,,,41.4,26.0,214
44.648,GIRO,1,9,2,707.19,810.0,101.58,,,573.7,,,51.9,24.5,214
44.673,GIRO,1,9,2,704.93,810.0,103.84,,,575.1,,,62.4,23.0,214
44.698,GIRO,1,9,2,704.93,810.0,103.84,,,575.8,,,73.0,22.0,214
44.723,GIRO,1,9,2,703.94,810.0,104.83,,,560.7,,,83.5,22.0,214
44.748,GIRO,1,9,2,703.94,810.0,104.83,,,552.4,,,94.0,22.0,214
44.773,GIRO,1,9,2,703.94,810.0,104.83,,,547.8,,,100.0,22.0,214
44.799,GIRO,1,9,2,703.84,810.0,104.93,,,545.3,,,100.0,22.0,214
44.823,GIRO,1,9,2,703.84,810.0,104.93,,,543.9,,,100.0,22.0,214
44.849,GIRO,1,9,2,704.37,810.0,104.4,,,543.1,,,100.0,22.0,214
44.874,GIRO,1,9,2,704.37,810.0,104.4,,,542.7,,,100.0,22.0,214
44.899,GIRO,1,9,2,705.67,810.0,103.1,,,542.5,,,100.0,22.0,214
44.926,GIRO,1,9,2,705.67,810.0,103.1,356.9,,547.3,,,100.0,22.0,197
44.951,GIRO,1,9,2,709.9,810.0,98.87,356.9,,550.0,,,100.0,22.0,197
44.976,GIRO,1,9,2,709.9,810.0,98.87,356.9,,551.4,,,100.0,22.0,197
45.001,GIRO,1,9,2,712.01,810.0,96.76,356.9,,552.3,,,100.0,22.0,197
45.027,GIRO,1,9,2,712.01,810.0,96.76,356.9,,552.7,,,100.0,22.0,197
45.051,GIRO,1,9,2,716.84,810.0,91.93,356.9,,552.9,,,100.0,22.0,197
45.076,GIRO,1,9,2,716.84,810.0,91.93,356.9,,553.1,,,100.0,22.0,197
45.1,GIRO,1,9,2,716.84,810.0,91.93,356.9,,553.1,,,100.0,22.0,197
45.124,GIRO,1,9,2,719.29,810.0,89.48,,,566.5,,,100.0,22.0,214
45.149,GIRO,1,9,2,719.29,810.0,89.48,,,573.9,,,100.0,22.0,214
45.174,GIRO,1,9,2,721.8,810.0,86.97,,,578.0,,,100.0,22.0,214
45.199,GIRO,1,9,2,721.8,810.0,86.97,,,580.2,,,100.0,22.0,214
45.224,GIRO,1,9,2,726.88,810.0,81.89,,,581.4,,,100.0,22.0,214
45.249,GIRO,1,9,2,726.88,810.0,81.89,,,582.1,,,100.0,22.0,214
45.274,GIRO,1,9,2,729.19,810.0,79.58,,,582.5,,,100.0,22.0,214
45.299,GIRO,1,9,2,729.19,810.0,79.58,,,582.7,,,100.0,22.0,214
45.324,GIRO,1,9,2,731.56,810.0,77.21,,,548.6,,,100.0,22.0,214
45.349,GIRO,1,9,2,731.56,810.0,77.21,,,529.9,,,100.0,22.0,214
45.374,GIRO,1,9,2,731.56,810.0,77.21,,,519.6,,,100.0,22.0,214
45.399,GIRO,1,9,2,736.54,810.0,72.23,,,513.9,,,100.0,22.0,214
45.424,GIRO,1,9,2,736.54,810.0,72.23,,,510.8,,,100.0,22.0,214
45.449,GIRO,1,9,2,738.94,810.0,69.83,,,509.1,,,100.0,22.0,214
45.474,GIRO,1,9,2,738.94,810.0,69.83,,,508.1,,,100.0,22.0,214
45.499,GIRO,1,9,2,741.37,810.0,67.4,,,507.6,,,100.0,22.0,214
45.524,GIRO,1,9,2,741.37,810.0,67.4,,,474.8,,,100.0,22.0,214
45.549,GIRO,1,9,2,746.42,810.0,62.35,,,456.8,,,100.0,22.0,214
45.574,GIRO,1,9,2,746.42,810.0,62.35,,,446.9,,,100.0,22.0,214
45.599,GIRO,1,9,2,748.8,810.0,59.97,,,441.5,,,100.0,22.0,214
45.625,GIRO,1,9,2,748.8,810.0,59.97,,,438.5,,,100.0,22.0,214
45.65,GIRO,1,9,2,751.16,810.0,57.61,,,436.8,,,100.0,22.0,214
45.675,GIRO,1,9,2,751.16,810.0,57.61,,,435.9,,,100.0,22.0,214
45.7,GIRO,1,9,2,751.16,810.0,57.61,,,435.4,,,100.0,22.0,214
45.725,GIRO,1,9,2,756.07,810.0,52.7,,,414.6,,,100.0,22.0,214
45.751,GIRO,1,9,2,756.07,810.0,52.7,,,403.1,,,100.0,22.0,214
45.775,GIRO,1,9,2,758.21,810.0,50.56,,,396.8,,,100.0,22.0,214
45.8,GIRO,1,9,2,758.21,810.0,50.56,,,393.3,,,100.0,22.0,214
45.825,GIRO,1,9,2,762.41,810.0,46.36,,,391.4,,,100.0,22.0,214
45.851,GIRO,1,9,2,762.41,810.0,46.36,,,390.4,,,100.0,22.0,214
45.875,GIRO,1,9,2,764.36,810.0,44.41,,,389.8,,,100.0,22.0,214
45.9,GIRO,1,9,2,764.36,810.0,44.41,,,389.5,,,100.0,22.0,214
45.927,GIRO,1,9,2,766.33,810.0,42.44,,158.3,369.8,,,100.0,22.0,214
45.952,GIRO,1,9,2,766.33,810.0,42.44,,158.3,359.0,,,100.0,22.0,214
45.977,GIRO,1,9,2,770.46,810.0,38.31,,158.3,353.1,,,92.0,22.0,214
46.002,GIRO,1,9,2,770.46,810.0,38.31,,158.3,349.8,,,92.0,22.0,214
46.028,GIRO,1,9,2,772.72,810.0,36.05,,158.3,348.0,,,86.5,22.0,214
46.052,GIRO,1,9,2,772.72,810.0,36.05,,158.3,347.1,,,86.5,22.0,214
46.079,GIRO,1,9,2,772.72,810.0,36.05,,158.3,346.5,,,86.5,22.0,214
46.102,GIRO,1,9,2,775.06,810.0,33.71,,158.3,346.2,,,80.9,22.0,214
46.127,GIRO,1,9,2,775.06,810.0,33.71,,138.9,328.4,,,80.9,22.0,214
46.152,GIRO,1,9,2,779.59,810.0,29.18,,128.2,318.5,,,70.4,22.0,214
46.178,GIRO,1,9,2,779.59,810.0,29.18,,122.4,313.1,,,70.0,22.0,214
46.203,GIRO,1,9,2,782.04,810.0,26.73,,119.1,310.2,,,64.2,22.8,214
46.227,GIRO,1,9,2,782.04,810.0,26.73,,117.4,308.5,,,64.2,22.8,214
46.252,GIRO,1,9,2,784.48,810.0,24.29,,116.4,307.6,,,58.3,23.6,214
46.277,GIRO,1,9,2,784.48,810.0,24.29,,115.8,307.2,,,58.3,23.6,214
46.303,GIRO,1,9,2,789.48,810.0,19.29,,115.5,306.9,,,47.8,25.1,214
46.328,GIRO,1,9,2,789.48,810.0,19.29,,,293.4,,,46.3,25.3,212
46.353,GIRO,1,9,2,789.48,810.0,19.29,,,286.0,,,46.3,25.3,212
46.378,GIRO,1,9,2,792.04,810.0,16.73,,,281.9,,,40.2,26.2,212
46.404,GIRO,1,9,2,792.04,810.0,16.73,,,279.7,,,40.2,26.2,212
46.428,GIRO,1,9,2,794.4,810.0,14.37,,,278.4,,,34.5,27.0,212
46.453,GIRO,1,9,2,794.4,810.0,14.37,,,277.7,,,34.5,27.0,212
46.478,SIGUE_MURO,1,9,2,799.36,810.0,9.41,,,277.4,,,24.0,28.5,212
46.503,SIGUE_MURO,1,9,2,799.36,810.0,9.41,,,277.2,,,22.6,28.7,212
46.529,SIGUE_MURO,1,9,2,801.91,810.0,1.89,203.4,,295.8,,,12.1,30.3,183
46.553,SIGUE_MURO,1,9,2,801.91,810.0,1.96,203.4,,306.0,,,4.7,31.5,183
46.578,SIGUE_MURO,1,9,2,806.22,810.0,-2.27,203.4,,311.7,,,-5.5,31.5,183
46.603,SIGUE_MURO,1,9,2,806.22,810.0,-2.2,203.4,,314.8,,,-5.3,31.7,183
46.629,SIGUE_MURO,1,9,2,808.3,810.0,-4.2,203.4,,316.5,,,-10.1,31.0,183
46.653,SIGUE_MURO,1,9,2,808.3,810.0,-4.13,203.4,,317.4,,,-9.9,31.1,183
46.678,SIGUE_MURO,1,9,2,808.3,810.0,-4.05,203.4,,317.9,,,-9.7,31.1,183
46.703,SIGUE_MURO,1,9,2,810.36,810.0,-6.04,203.4,,318.2,,,-14.5,30.4,183
46.728,SIGUE_MURO,1,9,2,810.36,810.0,-0.98,,,303.7,,,-4.0,31.5,199
46.753,SIGUE_MURO,1,9,2,813.98,810.0,-4.6,,,295.7,,,-11.1,30.4,199
46.778,SIGUE_MURO,1,9,2,813.98,810.0,-4.6,,,291.2,,,-11.1,30.4,199
46.803,SIGUE_MURO,1,9,2,815.32,810.0,-5.94,,,288.8,,,-14.3,29.9,199
46.828,SIGUE_MURO,1,9,2,815.32,810.0,-5.94,,,287.5,,,-14.3,29.9,199
46.853,SIGUE_MURO,1,9,2,816.08,810.0,-6.7,,,286.8,,,-16.1,29.7,199
46.878,SIGUE_MURO,1,9,2,816.08,810.0,-6.7,,,286.4,,,-16.1,29.7,199
46.903,SIGUE_MURO,1,9,2,817.15,810.0,-7.77,,,286.1,,,-18.7,29.3,199
46.93,SIGUE_MURO,1,9,2,817.15,810.0,-12.21,124.1,,1147.4,441.8,,-29.2,39.1,176
46.957,SIGUE_MURO,1,9,2,817.7,810.0,-12.76,124.1,,1621.1,441.8,,-30.6,38.8,176
46.98,SIGUE_MURO,1,9,2,817.7,810.0,-12.76,124.1,,1881.6,441.8,,-30.6,38.8,176
47.005,SIGUE_MURO,1,9,2,817.7,810.0,-12.76,124.1,,2024.9,441.8,,-30.6,38.8,176
47.031,SIGUE_MURO,1,9,2,818.28,810.0,-13.34,124.1,,2103.7,441.8,,-32.0,38.5,176
47.056,SIGUE_MURO,1,9,2,818.28,810.0,-13.34,124.1,,2147.0,441.8,,-32.0,38.5,176
47.081,SIGUE_MURO,1,9,2,819.22,810.0,-14.28,124.1,,2170.9,441.8,,-34.3,38.1,176
47.106,SIGUE_MURO,1,9,2,819.22,810.0,-14.28,124.1,,2184.0,441.8,,-34.3,38.1,176
47.129,SIGUE_MURO,1,9,2,819.45,810.0,-10.07,,,2191.2,,,-24.2,40.1,184
47.154,SIGUE_MURO,1,9,2,819.45,810.0,-10.07,,,2195.2,,,-24.2,40.1,184
47.18,SIGUE_MURO,1,9,2,819.56,810.0,-10.18,,,2197.3,,,-24.4,40.1,184
47.205,SIGUE_MURO,1,9,2,819.56,810.0,-10.18,,,2198.5,,,-24.4,40.1,184
47.23,SIGUE_MURO,1,9,2,819.38,810.0,-10.0,,,2199.2,,,-24.0,40.1,184
47.255,SIGUE_MURO,1,9,2,819.38,810.0,-10.0,,,2199.6,,,-24.0,40.1,184
47.28,SIGUE_MURO,1,9,2,819.38,810.0,-10.0,,,2199.8,,,-24.0,40.1,184
47.305,SIGUE_MURO,1,9,2,819.18,810.0,-9.8,,,2199.9,,,-23.5,40.2,184
47.33,RECUPERANDO,1,9,2,819.18,810.0,-9.8,,,2199.9,,,23.5,-38.0,214
47.355,RECUPERANDO,1,9,2,818.72,810.0,-9.8,,,2200.0,,,-23.5,-38.0,214
47.381,RECUPERANDO,1,9,2,818.72,810.0,-9.8,,,2200.0,,,23.5,-38.0,214
47.406,RECUPERANDO,1,9,2,818.41,810.0,-9.8,,,2200.0,,,-23.5,-38.0,214
47.43,RECUPERANDO,1,9,2,818.41,810.0,-9.8,,,2200.0,,,23.5,-38.0,214
47.455,RECUPERANDO,1,9,2,818.08,810.0,-9.8,,,2200.0,,,-23.5,-38.0,214
47.481,RECUPERANDO,1,9,2,818.08,810.0,-9.8,,,2200.0,,,23.5,-38.0,214
47.507,RECUPERANDO,1,9,2,817.97,810.0,-9.8,,,2200.0,,,-23.5,-38.0,214
47.53,RECUPERANDO,1,9,2,817.97,810.0,-9.8,,,2200.0,,,23.5,-38.0,214
47.556,RECUPERANDO,1,9,2,818.69,810.0,-9.8,,,2200.0,,,-23.5,-38.0,214
47.58,RECUPERANDO,1,9,2,818.69,810.0,-9.8,,,2200.0,,,23.5,-38.0,214
47.606,RECUPERANDO,1,9,2,818.69,810.0,-9.8,,,2200.0,,,-23.5,-38.0,214
47.631,RECUPERANDO,1,9,2,819.75,810.0,-9.8,,,2200.0,,,23.5,-38.0,214
47.656,RECUPERANDO,1,9,2,819.75,810.0,-9.8,,,2200.0,,,-23.5,-38.0,214
47.681,RECUPERANDO,1,9,2,820.35,810.0,-9.8,,,2200.0,,,23.5,-38.0,214
47.706,RECUPERANDO,1,9,2,820.35,810.0,-9.8,,,2200.0,,,-23.5,-38.0,214
47.731,RECUPERANDO,1,9,2,819.97,810.0,-9.8,,29.4,1280.5,,,23.5,-38.0,214
47.756,RECUPERANDO,1,9,2,819.97,810.0,-9.8,,29.4,774.8,,,-23.5,-38.0,214
47.781,RECUPERANDO,1,9,2,818.47,810.0,-9.8,,29.4,496.7,,,23.5,-38.0,214
47.806,RECUPERANDO,1,9,2,818.47,810.0,-9.8,,29.4,343.7,,,-23.5,-38.0,214
47.832,RECUPERANDO,1,9,2,818.03,810.0,-9.8,,29.4,259.6,,,23.5,-38.0,214
47.857,RECUPERANDO,1,9,2,818.03,810.0,-9.8,,29.4,213.3,,,-23.5,-38.0,214
47.882,RECUPERANDO,1,9,2,817.86,810.0,-9.8,,29.4,187.9,,,23.5,-38.0,214
47.907,RECUPERANDO,1,9,2,817.86,810.0,-9.8,,29.4,173.9,,,-23.5,-38.0,214
47.932,RECUPERANDO,1,9,2,817.86,810.0,-9.8,,,1085.6,,,23.5,-38.0,214
47.957,RECUPERANDO,1,9,2,817.99,810.0,-9.8,,,1587.1,,,-23.5,-38.0,214
47.982,RECUPERANDO,1,9,2,817.99,810.0,-9.8,,,1862.9,,,23.5,-38.0,214
48.007,RECUPERANDO,1,9,2,818.0,810.0,-9.8,,,2014.6,,,-23.5,-38.0,214
48.032,RECUPERANDO,1,9,2,818.0,810.0,-9.8,,,2098.0,,,23.5,-38.0,214
48.057,RECUPERANDO,1,9,2,817.98,810.0,-9.8,,,2143.9,,,-23.5,-38.0,214
48.082,RECUPERANDO,1,9,2,817.98,810.0,-9.8,,,2169.2,,,23.5,-38.0,214
48.107,RECUPERANDO,1,9,2,818.03,810.0,-9.8,,,2183.0,,,-23.5,-38.0,214
48.132,RECUPERANDO,1,9,2,818.03,810.0,-9.8,,,2190.7,,,23.5,-38.0,214
48.157,RECUPERANDO,1,9,2,817.53,810.0,-9.8,,,2194.9,,,-23.5,-38.0,214
48.182,RECUPERANDO,1,9,2,817.53,810.0,-9.8,,,2197.2,,,23.5,-38.0,214
48.207,RECUPERANDO,1,9,2,816.2,810.0,-9.8,,,2198.4,,,-23.5,-38.0,214
48.232,SIGUE_MURO,1,9,2,816.2,810.0,-6.82,,,2199.1,,,-16.4,41.7,214
48.257,RECUPERANDO,1,9,2,816.2,810.0,-6.82,,,2199.5,,,16.4,-38.0,214
48.284,RECUPERANDO,1,9,2,812.94,810.0,-6.82,,,2199.7,,,-16.4,-38.0,214
48.307,RECUPERANDO,1,9,2,812.94,810.0,-6.82,,,2199.9,,,16.4,-38.0,214
48.332,RECUPERANDO,1,9,2,811.3,810.0,-6.82,,,2199.9,,,-16.4,-38.0,207
48.357,RECUPERANDO,1,9,2,811.3,810.0,-6.82,,,2200.0,,,16.4,-38.0,207
48.384,RECUPERANDO,1,9,2,809.72,810.0,-6.82,,,2200.0,,,-16.4,-38.0,207
48.407,RECUPERANDO,1,9,2,809.72,810.0,-6.82,,,2200.0,,,16.4,-38.0,207
48.433,RECUPERANDO,1,9,2,806.54,810.0,-6.82,,,2200.0,,,-16.4,-38.0,207
48.458,RECUPERANDO,1,9,2,806.54,810.0,-6.82,,,2200.0,,,16.4,-38.0,207
48.483,RECUPERANDO,1,9,2,805.0,810.0,-6.82,,,2200.0,,,-16.4,-38.0,207
48.508,RECUPERANDO,1,9,2,805.0,810.0,-6.82,,,2200.0,,,16.4,-38.0,207
48.532,RECUPERANDO,1,9,2,802.09,810.0,-6.82,,,1310.4,,,-16.4,-38.0,213
48.557,RECUPERANDO,1,9,2,802.09,810.0,-6.82,,,821.1,,,16.4,-38.0,213
48.582,RECUPERANDO,1,9,2,802.09,810.0,-6.82,,,551.9,,,-16.4,-38.0,213
48.608,RECUPERANDO,1,9,2,800.49,810.0,-6.82,,,403.9,,,16.4,-38.0,213
48.632,RECUPERANDO,1,9,2,800.49,810.0,-6.82,,,322.5,,,-16.4,-38.0,213
48.657,RECUPERANDO,1,9,2,799.01,810.0,-6.82,,,277.8,,,16.4,-38.0,213
48.682,RECUPERANDO,1,9,2,799.01,810.0,-6.82,,,253.1,,,-16.4,-38.0,213
48.707,RECUPERANDO,1,9,2,796.27,810.0,-6.82,,,239.6,,,16.4,-38.0,213
48.732,RECUPERANDO,1,9,2,796.27,810.0,-6.82,,,252.3,,,-16.4,-38.0,196
48.757,RECUPERANDO,1,9,2,795.44,810.0,-6.82,,,259.4,,,16.4,-38.0,196
48.782,RECUPERANDO,1,9,2,795.44,810.0,-6.82,,,263.2,,,-16.4,-38.0,196
48.807,RECUPERANDO,1,9,2,794.97,810.0,-6.82,,,265.3,,,16.4,-38.0,196
48.833,RECUPERANDO,1,9,2,794.97,810.0,-6.82,,,266.5,,,-16.4,-38.0,196
48.858,RECUPERANDO,1,9,2,794.4,810.0,-6.82,,,267.1,,,16.4,-38.0,196
48.883,RECUPERANDO,1,9,2,794.4,810.0,-6.82,,,267.5,,,-16.4,-38.0,196
48.908,RECUPERANDO,1,9,2,794.4,810.0,-6.82,,,267.7,,,16.4,-38.0,196
48.934,RECUPERANDO,1,9,2,794.12,810.0,-6.82,,,294.7,,,-16.4,-38.0,214
48.958,RECUPERANDO,1,9,2,794.12,810.0,-6.82,,,309.6,,,16.4,-38.0,214
48.983,RECUPERANDO,1,9,2,793.76,810.0,-6.82,,,317.8,,,-16.4,-38.0,214
49.008,RECUPERANDO,1,9,2,793.76,810.0,-6.82,,,322.3,,,16.4,-38.0,214
49.033,RECUPERANDO,1,9,2,793.1,810.0,-6.82,,,324.8,,,-16.4,-38.0,214
49.058,RECUPERANDO,1,9,2,793.1,810.0,-6.82,,,326.1,,,16.4,-38.0,214
49.083,RECUPERANDO,1,9,2,792.46,810.0,-6.82,,,326.9,,,-16.4,-38.0,214
49.108,RECUPERANDO,1,9,2,792.46,810.0,-6.82,,,327.3,,,16.4,-38.0,214
49.134,RECUPERANDO,1,9,2,791.13,810.0,-6.82,,337.1,349.2,,,-16.4,-38.0,156
49.161,SIGUE_MURO,1,9,2,791.13,810.0,18.25,,337.1,361.2,,,-5.8,32.9,156
49.185,GIRO,1,10,2,788.26,900.0,111.12,,337.1,367.9,,,4.7,31.3,156
49.209,GIRO,1,10,2,788.26,900.0,111.12,,337.1,371.5,,,15.2,29.8,156
49.235,GIRO,1,10,2,786.92,900.0,112.46,,337.1,373.5,,,25.7,28.3,156
49.261,GIRO,1,10,2,786.92,900.0,112.46,,337.1,374.6,,,36.3,26.8,156
49.285,GIRO,1,10,2,786.92,900.0,112.46,,337.1,375.2,,,46.8,25.3,156
49.31,GIRO,1,10,2,784.18,900.0,115.2,,337.1,375.6,,,57.3,23.7,156
49.335,GIRO,1,10,2,784.18,900.0,115.2,,286.4,393.4,,,67.8,22.2,135
49.36,GIRO,1,10,2,782.73,900.0,116.65,,258.5,403.2,,,78.4,22.0,135
49.385,GIRO,1,10,2,782.73,900.0,116.65,,243.2,408.6,,,88.9,22.0,135
49.41,GIRO,1,10,2,781.86,900.0,117.52,,234.8,411.6,,,99.4,22.0,135
49.435,GIRO,1,10,2,781.86,900.0,117.52,,230.1,413.2,,,100.0,22.0,135
49.46,GIRO,1,10,2,780.98,900.0,118.4,,227.6,414.1,,,100.0,22.0,135
49.486,GIRO,1,10,2,780.98,900.0,118.4,,226.2,414.6,,,100.0,22.0,135
49.51,GIRO,1,10,2,781.2,900.0,118.18,,225.4,414.9,,,100.0,22.0,135
49.536,GIRO,1,10,2,781.2,900.0,118.18,328.7,,316.7,,,100.0,22.0,143
49.561,GIRO,1,10,2,781.93,900.0,117.45,328.7,,262.7,,,100.0,22.0,143
49.586,GIRO,1,10,2,781.93,900.0,117.45,328.7,,233.0,,,100.0,22.0,143
49.611,GIRO,1,10,2,781.93,900.0,117.45,328.7,,216.6,,,100.0,22.0,143
49.636,GIRO,1,10,2,785.52,900.0,113.86,328.7,,207.6,,,100.0,22.0,143
49.661,GIRO,1,10,2,785.52,900.0,113.86,328.7,,202.7,,,100.0,22.0,143
49.686,GIRO,1,10,2,787.67,900.0,111.71,328.7,,200.0,,,100.0,22.0,143
49.711,GIRO,1,10,2,787.67,900.0,111.71,328.7,,198.5,,,100.0,22.0,143
49.736,GIRO,1,10,2,789.93,900.0,109.45,274.9,,346.1,,,100.0,22.0,175
49.761,GIRO,1,10,2,789.93,900.0,109.45,245.3,,427.3,,,100.0,22.0,175
49.786,GIRO,1,10,2,794.48,900.0,104.9,229.0,,471.9,,,100.0,22.0,175
49.811,GIRO,1,10,2,794.48,900.0,104.9,220.0,,496.5,,,100.0,22.0,175
49.836,GIRO,1,10,2,796.91,900.0,102.47,215.1,,510.0,,,100.0,22.0,175
49.861,GIRO,1,10,2,796.91,900.0,102.47,212.4,,517.4,,,100.0,22.0,175
49.886,GIRO,1,10,2,796.91,900.0,102.47,210.9,,521.5,,,100.0,22.0,175
49.911,GIRO,1,10,2,799.38,900.0,100.0,210.1,,523.8,,,100.0,22.0,175
49.935,GIRO,1,10,2,799.38,900.0,100.0,,,498.7,,,100.0,22.0,214
49.96,GIRO,1,10,2,804.2,900.0,95.18,,,484.9,,,100.0,22.0,214
49.985,GIRO,1,10,2,804.2,900.0,95.18,,,477.3,,,100.0,22.0,214
50.01,GIRO,1,10,2,806.71,900.0,92.67,,,473.1,,,100.0,22.0,214
50.037,GIRO,1,10,2,806.71,900.0,92.67,,,470.8,,,100.0,22.0,214
50.06,GIRO,1,10,2,811.74,900.0,87.64,,,469.6,,,100.0,22.0,214
50.086,GIRO,1,10,2,811.74,900.0,87.64,,,468.9,,,100.0,22.0,214
50.111,GIRO,1,10,2,814.25,900.0,85.13,,,468.5,,,100.0,22.0,214
50.139,GIRO,1,10,2,814.25,900.0,85.13,,,1247.7,,,100.0,22.0,186
50.163,GIRO,1,10,2,816.61,900.0,82.77,,,1676.2,,,100.0,22.0,186
50.188,GIRO,1,10,2,816.61,900.0,82.77,,,1911.9,,,100.0,22.0,186
50.213,GIRO,1,10,2,816.61,900.0,82.77,,,2041.6,,,100.0,22.0,186
50.238,GIRO,1,10,2,821.16,900.0,78.22,,,2112.9,,,100.0,22.0,186
50.264,GIRO,1,10,2,821.16,900.0,78.22,,,2152.1,,,100.0,22.0,186
50.287,GIRO,1,10,2,823.4,900.0,75.98,,,2173.6,,,100.0,22.0,186
50.312,GIRO,1,10,2,823.4,900.0,75.98,,,2185.5,,,100.0,22.0,186
50.337,GIRO,1,10,2,825.51,900.0,73.87,373.5,,2192.0,,,100.0,22.0,150
50.364,GIRO,1,10,2,825.51,900.0,73.87,373.5,,2195.6,,,100.0,22.0,150
50.387,GIRO,1,10,2,829.6,900.0,69.78,373.5,,2197.6,,,100.0,22.0,150
50.412,GIRO,1,10,2,829.6,900.0,69.78,373.5,,2198.7,,,100.0,22.0,150
50.437,GIRO,1,10,2,831.85,900.0,67.53,373.5,,2199.3,,,100.0,22.0,150
50.462,GIRO,1,10,2,831.85,900.0,67.53,373.5,,2199.6,,,100.0,22.0,150
50.488,GIRO,1,10,2,833.99,900.0,65.39,373.5,,2199.8,,,100.0,22.0,150
50.513,GIRO,1,10,2,833.99,900.0,65.39,373.5,,2199.9,,,100.0,22.0,150
50.539,GIRO,1,10,2,833.99,900.0,65.39,389.6,,2199.9,,,100.0,22.0,126
50.564,GIRO,1,10,2,838.8,900.0,60.58,398.4,,2200.0,,,100.0,22.0,126
50.589,GIRO,1,10,2,838.8,900.0,60.58,403.2,,2200.0,,,100.0,22.0,126
50.614,GIRO,1,10,2,841.06,900.0,58.32,405.9,,2200.0,,,100.0,22.0,126
50.639,GIRO,1,10,2,841.06,900.0,58.32,407.4,,2200.0,,,100.0,22.0,126
50.664,GIRO,1,10,2,843.57,900.0,55.81,408.2,,2200.0,,,100.0,22.0,126
50.689,GIRO,1,10,2,843.57,900.0,55.81,408.6,,2200.0,,,100.0,22.0,126
50.714,GIRO,1,10,2,848.25,900.0,51.13,408.9,,2200.0,,,100.0,22.0,126
50.74,GIRO,1,10,2,848.25,900.0,51.13,429.2,,2119.7,,,100.0,22.0,143
50.765,GIRO,1,10,2,850.69,900.0,48.69,440.4,,2075.5,,,100.0,22.0,143
50.79,GIRO,1,10,2,850.69,900.0,48.69,446.5,,2051.2,,,100.0,22.0,143
50.815,GIRO,1,10,2,855.53,900.0,43.85,449.9,,2037.8,,,100.0,22.0,143
50.84,GIRO,1,10,2,855.53,900.0,43.85,451.8,,2030.4,,,100.0,22.0,143
50.865,GIRO,1,10,2,855.53,900.0,43.85,452.8,,2026.4,,,100.0,22.0,143
50.89,GIRO,1,10,2,857.72,900.0,41.66,453.3,,2024.2,,,100.0,22.0,143
50.916,GIRO,1,10,2,857.72,900.0,41.66,453.7,,2023.0,,,100.0,22.0,143
50.94,GIRO,1,10,2,860.01,900.0,39.37,519.7,482.6,1988.4,,1083.0,94.5,22.0,159
50.965,GIRO,1,10,2,860.01,900.0,39.37,556.0,482.6,1969.4,,1083.0,94.5,22.0,159
50.99,GIRO,1,10,2,864.83,900.0,34.55,576.0,482.6,1959.0,,1083.0,84.0,22.0,159
51.016,GIRO,1,10,2,864.83,900.0,34.55,586.9,482.6,1953.2,,1083.0,82.9,22.0,159
51.041,GIRO,1,10,2,867.08,900.0,32.3,593.0,482.6,1950.0,,1083.0,77.5,22.0,159
51.065,GIRO,1,10,2,867.08,900.0,32.3,596.3,482.6,1948.3,,1083.0,77.5,22.0,159
51.09,GIRO,1,10,2,869.61,900.0,29.77,598.1,482.6,1947.4,,1083.0,71.4,22.0,159
51.116,GIRO,1,10,2,869.61,900.0,29.77,599.1,482.6,1946.8,,1083.0,71.4,22.0,159
51.141,GIRO,1,10,2,874.45,900.0,24.93,1164.0,445.0,2060.8,,2253.3,60.9,23.2,159
51.165,GIRO,1,10,2,874.45,900.0,24.93,1474.7,424.3,2123.4,,2253.3,59.8,23.4,159
51.19,GIRO,1,10,2,874.45,900.0,24.93,1645.5,412.9,2157.9,,2253.3,59.8,23.4,159
51.215,GIRO,1,10,2,877.01,900.0,22.37,1739.5,406.6,2176.8,,2253.3,53.7,24.3,159
51.241,GIRO,1,10,2,877.01,900.0,22.37,1791.2,403.1,2187.3,,2253.3,53.7,24.3,159
51.266,GIRO,1,10,2,879.44,900.0,19.94,1819.6,401.2,2193.0,,2253.3,47.8,25.1,159
51.291,GIRO,1,10,2,879.44,900.0,19.94,1835.3,400.2,2196.1,,2253.3,47.8,25.1,159
51.316,GIRO,1,10,2,884.36,900.0,15.02,1843.9,399.6,2197.9,,2253.3,37.3,26.6,159
51.341,GIRO,1,10,2,884.36,900.0,15.02,1808.0,360.9,2198.8,,2077.7,36.0,26.8,157
51.367,GIRO,1,10,2,886.95,900.0,12.43,1788.3,339.6,2199.4,,2077.7,29.8,27.7,157
51.391,GIRO,1,10,2,886.95,900.0,12.43,1777.4,327.9,2199.6,,2077.7,29.8,27.7,157
51.416,SIGUE_MURO,1,10,2,892.14,900.0,33.24,1771.4,321.4,2199.8,,2077.7,40.3,36.8,157
51.441,SIGUE_MURO,1,10,2,892.14,900.0,33.24,1768.2,317.9,2199.9,,2077.7,50.9,34.7,157
51.467,SIGUE_MURO,1,10,2,894.73,900.0,30.65,1766.4,315.9,2199.9,,2077.7,61.4,32.6,157
51.491,SIGUE_MURO,1,10,2,894.73,900.0,30.65,1765.4,314.9,2200.0,,2077.7,71.9,30.4,157
51.516,SIGUE_MURO,1,10,2,894.73,900.0,30.65,1764.8,314.3,2200.0,,2077.7,73.5,30.1,157
51.539,SIGUE_MURO,1,10,2,897.09,900.0,2.29,,,1368.5,,,63.0,32.2,182
51.564,SIGUE_MURO,1,10,2,897.09,900.0,2.29,,,911.3,,,52.5,34.4,182
51.589,SIGUE_MURO,1,10,2,901.48,900.0,-2.1,,,659.7,,,42.0,34.4,182
51.614,SIGUE_MURO,1,10,2,901.48,900.0,-2.1,,,521.4,,,31.5,33.0,182
51.639,SIGUE_MURO,1,10,2,903.27,900.0,-3.89,,,445.3,,,20.9,32.8,182
51.664,SIGUE_MURO,1,10,2,903.27,900.0,-3.89,,,403.5,,,10.4,33.4,182
51.69,SIGUE_MURO,1,10,2,905.65,900.0,-6.27,,,380.5,,,-0.1,34.3,182
51.715,SIGUE_MURO,1,10,2,905.65,900.0,-6.27,,,367.8,,,-10.7,32.3,182
51.741,SIGUE_MURO,1,10,2,911.51,900.0,8.75,,126.8,325.7,,,-0.1,32.7,193
51.766,SIGUE_MURO,1,10,2,911.51,900.0,8.75,,126.8,302.6,,,10.4,30.6,193
51.791,SIGUE_MURO,1,10,2,914.88,900.0,5.38,,126.8,289.8,,,12.9,30.1,193
51.816,SIGUE_MURO,1,10,2,914.88,900.0,5.38,,126.8,282.8,,,12.9,30.1,193
51.841,SIGUE_MURO,1,10,2,914.88,900.0,5.38,,126.8,279.0,,,12.9,30.1,193
51.866,SIGUE_MURO,1,10,2,917.39,900.0,2.87,,126.8,276.9,,,6.9,31.0,193
51.891,SIGUE_MURO,1,10,2,917.39,900.0,2.87,,126.8,275.7,,,6.9,31.0,193
51.917,SIGUE_MURO,1,10,2,921.07,900.0,-0.81,,126.8,275.1,,,-1.9,31.7,193
51.941,SIGUE_MURO,1,10,2,921.07,900.0,4.31,,95.2,253.2,,,8.6,30.8,142
51.966,SIGUE_MURO,1,10,2,922.07,900.0,3.31,,77.9,241.2,,,7.9,30.9,142
51.991,SIGUE_MURO,1,10,2,922.07,900.0,3.31,,68.3,234.5,,,7.9,30.9,142
52.017,SIGUE_MURO,1,10,2,923.2,900.0,2.18,,63.1,230.9,,,5.2,31.2,142
52.041,SIGUE_MURO,1,10,2,923.2,900.0,2.18,,60.2,228.9,,,5.2,31.2,142
52.066,SIGUE_MURO,1,10,2,925.32,900.0,0.06,,58.6,227.8,,,0.1,32.0,142
52.091,SIGUE_MURO,1,10,2,925.32,900.0,0.06,,57.7,227.2,,,0.1,32.0,142
52.115,SIGUE_MURO,1,10,2,926.39,900.0,-27.01,,,201.8,,,-10.4,30.5,147
52.141,SIGUE_MURO,1,10,2,926.39,900.0,-27.01,,,187.9,,,-20.9,29.0,147
52.165,SIGUE_MURO,1,10,2,926.39,900.0,-27.01,,,180.2,,,-31.4,27.5,147
52.191,SIGUE_MURO,1,10,2,928.53,900.0,-29.15,,,176.0,,,-42.0,26.0,147
52.216,SIGUE_MURO,1,10,2,928.53,900.0,-29.15,,,173.7,,,-52.5,24.4,147
52.241,SIGUE_MURO,1,10,2,929.57,900.0,-30.19,,,172.4,,,-63.0,22.9,147
52.266,SIGUE_MURO,1,10,2,929.57,900.0,-30.19,,,171.7,,,-72.5,22.0,147
52.291,SIGUE_MURO,1,10,2,930.6,900.0,-31.22,,,171.3,,,-74.9,22.0,147
52.317,RECUPERANDO,1,10,2,930.6,900.0,-31.22,53.0,,164.8,,,60.0,-38.0,136
52.343,RECUPERANDO,1,10,2,932.0,900.0,-31.22,53.0,,161.2,,,-60.0,-38.0,136
52.367,RECUPERANDO,1,10,2,932.0,900.0,-31.22,53.0,,159.2,,,60.0,-38.0,136
52.392,RECUPERANDO,1,10,2,931.8,900.0,-31.22,53.0,,158.1,,,-60.0,-38.0,136
52.417,RECUPERANDO,1,10,2,931.8,900.0,-31.22,53.0,,157.5,,,60.0,-38.0,136
52.443,RECUPERANDO,1,10,2,931.26,900.0,-31.22,53.0,,157.2,,,-60.0,-38.0,136
52.468,RECUPERANDO,1,10,2,931.26,900.0,-31.22,53.0,,157.0,,,60.0,-38.0,136
52.493,RECUPERANDO,1,10,2,931.26,900.0,-31.22,53.0,,156.9,,,-60.0,-38.0,136
52.516,RECUPERANDO,1,10,2,929.7,900.0,-31.22,,,156.8,,,60.0,-38.0,105
52.541,RECUPERANDO,1,10,2,929.7,900.0,-31.22,,,156.8,,,-60.0,-38.0,105
52.567,RECUPERANDO,1,10,2,929.83,900.0,-31.22,,,156.8,,,60.0,-38.0,105
52.592,RECUPERANDO,1,10,2,929.83,900.0,-31.22,,,156.8,,,-60.0,-38.0,105
52.617,RECUPERANDO,1,10,2,929.74,900.0,-31.22,,,156.8,,,60.0,-38.0,105
52.642,RECUPERANDO,1,10,2,929.74,900.0,-31.22,,,156.8,,,-60.0,-38.0,105
52.668,RECUPERANDO,1,10,2,929.86,900.0,-31.22,,,156.8,,,60.0,-38.0,105
52.692,RECUPERANDO,1,10,2,929.86,900.0,-31.22,,,156.8,,,-60.0,-38.0,105
52.717,RECUPERANDO,1,10,2,929.93,900.0,-31.22,,,156.8,,,60.0,-38.0,110
52.742,RECUPERANDO,1,10,2,929.93,900.0,-31.22,,,156.8,,,-60.0,-38.0,110
52.767,RECUPERANDO,1,10,2,930.37,900.0,-31.22,,,156.7,,,60.0,-38.0,110
52.792,RECUPERANDO,1,10,2,930.37,900.0,-31.22,,,156.7,,,-60.0,-38.0,110
52.817,RECUPERANDO,1,10,2,930.37,900.0,-31.22,,,156.7,,,60.0,-38.0,110
52.842,RECUPERANDO,1,10,2,933.01,900.0,-31.22,,,156.7,,,-60.0,-38.0,110
52.867,RECUPERANDO,1,10,2,933.01,900.0,-31.22,,,156.7,,,60.0,-38.0,110
52.893,RECUPERANDO,1,10,2,934.57,900.0,-31.22,,,156.7,,,-60.0,-38.0,110
52.918,RECUPERANDO,1,10,2,934.57,900.0,-31.22,,,156.7,,,60.0,-38.0,104
52.943,RECUPERANDO,1,10,2,936.15,900.0,-31.22,,,156.7,,,-60.0,-38.0,104
52.968,RECUPERANDO,1,10,2,936.15,900.0,-31.22,,,156.7,,,60.0,-38.0,104
52.993,RECUPERANDO,1,10,2,938.7,900.0,-31.22,,,156.7,,,-60.0,-38.0,104
53.018,RECUPERANDO,1,10,2,938.7,900.0,-31.22,,,156.7,,,60.0,-38.0,104
53.043,RECUPERANDO,1,10,2,938.88,900.0,-31.22,,,156.7,,,-60.0,-38.0,104
53.068,RECUPERANDO,1,10,2,938.88,900.0,-31.22,,,156.7,,,60.0,-38.0,104
53.093,RECUPERANDO,1,10,2,937.24,900.0,-31.22,,,156.7,,,-60.0,-38.0,104
53.118,RECUPERANDO,1,10,2,937.24,900.0,-31.22,,,162.7,,,60.0,-38.0,116
53.143,RECUPERANDO,1,10,2,937.24,900.0,-31.22,,,165.9,,,-60.0,-38.0,116
53.168,RECUPERANDO,1,10,2,934.78,900.0,-31.22,,,167.7,,,60.0,-38.0,116
53.193,RECUPERANDO,1,10,2,934.78,900.0,-31.22,,,168.7,,,-60.0,-38.0,116
53.218,SIGUE_MURO,1,10,2,931.55,900.0,-32.17,,,169.3,,,-70.5,22.0,116
53.243,RECUPERANDO,1,10,2,931.55,900.0,-32.17,,,169.6,,,60.0,-38.0,116
53.268,RECUPERANDO,1,10,2,924.74,900.0,-32.17,,,169.7,,,-60.0,-38.0,116
53.293,RECUPERANDO,1,10,2,924.74,900.0,-32.17,,,169.8,,,60.0,-38.0,116
53.319,RECUPERANDO,1,10,2,921.67,900.0,-32.17,,,203.3,,,-60.0,-38.0,114
53.345,RECUPERANDO,1,10,2,921.67,900.0,-32.17,,,221.8,,,60.0,-38.0,114
53.37,RECUPERANDO,1,10,2,919.95,900.0,-32.17,,,231.9,,,-60.0,-38.0,114
53.395,RECUPERANDO,1,10,2,919.95,900.0,-32.17,,,237.5,,,60.0,-38.0,114
53.42,RECUPERANDO,1,10,2,918.52,900.0,-32.17,,,240.6,,,-60.0,-38.0,114
53.445,RECUPERANDO,1,10,2,918.52,900.0,-32.17,,,242.2,,,60.0,-38.0,114
53.47,RECUPERANDO,1,10,2,918.52,900.0,-32.17,,,243.2,,,-60.0,-38.0,114
53.495,RECUPERANDO,1,10,2,918.5,900.0,-32.17,,,243.7,,,60.0,-38.0,114
53.52,RECUPERANDO,1,10,2,918.5,900.0,-32.17,,82.0,269.8,,,-60.0,-38.0,157
53.545,RECUPERANDO,1,10,2,918.42,900.0,-32.17,,82.0,284.1,,,60.0,-38.0,157
53.57,RECUPERANDO,1,10,2,918.42,900.0,-32.17,,82.0,292.0,,,-60.0,-38.0,157
53.595,RECUPERANDO,1,10,2,915.25,900.0,-32.17,,82.0,296.4,,,60.0,-38.0,157
53.62,RECUPERANDO,1,10,2,915.25,900.0,-32.17,,82.0,298.8,,,-60.0,-38.0,157
53.645,RECUPERANDO,1,10,2,913.53,900.0,-32.17,,82.0,300.1,,,60.0,-38.0,157
53.671,RECUPERANDO,1,10,2,913.53,900.0,-32.17,,82.0,300.8,,,-60.0,-38.0,157
53.695,RECUPERANDO,1,10,2,912.17,900.0,-32.17,,82.0,301.2,,,60.0,-38.0,157
53.721,RECUPERANDO,1,10,2,912.17,900.0,-32.17,,86.2,329.4,,,-60.0,-38.0,169
53.745,RECUPERANDO,1,10,2,912.17,900.0,-32.17,,88.5,344.8,,,60.0,-38.0,169
53.771,RECUPERANDO,1,10,2,912.17,900.0,-32.17,,89.7,353.4,,,-60.0,-38.0,169
53.796,RECUPERANDO,1,10,2,913.02,900.0,-32.17,,90.4,358.0,,,60.0,-38.0,169
53.821,RECUPERANDO,1,10,2,913.02,900.0,-32.17,,90.8,360.6,,,-60.0,-38.0,169
53.846,RECUPERANDO,1,10,2,913.02,900.0,-32.17,,91.0,362.0,,,60.0,-38.0,169
53.871,RECUPERANDO,1,10,2,916.18,900.0,-32.17,,91.1,362.8,,,-60.0,-38.0,169
53.896,RECUPERANDO,1,10,2,916.18,900.0,-32.17,,91.2,363.2,,,60.0,-38.0,169
53.922,RECUPERANDO,1,10,2,917.72,900.0,-32.17,217.6,59.7,1189.8,1142.5,238.8,-60.0,-38.0,76
53.947,RECUPERANDO,1,10,2,917.72,900.0,-32.17,217.6,42.4,1644.4,1142.5,238.8,60.0,-38.0,76
53.972,RECUPERANDO,1,10,2,919.25,900.0,-32.17,217.6,32.9,1894.4,1142.5,238.8,-60.0,-38.0,76
53.997,RECUPERANDO,1,10,2,919.25,900.0,-32.17,217.6,27.6,2031.9,1142.5,238.8,60.0,-38.0,76
54.023,RECUPERANDO,1,10,2,921.94,900.0,-32.17,217.6,24.7,2107.6,1142.5,238.8,-60.0,-38.0,76
54.048,RECUPERANDO,1,10,2,921.94,900.0,-32.17,217.6,23.2,2149.2,1142.5,238.8,60.0,-38.0,76
54.073,RECUPERANDO,1,10,2,922.22,900.0,-32.17,217.6,22.3,2172.0,1142.5,238.8,-60.0,-38.0,76
54.1,RECUPERANDO,1,10,2,922.22,900.0,-32.17,217.6,21.8,2184.6,1142.5,238.8,60.0,-38.0,76
54.12,RECUPERANDO,1,10,2,922.22,900.0,-32.17,,,1412.2,,,-60.0,-38.0,120
54.145,SIGUE_MURO,1,10,2,921.89,900.0,-22.51,,,987.3,,,-54.0,34.1,120
54.17,SIGUE_MURO,1,10,2,921.89,900.0,-22.51,,,753.6,,,-54.0,34.1,120
54.195,GIRO,1,11,2,918.13,990.0,71.25,,,625.1,,,-43.5,25.7,120
54.222,GIRO,1,11,2,918.13,990.0,71.25,,,554.4,,,-33.0,27.2,120
54.246,GIRO,1,11,2,915.17,990.0,74.21,,,515.5,,,-22.5,28.8,120
54.271,GIRO,1,11,2,915.17,990.0,74.21,,,494.2,,,-11.9,30.3,120
54.296,GIRO,1,11,2,912.38,990.0,77.0,,,482.4,,,-1.4,31.8,120
54.323,GIRO,1,11,2,912.38,990.0,77.0,,,514.3,,,9.1,30.7,147
54.347,GIRO,1,11,2,909.61,990.0,79.77,,,531.8,,,19.6,29.2,147
54.372,GIRO,1,11,2,909.61,990.0,79.77,,,541.5,,,30.2,27.7,147
54.397,GIRO,1,11,2,909.49,990.0,79.89,,,546.8,,,40.7,26.1,147
54.422,GIRO,1,11,2,909.49,990.0,79.89,,,549.7,,,51.2,24.6,147
54.448,GIRO,1,11,2,909.49,990.0,79.89,,,551.3,,,61.7,23.1,147
54.472,GIRO,1,11,2,909.69,990.0,79.69,,,552.2,,,72.3,22.0,147
54.497,GIRO,1,11,2,909.69,990.0,79.69,,,552.6,,,82.8,22.0,147
54.524,GIRO,1,11,2,909.73,990.0,79.65,287.3,35.3,1294.0,1051.7,322.6,93.3,22.0,70
54.549,GIRO,1,11,2,909.73,990.0,79.65,287.3,35.3,1701.7,1051.7,322.6,100.0,22.0,70
54.574,GIRO,1,11,2,910.01,990.0,79.37,287.3,35.3,1925.9,1051.7,322.6,100.0,22.0,70
54.599,GIRO,1,11,2,910.01,990.0,79.37,287.3,35.3,2049.3,1051.7,322.6,100.0,22.0,70
54.624,GIRO,1,11,2,911.74,990.0,77.64,287.3,35.3,2117.1,1051.7,322.6,100.0,22.0,70
54.65,GIRO,1,11,2,911.74,990.0,77.64,287.3,35.3,2154.4,1051.7,322.6,100.0,22.0,70
54.674,GIRO,1,11,2,913.27,990.0,76.11,287.3,35.3,2174.9,1051.7,322.6,100.0,22.0,70
54.699,GIRO,1,11,2,913.27,990.0,76.11,287.3,35.3,2186.2,1051.7,322.6,100.0,22.0,70
54.724,GIRO,1,11,2,915.51,990.0,73.87,167.4,,1459.2,,,100.0,22.0,104
54.749,GIRO,1,11,2,915.51,990.0,73.87,101.4,,1059.4,,,100.0,22.0,104
54.776,GIRO,1,11,2,920.18,990.0,69.2,65.1,,839.4,,,100.0,22.0,104
54.799,GIRO,1,11,2,920.18,990.0,69.2,45.2,,718.5,,,100.0,22.0,104
54.825,GIRO,1,11,2,920.18,990.0,69.2,34.2,,652.0,,,100.0,22.0,104
54.849,GIRO,1,11,2,922.55,990.0,66.83,28.2,,615.4,,,100.0,22.0,104
54.876,GIRO,1,11,2,922.55,990.0,66.83,24.9,,595.3,,,100.0,22.0,104
54.899,GIRO,1,11,2,924.9,990.0,64.48,23.0,,584.2,,,100.0,22.0,104
54.924,GIRO,1,11,2,924.9,990.0,64.48,51.7,,547.3,811.2,,100.0,22.0,112
54.949,GIRO,1,11,2,929.69,990.0,59.69,67.5,,527.1,811.2,,100.0,22.0,112
54.974,GIRO,1,11,2,929.69,990.0,59.69,76.2,,515.9,811.2,,100.0,22.0,112
55.0,GIRO,1,11,2,932.16,990.0,57.22,80.9,,509.8,811.2,,100.0,22.0,112
55.025,GIRO,1,11,2,932.16,990.0,57.22,83.6,,506.4,811.2,,100.0,22.0,112
55.049,GIRO,1,11,2,934.65,990.0,54.73,85.0,,504.6,811.2,,100.0,22.0,112
55.074,GIRO,1,11,2,934.65,990.0,54.73,85.8,,503.6,811.2,,100.0,22.0,112
55.1,GIRO,1,11,2,934.65,990.0,54.73,86.2,,503.0,811.2,,100.0,22.0,112
55.126,GIRO,1,11,2,939.37,990.0,50.01,137.3,,1121.0,576.7,,100.0,22.0,117
55.151,GIRO,1,11,2,939.37,990.0,50.01,165.4,,1460.9,576.7,,100.0,22.0,117
55.176,GIRO,1,11,2,941.79,990.0,47.59,180.9,,1647.9,576.7,,100.0,22.0,117
55.202,GIRO,1,11,2,941.79,990.0,47.59,189.4,,1750.7,576.7,,100.0,22.0,117
55.226,GIRO,1,11,2,946.3,990.0,43.08,194.0,,1807.2,576.7,,100.0,22.0,117
55.252,GIRO,1,11,2,946.3,990.0,43.08,196.6,,1838.3,576.7,,100.0,22.0,117
55.276,GIRO,1,11,2,948.43,990.0,40.95,198.0,,1855.4,576.7,,98.3,22.0,117
55.303,GIRO,1,11,2,948.43,990.0,40.95,198.8,,1864.8,576.7,,98.3,22.0,117
55.327,GIRO,1,11,2,950.42,990.0,38.96,220.0,,1870.0,542.2,,93.5,22.0,97
55.352,GIRO,1,11,2,950.42,990.0,38.96,231.7,,1872.9,542.2,,93.5,22.0,97
55.377,GIRO,1,11,2,954.29,990.0,35.09,238.1,,1874.4,542.2,,84.2,22.0,97
55.4,GIRO,1,11,2,954.29,990.0,35.09,241.7,,1875.3,542.2,,84.2,22.0,97
55.426,GIRO,1,11,2,954.29,990.0,35.09,243.6,,1875.8,542.2,,84.2,22.0,97
55.45,GIRO,1,11,2,956.3,990.0,33.08,244.7,,1876.0,542.2,,79.4,22.0,97
55.476,GIRO,1,11,2,956.3,990.0,33.08,245.3,,1876.2,542.2,,79.4,22.0,97
55.5,GIRO,1,11,2,958.35,990.0,31.03,245.6,,1876.3,542.2,,74.5,22.0,97
55.527,GIRO,1,11,2,958.35,990.0,31.03,542.7,1099.3,1847.1,,2005.2,74.5,22.0,125
55.552,GIRO,1,11,2,962.9,990.0,26.48,706.1,1099.3,1831.0,,2005.2,63.9,22.8,125
55.576,GIRO,1,11,2,962.9,990.0,26.48,796.0,1099.3,1822.2,,2005.2,63.5,22.9,125
55.602,GIRO,1,11,2,965.2,990.0,24.18,845.5,1099.3,1817.3,,2005.2,58.0,23.6,125
55.626,GIRO,1,11,2,965.2,990.0,24.18,872.6,1099.3,1814.6,,2005.2,58.0,23.6,125
55.652,GIRO,1,11,2,967.5,990.0,21.88,887.6,1099.3,1813.2,,2005.2,52.5,24.4,125
55.677,GIRO,1,11,2,967.5,990.0,21.88,895.8,1099.3,1812.4,,2005.2,52.5,24.4,125
55.702,GIRO,1,11,2,972.06,990.0,17.32,900.3,1099.3,1811.9,,2005.2,42.0,26.0,125
55.726,GIRO,1,11,2,972.06,990.0,17.32,840.2,,1986.6,,,41.6,26.0,141
55.752,GIRO,1,11,2,972.06,990.0,17.32,807.1,,2082.6,,,41.6,26.0,141
55.776,GIRO,1,11,2,974.52,990.0,14.86,788.9,,2135.4,,,35.7,26.9,141
55.801,GIRO,1,11,2,974.52,990.0,14.86,778.8,,2164.5,,,35.7,26.9,141
55.826,GIRO,1,11,2,976.62,990.0,12.76,773.3,,2180.5,,,30.6,27.6,141
55.851,GIRO,1,11,2,976.62,990.0,12.76,770.3,,2189.3,,,30.6,27.6,141
55.876,SIGUE_MURO,1,11,2,981.46,990.0,33.92,768.6,,2194.1,,,41.1,36.7,141
55.901,SIGUE_MURO,1,11,2,981.46,990.0,33.92,767.7,,2196.8,,,51.7,34.5,141
55.926,SIGUE_MURO,1,11,2,983.57,990.0,31.81,848.4,,1596.9,,,62.2,32.4,136
55.951,SIGUE_MURO,1,11,2,983.57,990.0,31.81,892.8,,1266.9,,,72.7,30.3,136
55.978,SIGUE_MURO,1,11,2,987.48,990.0,27.9,917.3,,1085.5,,,66.9,31.4,136
56.002,SIGUE_MURO,1,11,2,987.48,990.0,27.9,930.7,,985.7,,,66.9,31.4,136
56.027,SIGUE_MURO,1,11,2,989.34,990.0,26.04,938.1,,930.8,,,62.5,32.3,136
56.052,SIGUE_MURO,1,11,2,989.34,990.0,26.04,942.1,,900.6,,,62.5,32.3,136
56.077,SIGUE_MURO,1,11,2,989.34,990.0,26.04,944.4,,884.0,,,62.5,32.3,136
56.102,SIGUE_MURO,1,11,2,991.16,990.0,24.22,945.6,,874.9,,,58.1,33.2,136
56.126,SIGUE_MURO,1,11,2,991.16,990.0,-1.78,,,794.1,,,47.6,35.4,129
56.15,SIGUE_MURO,1,11,2,995.59,990.0,-6.21,,,749.7,,,37.1,37.5,129
56.176,SIGUE_MURO,1,11,2,995.59,990.0,-6.21,,,725.3,,,26.5,39.0,129
56.202,SIGUE_MURO,1,11,2,998.39,990.0,-9.01,,,711.9,,,16.0,40.7,129
56.226,SIGUE_MURO,1,11,2,998.39,990.0,-9.01,,,704.5,,,5.5,42.6,129
56.251,SIGUE_MURO,1,11,2,1001.4,990.0,-12.02,,,700.4,,,-5.0,42.6,129
56.276,SIGUE_MURO,1,11,2,1001.4,990.0,-12.02,,,698.2,,,-15.6,40.5,129
56.301,SIGUE_MURO,1,11,2,1007.4,990.0,-18.02,,,697.0,,,-26.1,38.4,129
56.326,SIGUE_MURO,1,11,2,1007.4,990.0,-18.02,,,624.9,,,-36.6,34.6,174
56.351,SIGUE_MURO,1,11,2,1010.39,990.0,-21.01,,,585.3,,,-47.1,31.7,174
56.376,SIGUE_MURO,1,11,2,1010.39,990.0,-21.01,,,563.5,,,-50.4,30.6,174
56.401,SIGUE_MURO,1,11,2,1010.39,990.0,-21.01,,,551.5,,,-50.4,30.4,174
56.426,SIGUE_MURO,1,11,2,1012.6,990.0,-23.22,,,544.9,,,-55.7,29.3,174
56.451,SIGUE_MURO,1,11,2,1012.6,990.0,-23.22,,,541.3,,,-55.7,29.2,174
56.476,SIGUE_MURO,1,11,2,1016.26,990.0,-26.88,,,539.3,,,-64.5,27.6,174
56.501,SIGUE_MURO,1,11,2,1016.26,990.0,-26.88,,,538.2,,,-64.5,27.6,174
56.526,SIGUE_MURO,1,11,2,1016.75,990.0,-27.37,,,498.0,,,-65.7,26.6,214
56.552,SIGUE_MURO,1,11,2,1016.75,990.0,-27.37,,,476.0,,,-65.7,26.1,214
56.576,SIGUE_MURO,1,11,2,1016.48,990.0,-27.1,,,463.8,,,-65.1,26.0,214
56.601,SIGUE_MURO,1,11,2,1016.48,990.0,-27.1,,,457.1,,,-65.1,25.8,214
56.627,SIGUE_MURO,1,11,2,1014.92,990.0,-25.54,,,453.4,,,-61.3,26.4,214
56.652,SIGUE_MURO,1,11,2,1014.92,990.0,-25.54,,,451.4,,,-61.3,26.3,214
56.677,SIGUE_MURO,1,11,2,1014.92,990.0,-25.54,,,450.3,,,-61.3,26.3,214
56.702,SIGUE_MURO,1,11,2,1013.94,990.0,-24.56,,,449.7,,,-59.0,26.7,214
56.727,SIGUE_MURO,1,11,2,1013.94,990.0,-24.56,,,422.4,,,-59.0,26.1,214
56.752,SIGUE_MURO,1,11,2,1011.52,990.0,-22.14,,,407.4,,,-53.1,26.7,214
56.777,SIGUE_MURO,1,11,2,1011.52,990.0,-22.14,,,399.2,,,-53.1,26.5,214
56.802,SIGUE_MURO,1,11,2,1010.19,990.0,-20.81,,,394.6,,,-50.0,26.9,214
56.827,SIGUE_MURO,1,11,2,1010.19,990.0,-20.81,,,392.1,,,-50.0,26.9,214
56.853,SIGUE_MURO,1,11,2,1008.77,990.0,-19.39,,,390.8,,,-46.5,27.4,214
56.877,SIGUE_MURO,1,11,2,1008.77,990.0,-19.39,,,390.0,,,-46.5,27.4,214
56.902,SIGUE_MURO,1,11,2,1006.46,990.0,-17.08,,,389.6,,,-41.0,28.2,214
56.927,SIGUE_MURO,1,11,2,1006.46,990.0,-17.08,,,369.9,,,-41.0,27.7,214
56.952,SIGUE_MURO,1,11,2,1005.58,990.0,-16.2,,,359.1,,,-38.9,27.8,214
56.977,SIGUE_MURO,1,11,2,1005.58,990.0,-16.2,,,353.1,,,-38.9,27.7,214
57.002,SIGUE_MURO,1,11,2,1005.58,990.0,-16.2,,,349.9,,,-38.9,27.6,214
57.028,SIGUE_MURO,1,11,2,1004.73,990.0,-15.35,,,348.1,,,-36.9,27.9,214
57.052,SIGUE_MURO,1,11,2,1004.73,990.0,-15.35,,,347.1,,,-36.9,27.8,214
57.079,SIGUE_MURO,1,11,2,1002.98,990.0,-13.6,,,346.5,,,-32.7,28.4,214
57.103,SIGUE_MURO,1,11,2,1002.98,990.0,-13.6,,,346.2,,,-32.7,28.4,214
57.128,SIGUE_MURO,1,11,2,1002.09,990.0,-12.71,,,331.4,,,-30.5,28.4,205
57.153,SIGUE_MURO,1,11,2,1002.09,990.0,-12.71,,,323.3,,,-30.5,28.2,205
57.178,SIGUE_MURO,1,11,2,1001.37,990.0,-11.99,,,318.8,,,-28.8,28.3,205
57.203,SIGUE_MURO,1,11,2,1001.37,990.0,-11.99,,,316.3,,,-28.8,28.3,205
57.228,SIGUE_MURO,1,11,2,999.73,990.0,-10.35,,,315.0,,,-24.9,28.8,205
57.253,SIGUE_MURO,1,11,2,999.73,990.0,-10.35,,,314.2,,,-24.9,28.8,205
57.278,SIGUE_MURO,1,11,2,998.93,990.0,-9.55,,,313.8,,,-22.9,29.1,205
57.303,SIGUE_MURO,1,11,2,998.93,990.0,-9.55,,,313.6,,,-22.9,29.0,205
57.328,SIGUE_MURO,1,11,2,997.78,990.0,-8.4,,,297.1,,,-20.2,29.1,191
57.353,SIGUE_MURO,1,11,2,997.78,990.0,-8.4,,,288.0,,,-20.2,29.1,191
57.378,SIGUE_MURO,1,11,2,997.78,990.0,-8.4,,,283.0,,,-20.2,29.1,191
57.404,SIGUE_MURO,1,11,2,997.28,990.0,-7.9,,,280.3,,,-19.0,29.3,191
57.428,SIGUE_MURO,1,11,2,997.28,990.0,-7.9,,,278.8,,,-19.0,29.3,191
57.453,SIGUE_MURO,1,11,2,996.96,990.0,-7.58,,,277.9,,,-18.2,29.4,191
57.479,GIRO,1,12,3,996.96,1080.0,82.42,,,277.5,,,-7.7,30.9,191
57.504,GIRO,1,12,3,996.41,1080.0,82.97,,,277.2,,,2.8,31.6,191
57.529,GIRO,1,12,3,996.41,1080.0,82.97,,,256.8,,,13.4,30.1,188
57.554,GIRO,1,12,3,996.24,1080.0,83.14,,,245.5,,,23.9,28.6,188
57.579,GIRO,1,12,3,996.24,1080.0,83.14,,,239.3,,,34.4,27.0,188
57.604,GIRO,1,12,3,996.02,1080.0,83.36,,,235.9,,,44.9,25.5,188
57.629,GIRO,1,12,3,996.02,1080.0,83.36,,,234.1,,,55.5,24.0,188
57.654,GIRO,1,12,3,995.97,1080.0,83.41,,,233.0,,,66.0,22.5,188
57.679,GIRO,1,12,3,995.97,1080.0,83.41,,,232.5,,,76.5,22.0,188
57.704,GIRO,1,12,3,995.97,1080.0,83.41,,,232.2,,,87.1,22.0,188
57.73,GIRO,1,12,3,996.37,1080.0,83.01,,,214.8,,,97.6,22.0,194
57.754,GIRO,1,12,3,996.37,1080.0,83.01,,,205.2,,,100.0,22.0,194
57.779,GIRO,1,12,3,996.94,1080.0,82.44,,,199.9,,,100.0,22.0,194
57.805,GIRO,1,12,3,996.94,1080.0,82.44,,,197.1,,,100.0,22.0,194
57.829,GIRO,1,12,3,999.75,1080.0,79.63,,,195.5,,,100.0,22.0,194
57.855,GIRO,1,12,3,999.75,1080.0,79.63,,,194.6,,,100.0,22.0,194
57.88,GIRO,1,12,3,1001.81,1080.0,77.57,,,194.1,,,100.0,22.0,194
57.905,GIRO,1,12,3,1001.81,1080.0,77.57,,,193.8,,,100.0,22.0,194
57.93,GIRO,1,12,3,1004.43,1080.0,74.95,,,177.1,,,100.0,22.0,214
57.956,GIRO,1,12,3,1004.43,1080.0,74.95,,,168.0,,,100.0,22.0,214
57.98,GIRO,1,12,3,1009.56,1080.0,69.82,,,162.9,,,100.0,22.0,214
58.005,GIRO,1,12,3,1009.56,1080.0,69.82,,,160.1,,,100.0,22.0,214
58.03,GIRO,1,12,3,1009.56,1080.0,69.82,,,158.6,,,100.0,22.0,214
58.057,GIRO,1,12,3,1012.02,1080.0,67.36,,,157.8,,,100.0,22.0,214
58.08,GIRO,1,12,3,1012.02,1080.0,67.36,,,157.3,,,100.0,22.0,214
58.105,GIRO,1,12,3,1017.13,1080.0,62.25,,,157.1,,,100.0,22.0,214
58.132,GIRO,1,12,3,1017.13,1080.0,62.25,130.4,140.1,208.1,,270.5,100.0,22.0,214
58.157,GIRO,1,12,3,1019.65,1080.0,59.73,130.4,140.1,236.1,,270.5,100.0,22.0,214
58.182,GIRO,1,12,3,1019.65,1080.0,59.73,130.4,140.1,251.6,,270.5,100.0,22.0,214
58.207,GIRO,1,12,3,1022.24,1080.0,57.14,130.4,140.1,260.1,,270.5,100.0,22.0,214
58.232,GIRO,1,12,3,1022.24,1080.0,57.14,130.4,140.1,264.7,,270.5,100.0,22.0,214
58.257,GIRO,1,12,3,1027.35,1080.0,52.03,130.4,140.1,267.3,,270.5,100.0,22.0,214
58.283,GIRO,1,12,3,1027.35,1080.0,52.03,130.4,140.1,268.7,,270.5,100.0,22.0,214
58.307,GIRO,1,12,3,1026.63,1080.0,52.75,130.4,140.1,269.5,,270.5,100.0,22.0,214
58.333,GIRO,1,12,3,1026.63,1080.0,52.75,136.0,144.7,274.0,,293.3,100.0,22.0,206
58.358,GIRO,1,12,3,1026.63,1080.0,52.75,139.1,147.3,276.5,,293.3,100.0,22.0,206
58.383,GIRO,1,12,3,1025.73,1080.0,53.65,140.8,148.7,277.9,,293.3,100.0,22.0,206
58.408,GIRO,1,12,3,1025.73,1080.0,53.65,141.8,149.4,278.7,,293.3,100.0,22.0,206
58.433,GIRO,1,12,3,1025.14,1080.0,54.24,142.3,149.8,279.1,,293.3,100.0,22.0,206
58.458,GIRO,1,12,3,1025.14,1080.0,54.24,142.6,150.1,279.3,,293.3,100.0,22.0,206
58.483,GIRO,1,12,3,1024.96,1080.0,54.42,142.7,150.2,279.5,,293.3,100.0,22.0,206
58.508,GIRO,1,12,3,1024.96,1080.0,54.42,142.8,150.3,279.5,,293.3,100.0,22.0,206
58.533,GIRO,1,12,3,1024.85,1080.0,54.53,144.4,147.8,269.5,,290.9,100.0,22.0,214
58.558,GIRO,1,12,3,1024.85,1080.0,54.53,145.2,146.4,264.0,,290.9,100.0,22.0,214
58.583,GIRO,1,12,3,1024.78,1080.0,54.6,145.7,145.6,260.9,,290.9,100.0,22.0,214
58.608,GIRO,1,12,3,1024.78,1080.0,54.6,145.9,145.2,259.3,,290.9,100.0,22.0,214
58.634,GIRO,1,12,3,1024.76,1080.0,54.62,146.1,145.0,258.4,,290.9,100.0,22.0,214
58.658,GIRO,1,12,3,1024.76,1080.0,54.62,146.1,144.9,257.8,,290.9,100.0,22.0,214
58.684,GIRO,1,12,3,1024.76,1080.0,54.62,146.2,144.8,257.6,,290.9,100.0,22.0,214
58.709,GIRO,1,12,3,1024.76,1080.0,54.62,146.2,144.7,257.4,,290.9,100.0,22.0,214
58.734,GIRO,1,12,3,1024.76,1080.0,54.62,145.1,96.2,212.1,,180.5,100.0,22.0,214
58.759,GIRO,1,12,3,1024.73,1080.0,54.65,144.4,69.5,187.2,,180.5,100.0,22.0,214
58.784,GIRO,1,12,3,1024.73,1080.0,54.65,144.1,54.8,173.5,,180.5,100.0,22.0,214
58.809,GIRO,1,12,3,1024.73,1080.0,54.65,143.9,46.7,166.0,,180.5,100.0,22.0,214
58.834,GIRO,1,12,3,1024.73,1080.0,54.65,143.8,42.3,161.8,,180.5,100.0,22.0,214
58.859,GIRO,1,12,3,1024.71,1080.0,54.67,143.7,39.8,159.5,,180.5,100.0,22.0,214
58.884,GIRO,1,12,3,1024.71,1080.0,54.67,143.7,38.5,158.3,,180.5,100.0,22.0,214
58.909,GIRO,1,12,3,1024.71,1080.0,54.67,143.7,37.8,157.6,,180.5,100.0,22.0,214
58.936,GIRO,1,12,3,1024.71,1080.0,54.67,137.2,38.4,157.2,,168.4,100.0,22.0,214
58.96,GIRO,1,12,3,1024.71,1080.0,54.67,133.7,38.7,157.0,,168.4,100.0,22.0,214
58.984,GIRO,1,12,3,1024.71,1080.0,54.67,131.7,38.9,156.9,,168.4,100.0,22.0,214
59.01,GIRO,1,12,3,1024.71,1080.0,54.67,130.6,39.0,156.8,,168.4,100.0,22.0,214
59.035,GIRO,1,12,3,1024.51,1080.0,54.87,130.0,39.1,156.8,,168.4,100.0,22.0,214
59.061,GIRO,1,12,3,1024.51,1080.0,54.87,129.7,39.1,156.8,,168.4,100.0,22.0,214
59.085,GIRO,1,12,3,1024.45,1080.0,54.93,129.5,39.1,156.8,,168.4,100.0,22.0,214
59.11,GIRO,1,12,3,1024.45,1080.0,54.93,129.4,39.1,156.8,,168.4,100.0,22.0,214
59.135,GIRO,1,12,3,1024.42,1080.0,54.96,135.4,39.2,156.8,,181.9,100.0,22.0,214
59.161,GIRO,1,12,3,1024.42,1080.0,54.96,138.7,39.2,156.8,,181.9,100.0,22.0,214
59.185,GIRO,1,12,3,1024.38,1080.0,55.0,140.5,39.2,156.8,,181.9,100.0,22.0,214
59.21,GIRO,1,12,3,1024.38,1080.0,55.0,141.5,39.2,156.8,,181.9,100.0,22.0,214
59.236,GIRO,1,12,3,1024.37,1080.0,55.01,142.0,39.2,156.8,,181.9,100.0,22.0,214
59.26,GIRO,1,12,3,1024.37,1080.0,55.01,142.3,39.2,156.7,,181.9,100.0,22.0,214
59.286,GIRO,1,12,3,1024.35,1080.0,55.03,142.5,39.3,156.7,,181.9,100.0,22.0,214
59.31,GIRO,1,12,3,1024.35,1080.0,55.03,142.6,39.3,156.7,,181.9,100.0,22.0,214
59.336,GIRO,1,12,3,1024.35,1080.0,55.03,142.4,40.3,156.7,,183.6,100.0,22.0,214
59.361,GIRO,1,12,3,1024.34,1080.0,55.04,142.2,40.9,156.7,,183.6,100.0,22.0,214
59.386,GIRO,1,12,3,1024.34,1080.0,55.04,142.2,41.2,156.7,,183.6,100.0,22.0,214
59.411,GIRO,1,12,3,1024.34,1080.0,55.04,142.1,41.3,156.7,,183.6,100.0,22.0,214
59.436,GIRO,1,12,3,1024.34,1080.0,55.04,142.1,41.4,156.7,,183.6,100.0,22.0,214
59.461,GIRO,1,12,3,1024.34,1080.0,55.04,142.1,41.5,156.7,,183.6,100.0,22.0,214
59.487,GIRO,1,12,3,1024.34,1080.0,55.04,142.1,41.5,156.7,,183.6,100.0,22.0,214
59.511,GIRO,1,12,3,1024.3,1080.0,55.08,142.1,41.5,156.7,,183.6,100.0,22.0,214
59.535,GIRO,1,12,3,1024.3,1080.0,55.08,135.3,,156.7,,,100.0,22.0,214
59.56,GIRO,1,12,3,1024.3,1080.0,55.08,131.5,,156.7,,,100.0,22.0,214
59.585,GIRO,1,12,3,1024.3,1080.0,55.08,129.4,,156.7,,,100.0,22.0,214
59.61,GIRO,1,12,3,1024.3,1080.0,55.08,128.3,,156.7,,,100.0,22.0,214
59.635,GIRO,1,12,3,1024.3,1080.0,55.08,127.7,,156.7,,,100.0,22.0,214
59.66,GIRO,1,12,3,1024.3,1080.0,55.08,127.3,,156.7,,,100.0,22.0,214
59.685,GIRO,1,12,3,1024.27,1080.0,55.11,127.2,,156.7,,,100.0,22.0,214
59.71,GIRO,1,12,3,1024.27,1080.0,55.11,127.0,,156.7,,,100.0,22.0,214
59.736,GIRO,1,12,3,1024.27,1080.0,55.11,126.9,24.0,156.7,,150.6,100.0,22.0,214
59.762,GIRO,1,12,3,1024.27,1080.0,55.11,126.8,24.0,156.7,,150.6,100.0,22.0,214
59.787,GIRO,1,12,3,1024.24,1080.0,55.14,126.7,24.0,156.7,,150.6,100.0,22.0,214
59.812,GIRO,1,12,3,1024.24,1080.0,55.14,126.7,24.0,156.7,,150.6,100.0,22.0,214
59.837,GIRO,1,12,3,1024.23,1080.0,55.15,126.7,24.0,156.7,,150.6,100.0,22.0,214
59.862,GIRO,1,12,3,1024.23,1080.0,55.15,126.7,24.0,156.7,,150.6,100.0,22.0,214
59.887,GIRO,1,12,3,1024.23,1080.0,55.15,126.7,24.0,156.7,,150.6,100.0,22.0,214
59.912,GIRO,1,12,3,1024.23,1080.0,55.15,126.7,24.0,156.7,,150.6,100.0,22.0,214
59.936,GIRO,1,12,3,1024.23,1080.0,55.15,126.5,,156.7,,,100.0,22.0,214
59.961,GIRO,1,12,3,1024.23,1080.0,55.15,126.4,,156.7,,,100.0,22.0,214
59.986,GIRO,1,12,3,1024.23,1080.0,55.15,126.3,,156.7,,,100.0,22.0,214
60.011,GIRO,1,12,3,1024.23,1080.0,55.15,126.3,,156.7,,,100.0,22.0,214
60.037,GIRO,1,12,3,1024.23,1080.0,55.15,126.2,,156.7,,,100.0,22.0,214
60.061,GIRO,1,12,3,1024.23,1080.0,55.15,126.2,,156.7,,,100.0,22.0,214
60.086,GIRO,1,12,3,1024.23,1080.0,55.15,126.2,,156.7,,,100.0,22.0,214
60.111,GIRO,1,12,3,1024.23,1080.0,55.15,126.2,,156.7,,,100.0,22.0,214
60.137,GIRO,1,12,3,1024.23,1080.0,55.15,126.7,55.8,156.7,,183.1,100.0,22.0,214
60.163,GIRO,1,12,3,1024.23,1080.0,55.15,127.0,55.8,156.7,,183.1,100.0,22.0,214
60.188,GIRO,1,12,3,1024.23,1080.0,55.15,127.1,55.8,156.7,,183.1,100.0,22.0,214
60.212,GIRO,1,12,3,1024.23,1080.0,55.15,127.2,55.8,156.7,,183.1,100.0,22.0,214
60.237,GIRO,1,12,3,1024.23,1080.0,55.15,127.3,55.8,156.7,,183.1,100.0,22.0,214
60.263,GIRO,1,12,3,1024.23,1080.0,55.15,127.3,55.8,156.7,,183.1,100.0,22.0,214
60.288,GIRO,1,12,3,1024.23,1080.0,55.15,127.3,55.8,156.7,,183.1,100.0,22.0,214
60.313,GIRO,1,12,3,1024.23,1080.0,55.15,127.3,55.8,156.7,,183.1,100.0,22.0,214
60.339,GIRO,1,12,3,1024.23,1080.0,55.15,132.7,91.2,181.6,,273.7,100.0,22.0,214
60.363,GIRO,1,12,3,1024.23,1080.0,55.15,135.6,110.7,195.2,,273.7,100.0,22.0,214
60.389,GIRO,1,12,3,1024.21,1080.0,55.17,137.2,121.4,202.7,,273.7,100.0,22.0,214
60.415,GIRO,1,12,3,1024.21,1080.0,55.17,138.1,127.3,206.9,,273.7,100.0,22.0,214
60.44,GIRO,1,12,3,1024.21,1080.0,55.17,138.6,130.5,209.1,,273.7,100.0,22.0,214
60.465,GIRO,1,12,3,1024.21,1080.0,55.17,138.9,132.3,210.4,,273.7,100.0,22.0,214
60.489,GIRO,1,12,3,1024.21,1080.0,55.17,139.0,133.3,211.1,,273.7,100.0,22.0,214
60.514,GIRO,1,12,3,1024.21,1080.0,55.17,139.1,133.8,211.5,,273.7,100.0,22.0,214
60.539,GIRO,1,12,3,1024.21,1080.0,55.17,132.0,131.4,231.5,,251.9,100.0,22.0,214
60.564,GIRO,1,12,3,1024.21,1080.0,55.17,128.1,130.1,242.6,,251.9,100.0,22.0,214
60.59,GIRO,1,12,3,1024.21,1080.0,55.17,126.0,129.4,248.7,,251.9,100.0,22.0,214
60.614,GIRO,1,12,3,1024.21,1080.0,55.17,124.8,129.0,252.0,,251.9,100.0,22.0,214
60.639,GIRO,1,12,3,1024.21,1080.0,55.17,124.2,128.7,253.9,,251.9,100.0,22.0,214
60.664,GIRO,1,12,3,1024.21,1080.0,55.17,123.8,128.6,254.9,,251.9,100.0,22.0,214
60.689,GIRO,1,12,3,1024.21,1080.0,55.17,123.6,128.6,255.4,,251.9,100.0,22.0,214
60.714,GIRO,1,12,3,1024.21,1080.0,55.17,123.5,128.5,255.7,,251.9,100.0,22.0,214
60.739,GIRO,1,12,3,1024.21,1080.0,55.17,130.7,82.9,253.9,,166.6,100.0,22.0,214
60.764,GIRO,1,12,3,1024.21,1080.0,55.17,134.6,57.8,252.9,,166.6,100.0,22.0,214
60.789,GIRO,1,12,3,1024.21,1080.0,55.17,136.8,44.0,252.3,,166.6,100.0,22.0,214
60.815,GIRO,1,12,3,1024.21,1080.0,55.17,138.0,36.4,252.0,,166.6,100.0,22.0,214
60.839,GIRO,1,12,3,1024.21,1080.0,55.17,138.6,32.3,251.9,,166.6,100.0,22.0,214
60.864,GIRO,1,12,3,1024.21,1080.0,55.17,139.0,30.0,251.8,,166.6,100.0,22.0,214
60.89,GIRO,1,12,3,1024.21,1080.0,55.17,139.2,28.7,251.7,,166.6,100.0,22.0,214
60.915,GIRO,1,12,3,1024.21,1080.0,55.17,139.3,28.0,251.7,,166.6,100.0,22.0,214
60.939,GIRO,1,12,3,1024.21,1080.0,55.17,139.4,70.8,254.7,,262.7,100.0,22.0,214
60.965,GIRO,1,12,3,1024.21,1080.0,55.17,139.5,94.4,256.4,,262.7,100.0,22.0,214
60.989,GIRO,1,12,3,1024.21,1080.0,55.17,139.5,107.3,257.3,,262.7,100.0,22.0,214
61.015,GIRO,1,12,3,1024.21,1080.0,55.17,139.5,114.4,257.8,,262.7,100.0,22.0,214
61.04,GIRO,1,12,3,1024.21,1080.0,55.17,139.6,118.4,258.0,,262.7,100.0,22.0,214
61.065,GIRO,1,12,3,1024.21,1080.0,55.17,139.6,120.5,258.2,,262.7,100.0,22.0,214
61.09,GIRO,1,12,3,1024.21,1080.0,55.17,139.6,121.7,258.3,,262.7,100.0,22.0,214
61.115,GIRO,1,12,3,1024.21,1080.0,55.17,139.6,122.3,258.3,,262.7,100.0,22.0,214
61.141,GIRO,1,12,3,1024.21,1080.0,55.17,140.1,110.1,258.3,,235.9,100.0,22.0,214
61.165,GIRO,1,12,3,1024.21,1080.0,55.17,140.4,103.3,258.4,,235.9,100.0,22.0,214
61.19,GIRO,1,12,3,1024.21,1080.0,55.17,140.6,99.6,258.4,,235.9,100.0,22.0,214
61.215,GIRO,1,12,3,1024.21,1080.0,55.17,140.7,97.6,258.4,,235.9,100.0,22.0,214
61.24,GIRO,1,12,3,1024.21,1080.0,55.17,140.7,96.4,258.4,,235.9,100.0,22.0,214
61.266,GIRO,1,12,3,1024.21,1080.0,55.17,140.8,95.8,258.4,,235.9,100.0,22.0,214
61.29,GIRO,1,12,3,1024.21,1080.0,55.17,140.8,95.5,258.4,,235.9,100.0,22.0,214
61.316,GIRO,1,12,3,1024.21,1080.0,55.17,140.8,95.3,258.4,,235.9,100.0,22.0,214
61.34,GIRO,1,12,3,1024.21,1080.0,55.17,133.3,97.4,258.4,,224.1,100.0,22.0,214
61.366,GIRO,1,12,3,1024.21,1080.0,55.17,129.2,98.5,258.4,,224.1,100.0,22.0,214
61.39,GIRO,1,12,3,1024.21,1080.0,55.17,127.0,99.1,258.4,,224.1,100.0,22.0,214
61.415,GIRO,1,12,3,1024.21,1080.0,55.17,125.7,99.5,258.4,,224.1,100.0,22.0,214
61.441,GIRO,1,12,3,1024.21,1080.0,55.17,125.0,99.7,258.4,,224.1,100.0,22.0,214
61.466,GIRO,1,12,3,1024.21,1080.0,55.17,124.7,99.8,258.4,,224.1,100.0,22.0,214
61.491,GIRO,1,12,3,1024.21,1080.0,55.17,124.5,99.8,258.4,,224.1,100.0,22.0,214
61.516,GIRO,1,12,3,1024.21,1080.0,55.17,124.3,99.8,258.4,,224.1,100.0,22.0,214
61.54,GIRO,1,12,3,1024.21,1080.0,55.17,131.6,116.3,215.2,,276.7,100.0,22.0,214
61.565,GIRO,1,12,3,1024.21,1080.0,55.17,135.5,125.3,191.4,,276.7,100.0,22.0,214
61.591,GIRO,1,12,3,1024.21,1080.0,55.17,137.7,130.3,178.4,,276.7,100.0,22.0,214
61.616,GIRO,1,12,3,1024.21,1080.0,55.17,138.9,133.0,171.2,,276.7,100.0,22.0,214
61.641,GIRO,1,12,3,1024.21,1080.0,55.17,139.6,134.5,167.2,,276.7,100.0,22.0,214
61.666,GIRO,1,12,3,1024.21,1080.0,55.17,139.9,135.4,165.1,,276.7,100.0,22.0,214
61.691,GIRO,1,12,3,1024.21,1080.0,55.17,140.1,135.8,163.9,,276.7,100.0,22.0,214
61.716,GIRO,1,12,3,1024.21,1080.0,55.17,140.2,136.1,163.2,,276.7,100.0,22.0,214
61.741,GIRO,1,12,3,1024.21,1080.0,55.17,133.9,137.5,166.0,,265.3,100.0,22.0,214
61.766,GIRO,1,12,3,1024.21,1080.0,55.17,130.4,138.2,167.6,,265.3,100.0,22.0,214
61.791,GIRO,1,12,3,1024.21,1080.0,55.17,128.5,138.6,168.4,,265.3,100.0,22.0,214
61.817,GIRO,1,12,3,1024.21,1080.0,55.17,127.4,138.9,168.9,,265.3,100.0,22.0,214
61.842,GIRO,1,12,3,1024.21,1080.0,55.17,126.9,139.0,169.2,,265.3,100.0,22.0,214
61.866,GIRO,1,12,3,1024.21,1080.0,55.17,126.5,139.1,169.3,,265.3,100.0,22.0,214
61.892,GIRO,1,12,3,1024.21,1080.0,55.17,126.4,139.1,169.4,,265.3,100.0,22.0,214
61.917,GIRO,1,12,3,1024.21,1080.0,55.17,126.3,139.1,169.4,,265.3,100.0,22.0,214
61.941,GIRO,1,12,3,1024.21,1080.0,55.17,126.5,137.3,168.6,,261.8,100.0,22.0,214
61.967,GIRO,1,12,3,1024.21,1080.0,55.17,126.6,136.3,168.2,,261.8,100.0,22.0,214
61.991,FINAL,1,12,3,1024.21,1080.0,70.29,126.6,135.8,167.9,,261.8,100.0,22.0,214
62.018,RECUPERANDO,1,12,3,1024.21,1080.0,70.29,126.7,135.5,167.8,,261.8,-60.0,-38.0,214
62.043,RECUPERANDO,1,12,3,1024.21,1080.0,70.29,126.7,135.3,167.7,,261.8,60.0,-38.0,214
62.067,RECUPERANDO,1,12,3,1024.21,1080.0,70.29,126.7,135.2,167.7,,261.8,-60.0,-38.0,214
62.092,RECUPERANDO,1,12,3,1024.21,1080.0,70.29,126.7,135.2,167.7,,261.8,60.0,-38.0,214
62.117,RECUPERANDO,1,12,3,1024.21,1080.0,70.29,126.7,135.2,167.7,,261.8,-60.0,-38.0,214
62.143,RECUPERANDO,1,12,3,1024.21,1080.0,70.29,132.0,107.6,207.0,,212.5,60.0,-38.0,214
62.168,RECUPERANDO,1,12,3,1024.21,1080.0,70.29,134.9,92.5,228.6,,212.5,-60.0,-38.0,214
62.192,RECUPERANDO,1,12,3,1024.21,1080.0,70.29,136.5,84.2,240.4,,212.5,60.0,-38.0,214
62.218,RECUPERANDO,1,12,3,1024.25,1080.0,70.29,137.4,79.6,247.0,,212.5,-60.0,-38.0,214
62.244,RECUPERANDO,1,12,3,1024.25,1080.0,70.29,137.9,77.1,250.6,,212.5,60.0,-38.0,214
62.268,RECUPERANDO,1,12,3,1024.25,1080.0,70.29,138.2,75.7,252.6,,212.5,-60.0,-38.0,214
62.293,RECUPERANDO,1,12,3,1024.12,1080.0,70.29,138.3,74.9,253.6,,212.5,60.0,-38.0,214
62.318,RECUPERANDO,1,12,3,1024.12,1080.0,70.29,138.4,74.5,254.2,,212.5,-60.0,-38.0,214
62.343,RECUPERANDO,1,12,3,1024.07,1080.0,70.29,138.3,102.0,255.6,,273.6,60.0,-38.0,214
62.368,RECUPERANDO,1,12,3,1024.07,1080.0,70.29,138.2,117.1,256.3,,273.6,-60.0,-38.0,214
62.393,RECUPERANDO,1,12,3,1024.15,1080.0,70.29,138.1,125.4,256.7,,273.6,60.0,-38.0,214
62.418,RECUPERANDO,1,12,3,1024.15,1080.0,70.29,138.1,129.9,257.0,,273.6,-60.0,-38.0,214
62.443,RECUPERANDO,1,12,3,1023.04,1080.0,70.29,138.1,132.5,257.1,,273.6,60.0,-38.0,214
62.468,RECUPERANDO,1,12,3,1023.04,1080.0,70.29,138.1,133.8,257.1,,273.6,-60.0,-38.0,214
62.493,RECUPERANDO,1,12,3,1021.88,1080.0,70.29,138.1,134.6,257.2,,273.6,60.0,-38.0,214
62.518,RECUPERANDO,1,12,3,1021.88,1080.0,70.29,138.1,135.0,257.2,,273.6,-60.0,-38.0,214
62.544,RECUPERANDO,1,12,3,1021.04,1080.0,70.29,138.1,138.6,263.2,,281.0,60.0,-38.0,214
62.569,RECUPERANDO,1,12,3,1021.04,1080.0,70.29,138.1,140.6,266.4,,281.0,-60.0,-38.0,214
62.593,RECUPERANDO,1,12,3,1021.04,1080.0,70.29,138.1,141.6,268.2,,281.0,60.0,-38.0,214
62.618,RECUPERANDO,1,12,3,1021.53,1080.0,70.29,138.1,142.2,269.2,,281.0,-60.0,-38.0,214
62.644,RECUPERANDO,1,12,3,1021.53,1080.0,70.29,138.1,142.6,269.8,,281.0,60.0,-38.0,214
62.669,RECUPERANDO,1,12,3,1024.22,1080.0,70.29,138.1,142.7,270.1,,281.0,-60.0,-38.0,214
62.694,RECUPERANDO,1,12,3,1024.22,1080.0,70.29,138.1,142.8,270.2,,281.0,60.0,-38.0,214
62.719,RECUPERANDO,1,12,3,1025.64,1080.0,70.29,138.1,142.9,270.3,,281.0,-60.0,-38.0,214
62.741,RECUPERANDO,1,12,3,1025.64,1080.0,70.29,,,219.2,,,60.0,-38.0,214
62.766,RECUPERANDO,1,12,3,1026.86,1080.0,70.29,,,191.1,,,-60.0,-38.0,214
62.792,RECUPERANDO,1,12,3,1026.86,1080.0,70.29,,,175.6,,,60.0,-38.0,214
62.816,RECUPERANDO,1,12,3,1026.52,1080.0,70.29,,,167.1,,,-60.0,-38.0,214
62.841,RECUPERANDO,1,12,3,1026.52,1080.0,70.29,,,162.5,,,60.0,-38.0,214
62.866,RECUPERANDO,1,12,3,1025.29,1080.0,70.29,,,159.9,,,-60.0,-38.0,214
62.891,RECUPERANDO,1,12,3,1025.29,1080.0,70.29,,,158.5,,,60.0,-38.0,214
62.917,RECUPERANDO,1,12,3,1025.29,1080.0,70.29,,,157.7,,,-60.0,-38.0,214
62.942,SIGUE_MURO,1,12,3,1022.88,1080.0,56.5,,,177.0,,,-49.5,24.9,214
62.967,SIGUE_MURO,1,12,3,1022.88,1080.0,56.5,,,187.6,,,-38.9,26.4,214
62.992,SIGUE_MURO,1,12,3,1016.39,1080.0,62.99,,,193.4,,,-28.4,27.9,214
63.018,SIGUE_MURO,1,12,3,1016.39,1080.0,62.99,,,196.7,,,-17.9,29.4,214
63.042,SIGUE_MURO,1,12,3,1013.14,1080.0,66.24,,,198.4,,,-7.4,30.9,214
63.067,SIGUE_MURO,1,12,3,1013.14,1080.0,66.24,,,199.4,,,3.2,31.5,214
63.092,SIGUE_MURO,1,12,3,1010.16,1080.0,69.22,,,199.9,,,13.7,30.0,214
63.117,SIGUE_MURO,1,12,3,1010.16,1080.0,69.22,,,200.2,,,24.2,28.5,214
63.142,SIGUE_MURO,1,12,3,1007.82,1080.0,71.56,,,224.9,,,34.7,27.0,214
63.167,SIGUE_MURO,1,12,3,1007.82,1080.0,71.56,,,238.4,,,45.3,25.5,214
63.192,SIGUE_MURO,1,12,3,1007.78,1080.0,71.6,,,245.9,,,55.8,24.0,214
63.217,SIGUE_MURO,1,12,3,1007.78,1080.0,71.6,,,250.0,,,66.3,22.5,214
63.243,SIGUE_MURO,1,12,3,1007.78,1080.0,71.6,,,252.2,,,76.8,22.0,214
63.267,SIGUE_MURO,1,12,3,1007.74,1080.0,71.64,,,253.5,,,87.4,22.0,214
63.292,SIGUE_MURO,1,12,3,1007.74,1080.0,71.64,,,254.1,,,97.9,22.0,214
63.318,SIGUE_MURO,1,12,3,1007.86,1080.0,71.52,,,254.5,,,100.0,22.0,214
63.343,SIGUE_MURO,1,12,3,1007.86,1080.0,71.52,,,264.6,,,100.0,22.0,214
63.368,SIGUE_MURO,1,12,3,1008.2,1080.0,71.18,,,270.1,,,100.0,22.0,214
63.393,SIGUE_MURO,1,12,3,1008.2,1080.0,71.18,,,273.2,,,100.0,22.0,214
63.418,SIGUE_MURO,1,12,3,1007.9,1080.0,71.48,,,274.9,,,100.0,22.0,214
63.443,SIGUE_MURO,1,12,3,1007.9,1080.0,71.48,,,275.8,,,100.0,22.0,214
63.468,SIGUE_MURO,1,12,3,1008.63,1080.0,70.75,,,276.3,,,100.0,22.0,214
63.493,SIGUE_MURO,1,12,3,1008.63,1080.0,70.75,,,276.6,,,100.0,22.0,214
63.518,SIGUE_MURO,1,12,3,1010.96,1080.0,68.42,,,276.7,,,100.0,22.0,214
63.543,SIGUE_MURO,1,12,3,1010.96,1080.0,68.42,,,268.0,,,100.0,22.0,214
63.568,SIGUE_MURO,1,12,3,1010.96,1080.0,68.42,,,263.1,,,100.0,22.0,214
63.593,GIRO,1,13,3,1015.28,1170.0,154.1,,,260.5,,,100.0,22.0,214
63.618,GIRO,1,13,3,1015.28,1170.0,154.1,,,259.0,,,100.0,22.0,214
63.643,GIRO,1,13,3,1017.58,1170.0,151.8,,,258.2,,,100.0,22.0,214
63.668,GIRO,1,13,3,1017.58,1170.0,151.8,,,257.8,,,100.0,22.0,214
63.694,GIRO,1,13,3,1019.94,1170.0,149.44,,,257.5,,,100.0,22.0,214
63.719,GIRO,1,13,3,1019.94,1170.0,149.44,,,257.4,,,100.0,22.0,214
63.744,GIRO,1,13,3,1024.57,1170.0,144.81,,,244.3,,,100.0,22.0,214
63.769,GIRO,1,13,3,1024.57,1170.0,144.81,,,237.0,,,100.0,22.0,214
63.794,GIRO,1,13,3,1026.69,1170.0,142.69,,,233.0,,,100.0,22.0,214
63.819,GIRO,1,13,3,1026.69,1170.0,142.69,,,230.9,,,100.0,22.0,214
63.844,GIRO,1,13,3,1028.91,1170.0,140.47,,,229.7,,,100.0,22.0,214
63.869,GIRO,1,13,3,1028.91,1170.0,140.47,,,229.0,,,100.0,22.0,214
63.894,GIRO,1,13,3,1028.91,1170.0,140.47,,,228.6,,,100.0,22.0,214
63.919,GIRO,1,13,3,1032.91,1170.0,136.47,,,228.4,,,100.0,22.0,214
63.944,GIRO,1,13,3,1032.91,1170.0,136.47,,,215.3,,,100.0,22.0,214
63.969,GIRO,1,13,3,1034.97,1170.0,134.41,,,208.1,,,100.0,22.0,214
63.994,GIRO,1,13,3,1034.97,1170.0,134.41,,,204.1,,,100.0,22.0,214
64.019,GIRO,1,13,3,1037.09,1170.0,132.29,,,201.9,,,100.0,22.0,214
64.044,GIRO,1,13,3,1037.09,1170.0,132.29,,,200.7,,,100.0,22.0,214
64.069,GIRO,1,13,3,1041.33,1170.0,128.05,,,200.1,,,100.0,22.0,214
64.094,GIRO,1,13,3,1041.33,1170.0,128.05,,,199.7,,,100.0,22.0,214
64.12,GIRO,1,13,3,1043.3,1170.0,126.08,,,183.3,,,100.0,22.0,214
64.144,GIRO,1,13,3,1043.3,1170.0,126.08,,,174.3,,,100.0,22.0,214
64.17,GIRO,1,13,3,1047.35,1170.0,122.03,,,169.3,,,100.0,22.0,214
64.195,GIRO,1,13,3,1047.35,1170.0,122.03,,,166.6,,,100.0,22.0,214
64.22,GIRO,1,13,3,1047.35,1170.0,122.03,,,165.1,,,100.0,22.0,214
64.245,GIRO,1,13,3,1049.38,1170.0,120.0,,,164.3,,,100.0,22.0,214
64.27,GIRO,1,13,3,1049.38,1170.0,120.0,,,163.8,,,100.0,22.0,214
64.295,GIRO,1,13,3,1051.3,1170.0,118.08,,,163.6,,,100.0,22.0,214
64.321,GIRO,1,13,3,1051.3,1170.0,118.08,103.5,,160.7,,,100.0,22.0,214
64.346,GIRO,1,13,3,1055.46,1170.0,113.92,103.5,,159.1,,,100.0,22.0,214
64.371,GIRO,1,13,3,1055.46,1170.0,113.92,103.5,,158.2,,,100.0,22.0,214
64.397,GIRO,1,13,3,1057.55,1170.0,111.83,103.5,,157.7,,,100.0,22.0,214
64.422,GIRO,1,13,3,1057.55,1170.0,111.83,103.5,,157.5,,,100.0,22.0,214
64.447,GIRO,1,13,3,1059.6,1170.0,109.78,103.5,,157.3,,,100.0,22.0,214
64.472,GIRO,1,13,3,1059.6,1170.0,109.78,103.5,,157.2,,,100.0,22.0,214
64.497,GIRO,1,13,3,1064.06,1170.0,105.32,103.5,,157.2,,,100.0,22.0,214
64.522,GIRO,1,13,3,1064.06,1170.0,105.32,105.0,,159.5,324.0,,100.0,22.0,174
64.548,GIRO,1,13,3,1066.26,1170.0,103.12,105.9,,160.8,324.0,,100.0,22.0,174
64.572,GIRO,1,13,3,1066.26,1170.0,103.12,106.4,,161.5,324.0,,100.0,22.0,174
64.597,GIRO,1,13,3,1066.26,1170.0,103.12,106.7,,161.9,324.0,,100.0,22.0,174
64.622,GIRO,1,13,3,1068.53,1170.0,100.85,106.8,,162.2,324.0,,100.0,22.0,174
64.647,GIRO,1,13,3,1068.53,1170.0,100.85,106.9,,162.3,324.0,,100.0,22.0,174
64.672,GIRO,1,13,3,1073.16,1170.0,96.22,106.9,,162.3,324.0,,100.0,22.0,174
64.697,GIRO,1,13,3,1073.16,1170.0,96.22,107.0,,162.4,324.0,,100.0,22.0,174
64.722,GIRO,1,13,3,1075.44,1170.0,93.94,124.9,,162.6,,,100.0,22.0,170
64.747,GIRO,1,13,3,1075.44,1170.0,93.94,134.7,,162.7,,,100.0,22.0,170
64.774,GIRO,1,13,3,1077.58,1170.0,91.8,140.2,,162.8,,,100.0,22.0,170
64.797,GIRO,1,13,3,1077.58,1170.0,91.8,143.1,,162.8,,,100.0,22.0,170
64.822,GIRO,1,13,3,1081.96,1170.0,87.42,144.8,,162.8,,,100.0,22.0,170
64.847,GIRO,1,13,3,1081.96,1170.0,87.42,145.7,,162.8,,,100.0,22.0,170
64.874,GIRO,1,13,3,1083.98,1170.0,85.4,146.2,,162.8,,,100.0,22.0,170
64.897,GIRO,1,13,3,1083.98,1170.0,85.4,146.4,,162.8,,,100.0,22.0,170
64.923,GIRO,1,13,3,1083.98,1170.0,85.4,300.6,,160.1,,,100.0,22.0,201
64.948,GIRO,1,13,3,1088.25,1170.0,81.13,385.4,,158.6,,,100.0,22.0,201
64.973,GIRO,1,13,3,1088.25,1170.0,81.13,432.0,,157.8,,,100.0,22.0,201
64.998,GIRO,1,13,3,1090.43,1170.0,78.95,457.6,,157.3,,,100.0,22.0,201
65.024,GIRO,1,13,3,1090.43,1170.0,78.95,471.7,,157.1,,,100.0,22.0,201
65.048,GIRO,1,13,3,1092.85,1170.0,76.53,479.5,,156.9,,,100.0,22.0,201
65.073,GIRO,1,13,3,1092.85,1170.0,76.53,483.8,,156.8,,,100.0,22.0,201
65.099,GIRO,1,13,3,1097.44,1170.0,71.94,486.1,,156.8,,,100.0,22.0,201
65.124,GIRO,1,13,3,1097.44,1170.0,71.94,531.8,,156.8,,,100.0,22.0,214
65.149,GIRO,1,13,3,1099.91,1170.0,69.47,557.0,,156.8,,,100.0,22.0,214
65.174,GIRO,1,13,3,1099.91,1170.0,69.47,570.8,,156.8,,,100.0,22.0,214
65.199,GIRO,1,13,3,1099.91,1170.0,69.47,578.4,,156.8,,,100.0,22.0,214
65.225,GIRO,1,13,3,1102.33,1170.0,67.05,582.6,,156.8,,,100.0,22.0,214
65.25,GIRO,1,13,3,1102.33,1170.0,67.05,584.9,,156.8,,,100.0,22.0,214
65.275,GIRO,1,13,3,1107.05,1170.0,62.33,586.2,,156.8,,,100.0,22.0,214
65.3,GIRO,1,13,3,1107.05,1170.0,62.33,586.9,,156.8,,,100.0,22.0,214
65.324,GIRO,1,13,3,1109.39,1170.0,59.99,347.7,,271.7,,,100.0,22.0,214
65.349,GIRO,1,13,3,1109.39,1170.0,59.99,216.2,,334.9,,,100.0,22.0,214
65.374,GIRO,1,13,3,1111.55,1170.0,57.83,143.9,,369.7,,,100.0,22.0,214
65.399,GIRO,1,13,3,1111.55,1170.0,57.83,104.1,,388.8,,,100.0,22.0,214
65.424,GIRO,1,13,3,1115.36,1170.0,54.02,82.2,,399.3,,,100.0,22.0,214
65.45,GIRO,1,13,3,1115.36,1170.0,54.02,70.2,,405.1,,,100.0,22.0,214
65.474,GIRO,1,13,3,1116.98,1170.0,52.4,63.5,,408.3,,,100.0,22.0,214
65.5,GIRO,1,13,3,1116.98,1170.0,52.4,59.9,,410.0,,,100.0,22.0,214
65.525,GIRO,1,13,3,1116.98,1170.0,52.4,83.6,,398.2,,,100.0,22.0,214
65.551,GIRO,1,13,3,1118.78,1170.0,50.6,96.6,,391.7,,,100.0,22.0,214
65.575,GIRO,1,13,3,1118.78,1170.0,50.6,103.8,,388.1,,,100.0,22.0,214
65.599,GIRO,1,13,3,1122.33,1170.0,47.05,107.7,,386.1,,,100.0,22.0,214
65.624,GIRO,1,13,3,1122.33,1170.0,47.05,109.9,,385.1,,,100.0,22.0,214
65.65,GIRO,1,13,3,1124.11,1170.0,45.27,111.1,,384.5,,,100.0,22.0,214
65.674,GIRO,1,13,3,1124.11,1170.0,45.27,111.7,,384.1,,,100.0,22.0,214
65.699,GIRO,1,13,3,1128.06,1170.0,41.32,112.1,,383.9,,,99.2,22.0,214
65.725,GIRO,1,13,3,1128.06,1170.0,41.32,142.6,,365.9,,,99.2,22.0,214
65.75,GIRO,1,13,3,1130.01,1170.0,39.37,159.3,,355.9,,,94.5,22.0,214
65.776,GIRO,1,13,3,1130.01,1170.0,39.37,168.6,,350.4,,,94.5,22.0,214
65.8,GIRO,1,13,3,1132.23,1170.0,37.15,173.6,,347.4,,,89.1,22.0,214
65.825,GIRO,1,13,3,1132.23,1170.0,37.15,176.4,,345.8,,,89.1,22.0,214
65.85,GIRO,1,13,3,1132.23,1170.0,37.15,178.0,,344.9,,,89.1,22.0,214
65.875,GIRO,1,13,3,1136.46,1170.0,32.92,178.8,,344.4,,,79.0,22.0,214
65.9,GIRO,1,13,3,1136.46,1170.0,32.92,179.3,,344.1,,,79.0,22.0,214
65.925,GIRO,1,13,3,1138.66,1170.0,30.72,,107.8,329.5,,,73.7,22.0,214
65.95,GIRO,1,13,3,1138.66,1170.0,30.72,,107.8,321.4,,,73.7,22.0,214
65.975,GIRO,1,13,3,1140.86,1170.0,28.52,,107.8,317.0,,,68.4,22.1,214
66.001,GIRO,1,13,3,1140.86,1170.0,28.52,,107.8,314.6,,,68.4,22.1,214
66.026,GIRO,1,13,3,1145.07,1170.0,24.31,,107.8,313.2,,,58.3,23.6,214
66.05,GIRO,1,13,3,1145.07,1170.0,24.31,,107.8,312.5,,,58.3,23.6,214
66.075,GIRO,1,13,3,1147.08,1170.0,22.3,,107.8,312.1,,,53.5,24.3,214
66.101,GIRO,1,13,3,1147.08,1170.0,22.3,,107.8,311.9,,,53.5,24.3,214
66.125,GIRO,1,13,3,1149.2,1170.0,20.18,,,308.7,,,48.4,25.0,214
66.15,GIRO,1,13,3,1149.2,1170.0,20.18,,,307.0,,,48.4,25.0,214
66.175,GIRO,1,13,3,1149.2,1170.0,20.18,,,306.1,,,48.4,25.0,214
66.2,GIRO,1,13,3,1153.5,1170.0,15.88,,,305.5,,,38.1,26.5,214
66.225,GIRO,1,13,3,1153.5,1170.0,15.88,,,305.3,,,38.1,26.5,214
66.25,GIRO,1,13,3,1155.83,1170.0,13.55,,,305.1,,,32.5,27.3,214
66.275,GIRO,1,13,3,1155.83,1170.0,13.55,,,305.0,,,32.5,27.3,214
66.3,GIRO,1,13,3,1158.19,1170.0,11.19,,,305.0,,,26.8,28.1,214
66.325,GIRO,1,13,3,1158.19,1170.0,11.19,,,304.9,,,26.8,28.1,214
66.35,FINAL,1,13,3,1162.63,1170.0,6.75,,,304.9,,,16.3,29.6,214
66.375,FINAL,1,13,3,1162.63,1170.0,6.75,,,304.9,,,16.2,29.7,214
66.4,FINAL,1,13,3,1164.53,1170.0,4.85,,,304.9,,,11.6,30.3,214
66.425,FINAL,1,13,3,1164.53,1170.0,4.85,,,304.9,,,11.6,30.3,214
66.45,FINAL,1,13,3,1166.39,1170.0,2.99,,,304.9,,,7.2,31.0,214
66.475,FINAL,1,13,3,1166.39,1170.0,2.99,,,304.9,,,7.2,31.0,214
66.5,FINAL,1,13,3,1166.39,1170.0,2.99,,,304.9,,,7.2,31.0,214
66.525,FINAL,1,13,3,1169.8,1170.0,-0.42,,,312.7,,,-1.0,31.9,207
66.55,FINAL,1,13,3,1169.8,1170.0,-0.42,,,317.0,,,-1.0,31.9,207
66.575,FINAL,1,13,3,1171.36,1170.0,-1.98,,,319.3,,,-4.8,31.3,207
66.6,FINAL,1,13,3,1171.36,1170.0,-1.98,,,320.6,,,-4.8,31.3,207
66.626,FINAL,1,13,3,1174.07,1170.0,-4.69,,,321.3,,,-11.3,30.4,207
66.651,FINAL,1,13,3,1174.07,1170.0,-4.69,,,321.7,,,-11.3,30.4,207
66.676,FINAL,1,13,3,1175.09,1170.0,-5.71,,,321.9,,,-13.7,30.0,207
66.701,FINAL,1,13,3,1175.09,1170.0,-5.71,,,322.0,,,-13.7,30.0,207
66.727,FINAL,1,13,3,1176.07,1170.0,-6.69,,,1167.1,,,-16.1,29.7,183
66.752,FINAL,1,13,3,1176.07,1170.0,-6.69,,,1631.9,,,-16.1,29.7,183
66.777,FINAL,1,13,3,1177.74,1170.0,-8.36,,,1887.6,,,-20.1,29.1,183
66.803,FINAL,1,13,3,1177.74,1170.0,-8.36,,,2028.2,,,-20.1,29.1,183
66.827,FINAL,1,13,3,1177.74,1170.0,-8.36,,,2105.5,,,-20.1,29.1,183
66.852,FINAL,1,13,3,1178.41,1170.0,-9.03,,,2148.0,,,-21.7,28.9,183
66.877,FINAL,1,13,3,1178.41,1170.0,-9.03,,,2171.4,,,-21.7,28.9,183
66.902,FINAL,1,13,3,1178.95,1170.0,-9.57,,,2184.3,,,-23.0,28.7,183
66.929,FINAL,1,13,3,1178.95,1170.0,-21.28,161.8,,1609.9,677.9,,-33.5,27.2,173
66.954,FINAL,1,13,3,1179.6,1170.0,-21.93,161.8,,1294.0,677.9,,-44.0,25.7,173
66.98,FINAL,1,13,3,1179.6,1170.0,-21.93,161.8,,1120.2,677.9,,-52.6,24.4,173
67.004,FINAL,1,13,3,1179.74,1170.0,-22.07,161.8,,1024.7,677.9,,-53.0,24.4,173
67.029,FINAL,1,13,3,1179.74,1170.0,-22.07,161.8,,972.1,677.9,,-53.0,24.4,173
67.054,FINAL,1,13,3,1179.96,1170.0,-22.29,161.8,,943.2,677.9,,-53.5,24.3,173
67.079,FINAL,1,13,3,1179.96,1170.0,-22.29,161.8,,927.3,677.9,,-53.5,24.3,173
67.104,FINAL,1,13,3,1179.92,1170.0,-22.25,161.8,,918.5,677.9,,-53.4,24.3,173
67.129,FINAL,1,13,3,1179.92,1170.0,-23.91,151.4,,1495.2,,,-57.4,23.7,172
67.154,FINAL,1,13,3,1179.92,1170.0,-24.83,145.7,,1812.4,,,-59.6,23.4,172
67.179,FINAL,1,13,3,1179.55,1170.0,-24.96,142.6,,1986.8,,,-59.9,23.4,172
67.205,FINAL,1,13,3,1179.55,1170.0,-25.24,140.9,,2082.7,,,-60.6,23.3,172
67.229,FINAL,1,13,3,1178.05,1170.0,-23.89,139.9,,2135.5,,,-57.3,23.7,172
67.255,FINAL,1,13,3,1178.05,1170.0,-23.97,139.4,,2164.5,,,-57.5,23.7,172
67.28,FINAL,1,13,3,1177.24,1170.0,-23.21,139.1,,2180.5,,,-55.7,24.0,172
67.306,FINAL,1,13,3,1177.24,1170.0,-23.24,138.9,,2189.3,,,-55.8,24.0,172
67.329,FINAL,1,13,3,1176.33,1170.0,-6.95,,,2194.1,,,-45.2,25.5,181
67.353,FINAL,1,13,3,1176.33,1170.0,-6.95,,,2196.8,,,-34.7,27.0,181
67.378,FINAL,1,13,3,1174.35,1170.0,-4.97,,,2198.2,,,-24.2,28.5,181
67.405,FINAL,1,13,3,1174.35,1170.0,-4.97,,,2199.0,,,-13.7,30.0,181
67.429,FINAL,1,13,3,1173.36,1170.0,-3.98,,,2199.5,,,-9.6,30.6,181
67.454,FINAL,1,13,3,1173.36,1170.0,-3.98,,,2199.7,,,-9.6,30.6,181
67.479,FINAL,1,13,3,1173.36,1170.0,-3.98,,,2199.8,,,-9.6,30.6,181
67.504,FINAL,1,13,3,1172.38,1170.0,-3.0,,,2199.9,,,-7.2,31.0,181
67.529,RECUPERANDO,1,13,3,1172.38,1170.0,-3.0,,,2200.0,,,7.2,-38.0,201
67.554,RECUPERANDO,1,13,3,1170.48,1170.0,-3.0,,,2200.0,,,-7.2,-38.0,201
67.579,RECUPERANDO,1,13,3,1170.48,1170.0,-3.0,,,2200.0,,,7.2,-38.0,201
67.604,RECUPERANDO,1,13,3,1169.91,1170.0,-3.0,,,2200.0,,,-7.2,-38.0,201
67.63,RECUPERANDO,1,13,3,1169.91,1170.0,-3.0,,,2200.0,,,7.2,-38.0,201
67.654,RECUPERANDO,1,13,3,1169.79,1170.0,-3.0,,,2200.0,,,-7.2,-38.0,201
67.679,RECUPERANDO,1,13,3,1169.79,1170.0,-3.0,,,2200.0,,,7.2,-38.0,201
67.704,RECUPERANDO,1,13,3,1170.11,1170.0,-3.0,,,2200.0,,,-7.2,-38.0,201
67.728,RECUPERANDO,1,13,3,1170.11,1170.0,-3.0,,,1280.5,,,7.2,-38.0,214
67.753,RECUPERANDO,1,13,3,1170.63,1170.0,-3.0,,,774.8,,,-7.2,-38.0,214
67.778,RECUPERANDO,1,13,3,1170.63,1170.0,-3.0,,,496.7,,,7.2,-38.0,214
67.803,RECUPERANDO,1,13,3,1170.63,1170.0,-3.0,,,343.7,,,-7.2,-38.0,214
67.828,RECUPERANDO,1,13,3,1171.08,1170.0,-3.0,,,259.6,,,7.2,-38.0,214
67.854,RECUPERANDO,1,13,3,1171.08,1170.0,-3.0,,,213.3,,,-7.2,-38.0,214
67.879,RECUPERANDO,1,13,3,1171.04,1170.0,-3.0,,,187.9,,,7.2,-38.0,214
67.904,RECUPERANDO,1,13,3,1171.04,1170.0,-3.0,,,173.9,,,-7.2,-38.0,214
67.93,RECUPERANDO,1,13,3,1170.68,1170.0,-3.0,95.5,,175.2,,,7.2,-38.0,214
67.955,RECUPERANDO,1,13,3,1170.68,1170.0,-3.0,95.5,,175.9,,,-7.2,-38.0,214
67.98,RECUPERANDO,1,13,3,1169.4,1170.0,-3.0,95.5,,176.3,,,7.2,-38.0,214
68.005,RECUPERANDO,1,13,3,1169.4,1170.0,-3.0,95.5,,176.5,,,-7.2,-38.0,214
68.031,RECUPERANDO,1,13,3,1168.98,1170.0,-3.0,95.5,,176.6,,,7.2,-38.0,214
68.055,RECUPERANDO,1,13,3,1168.98,1170.0,-3.0,95.5,,176.7,,,-7.2,-38.0,214
68.082,RECUPERANDO,1,13,3,1168.35,1170.0,-3.0,95.5,,176.7,,,7.2,-38.0,214
68.105,RECUPERANDO,1,13,3,1168.35,1170.0,-3.0,95.5,,176.7,,,-7.2,-38.0,214
68.129,RECUPERANDO,1,13,3,1168.35,1170.0,-3.0,,,167.7,,,7.2,-38.0,214
68.154,RECUPERANDO,1,13,3,1167.24,1170.0,-3.0,,,162.8,,,-7.2,-38.0,214
68.18,RECUPERANDO,1,13,3,1167.24,1170.0,-3.0,,,160.1,,,7.2,-38.0,214
68.204,RECUPERANDO,1,13,3,1166.72,1170.0,-3.0,,,158.6,,,-7.2,-38.0,214
68.229,RECUPERANDO,1,13,3,1166.72,1170.0,-3.0,,,157.8,,,7.2,-38.0,214
68.254,RECUPERANDO,1,13,3,1166.22,1170.0,-3.0,,,157.3,,,-7.2,-38.0,214
68.279,RECUPERANDO,1,13,3,1166.22,1170.0,-3.0,,,157.1,,,7.2,-38.0,214
68.305,RECUPERANDO,1,13,3,1165.16,1170.0,-3.0,,,156.9,,,-7.2,-38.0,214
68.33,RECUPERANDO,1,13,3,1165.16,1170.0,-3.0,,,170.4,,,7.2,-38.0,214
68.355,RECUPERANDO,1,13,3,1164.59,1170.0,-3.0,,,177.9,,,-7.2,-38.0,214
68.38,RECUPERANDO,1,13,3,1164.59,1170.0,-3.0,,,182.0,,,7.2,-38.0,214
68.405,RECUPERANDO,1,13,3,1163.7,1170.0,-3.0,,,184.2,,,-7.2,-38.0,214
68.43,SIGUE_MURO,1,13,3,1163.7,1170.0,5.68,,,185.5,,,3.3,31.5,214
68.455,GIRO,1,14,3,1163.7,1260.0,95.68,,,186.1,,,13.8,30.0,214
68.48,GIRO,1,14,3,1161.95,1260.0,97.43,,,186.5,,,24.4,28.5,214
68.505,GIRO,1,14,3,1161.95,1260.0,97.43,,,186.7,,,34.9,27.0,214
68.53,GIRO,1,14,3,1161.18,1260.0,98.2,,,201.2,,,45.4,25.5,214
68.555,GIRO,1,14,3,1161.18,1260.0,98.2,,,209.2,,,55.9,23.9,214
68.58,GIRO,1,14,3,1160.16,1260.0,99.22,,,213.6,,,66.5,22.4,214
68.605,GIRO,1,14,3,1160.16,1260.0,99.22,,,216.0,,,77.0,22.0,214
68.631,GIRO,1,14,3,1158.45,1260.0,100.93,,,217.3,,,87.5,22.0,214
68.655,GIRO,1,14,3,1158.45,1260.0,100.93,,,218.0,,,98.0,22.0,214
68.68,GIRO,1,14,3,1157.67,1260.0,101.71,,,218.4,,,100.0,22.0,214
68.705,GIRO,1,14,3,1157.67,1260.0,101.71,,,218.6,,,100.0,22.0,214
68.733,GIRO,1,14,3,1156.28,1260.0,103.1,136.4,,285.0,,,100.0,22.0,214
68.757,GIRO,1,14,3,1156.28,1260.0,103.1,136.4,,321.5,,,100.0,22.0,214
68.782,GIRO,1,14,3,1156.28,1260.0,103.1,136.4,,341.6,,,100.0,22.0,214
68.807,GIRO,1,14,3,1156.56,1260.0,102.82,136.4,,352.6,,,100.0,22.0,214
68.832,GIRO,1,14,3,1156.56,1260.0,102.82,136.4,,358.7,,,100.0,22.0,214
68.857,GIRO,1,14,3,1157.19,1260.0,102.19,136.4,,362.1,,,100.0,22.0,214
68.882,GIRO,1,14,3,1157.19,1260.0,102.19,136.4,,363.9,,,100.0,22.0,214
68.907,GIRO,1,14,3,1160.13,1260.0,99.25,136.4,,364.9,,,100.0,22.0,214
68.932,GIRO,1,14,3,1160.13,1260.0,99.25,109.5,,322.4,,,100.0,22.0,214
68.958,GIRO,1,14,3,1161.99,1260.0,97.39,94.7,,299.0,,,100.0,22.0,214
68.982,GIRO,1,14,3,1161.99,1260.0,97.39,86.5,,286.1,,,100.0,22.0,214
69.007,GIRO,1,14,3,1163.94,1260.0,95.44,82.0,,279.1,,,100.0,22.0,214
69.033,GIRO,1,14,3,1163.94,1260.0,95.44,79.6,,275.2,,,100.0,22.0,214
69.059,GIRO,1,14,3,1168.15,1260.0,91.23,78.2,,273.0,,,100.0,22.0,214
69.083,GIRO,1,14,3,1168.15,1260.0,91.23,77.5,,271.9,,,100.0,22.0,214
69.108,GIRO,1,14,3,1168.15,1260.0,91.23,77.0,,271.2,,,100.0,22.0,214
69.132,GIRO,1,14,3,1170.45,1260.0,88.93,,,278.1,,,100.0,22.0,206
69.157,GIRO,1,14,3,1170.45,1260.0,88.93,,,281.9,,,100.0,22.0,206
69.182,GIRO,1,14,3,1172.62,1260.0,86.76,,,284.0,,,100.0,22.0,206
69.207,GIRO,1,14,3,1172.62,1260.0,86.76,,,285.2,,,100.0,22.0,206
69.232,GIRO,1,14,3,1176.91,1260.0,82.47,,,285.8,,,100.0,22.0,206
69.257,GIRO,1,14,3,1176.91,1260.0,82.47,,,286.2,,,100.0,22.0,206
69.283,GIRO,1,14,3,1179.11,1260.0,80.27,,,286.3,,,100.0,22.0,206
69.307,GIRO,1,14,3,1179.11,1260.0,80.27,,,286.5,,,100.0,22.0,206
69.335,GIRO,1,14,3,1183.6,1260.0,75.78,180.9,,1147.5,,,100.0,22.0,166
69.36,GIRO,1,14,3,1183.6,1260.0,75.78,180.9,,1621.2,,,100.0,22.0,166
69.385,GIRO,1,14,3,1183.6,1260.0,75.78,180.9,,1881.6,,,100.0,22.0,166
69.41,GIRO,1,14,3,1185.92,1260.0,73.46,180.9,,2024.9,,,100.0,22.0,166
69.435,GIRO,1,14,3,1185.92,1260.0,73.46,180.9,,2103.7,,,100.0,22.0,166
69.46,GIRO,1,14,3,1188.11,1260.0,71.27,180.9,,2147.0,,,100.0,22.0,166
69.485,GIRO,1,14,3,1188.11,1260.0,71.27,180.9,,2170.9,,,100.0,22.0,166
69.51,GIRO,1,14,3,1192.62,1260.0,66.76,180.9,,2184.0,,,100.0,22.0,166
69.534,GIRO,1,14,3,1192.62,1260.0,66.76,204.3,,2191.2,,,100.0,22.0,130
69.559,GIRO,1,14,3,1194.96,1260.0,64.42,217.1,,2195.2,,,100.0,22.0,130
69.584,GIRO,1,14,3,1194.96,1260.0,64.42,224.2,,2197.3,,,100.0,22.0,130
69.609,GIRO,1,14,3,1197.3,1260.0,62.08,228.1,,2198.5,,,100.0,22.0,130
69.635,GIRO,1,14,3,1197.3,1260.0,62.08,230.2,,2199.2,,,100.0,22.0,130
69.659,GIRO,1,14,3,1201.69,1260.0,57.69,231.4,,2199.6,,,100.0,22.0,130
69.684,GIRO,1,14,3,1201.69,1260.0,57.69,232.0,,2199.8,,,100.0,22.0,130
69.709,GIRO,1,14,3,1201.69,1260.0,57.69,232.4,,2199.9,,,100.0,22.0,130
69.735,GIRO,1,14,3,1203.64,1260.0,55.74,261.0,,2195.9,,,100.0,22.0,120
69.76,GIRO,1,14,3,1203.64,1260.0,55.74,276.8,,2193.8,,,100.0,22.0,120
69.785,GIRO,1,14,3,1205.37,1260.0,54.01,285.5,,2192.6,,,100.0,22.0,120
69.81,GIRO,1,14,3,1205.37,1260.0,54.01,290.2,,2191.9,,,100.0,22.0,120
69.835,GIRO,1,14,3,1208.61,1260.0,50.77,292.9,,2191.6,,,100.0,22.0,120
69.86,GIRO,1,14,3,1208.61,1260.0,50.77,294.3,,2191.4,,,100.0,22.0,120
69.885,GIRO,1,14,3,1210.25,1260.0,49.13,295.1,,2191.3,,,100.0,22.0,120
69.91,GIRO,1,14,3,1210.25,1260.0,49.13,295.5,,2191.2,,,100.0,22.0,120
69.937,GIRO,1,14,3,1213.44,1260.0,45.94,317.7,733.2,2080.9,,1077.9,100.0,22.0,155
69.962,GIRO,1,14,3,1213.44,1260.0,45.94,329.8,733.2,2020.3,,1077.9,100.0,22.0,155
69.987,GIRO,1,14,3,1215.25,1260.0,44.13,336.5,733.2,1986.9,,1077.9,100.0,22.0,155
70.012,GIRO,1,14,3,1215.25,1260.0,44.13,340.2,733.2,1968.6,,1077.9,100.0,22.0,155
70.037,GIRO,1,14,3,1215.25,1260.0,44.13,342.2,733.2,1958.5,,1077.9,100.0,22.0,155
70.062,GIRO,1,14,3,1217.06,1260.0,42.32,343.4,733.2,1953.0,,1077.9,100.0,22.0,155
70.087,GIRO,1,14,3,1217.06,1260.0,42.32,344.0,733.2,1949.9,,1077.9,100.0,22.0,155
70.112,GIRO,1,14,3,1220.77,1260.0,38.61,344.3,733.2,1948.2,,1077.9,92.7,22.0,155
70.137,GIRO,1,14,3,1220.77,1260.0,38.61,369.8,713.8,2061.5,,1091.2,92.7,22.0,160
70.162,GIRO,1,14,3,1222.82,1260.0,36.56,383.8,703.2,2123.8,,1091.2,87.7,22.0,160
70.187,GIRO,1,14,3,1222.82,1260.0,36.56,391.5,697.3,2158.1,,1091.2,87.7,22.0,160
70.212,GIRO,1,14,3,1224.79,1260.0,34.59,395.8,694.1,2177.0,,1091.2,83.0,22.0,160
70.237,GIRO,1,14,3,1224.79,1260.0,34.59,398.1,692.4,2187.3,,1091.2,83.0,22.0,160
70.262,GIRO,1,14,3,1229.1,1260.0,30.28,399.4,691.4,2193.0,,1091.2,72.7,22.0,160
70.288,GIRO,1,14,3,1229.1,1260.0,30.28,400.1,690.8,2196.2,,1091.2,72.7,22.0,160
70.312,GIRO,1,14,3,1231.28,1260.0,28.1,400.5,690.5,2197.9,,1091.2,67.4,22.3,160
70.337,GIRO,1,14,3,1231.28,1260.0,28.1,1029.8,654.0,2198.8,,2408.2,67.4,22.3,161
70.362,GIRO,1,14,3,1231.28,1260.0,28.1,1375.8,633.9,2199.4,,2408.2,67.4,22.3,161
70.387,GIRO,1,14,3,1233.45,1260.0,25.93,1566.2,622.8,2199.6,,2408.2,62.2,23.0,161
70.412,GIRO,1,14,3,1233.45,1260.0,25.93,1670.9,616.8,2199.8,,2408.2,62.2,23.0,161
70.438,GIRO,1,14,3,1237.83,1260.0,21.55,1728.5,613.4,2199.9,,2408.2,51.7,24.6,161
70.463,GIRO,1,14,3,1237.83,1260.0,21.55,1760.1,611.6,2199.9,,2408.2,51.7,24.6,161
70.489,GIRO,1,14,3,1239.87,1260.0,19.51,1777.6,610.6,2200.0,,2408.2,46.8,25.3,161
70.513,GIRO,1,14,3,1239.87,1260.0,19.51,1787.1,610.0,2200.0,,2408.2,46.8,25.3,161
70.538,GIRO,1,14,3,1242.17,1260.0,17.21,1841.6,574.6,2200.0,,2439.4,41.3,26.1,155
70.563,GIRO,1,14,3,1242.17,1260.0,17.21,1871.5,555.1,2200.0,,2439.4,41.3,26.1,155
70.589,GIRO,1,14,3,1246.5,1260.0,12.88,1888.0,544.4,2200.0,,2439.4,30.9,27.6,155
70.615,GIRO,1,14,3,1246.5,1260.0,12.88,1897.0,538.5,2200.0,,2439.4,30.9,27.6,155
70.64,GIRO,1,14,3,1248.75,1260.0,10.63,1902.0,535.3,2200.0,,2439.4,25.5,28.3,155
70.665,GIRO,1,14,3,1248.75,1260.0,10.63,1904.8,533.5,2200.0,,2439.4,25.5,28.3,155
70.689,GIRO,1,14,3,1248.75,1260.0,10.63,1906.3,532.5,2200.0,,2439.4,25.5,28.3,155
70.715,FINAL,1,14,3,1253.26,1260.0,32.12,1907.1,532.0,2200.0,,2439.4,36.0,26.8,155
70.737,FINAL,1,14,3,1253.26,1260.0,6.12,,,1461.5,,,25.5,28.3,123
70.761,FINAL,1,14,3,1255.37,1260.0,4.01,,,1055.3,,,15.0,29.8,123
70.786,FINAL,1,14,3,1255.37,1260.0,4.01,,,832.0,,,9.6,30.6,123
70.813,FINAL,1,14,3,1257.32,1260.0,2.06,,,709.1,,,4.9,31.3,123
70.837,FINAL,1,14,3,1257.32,1260.0,2.06,,,641.5,,,4.9,31.3,123
70.862,FINAL,1,14,3,1260.9,1260.0,-1.52,,,604.3,,,-3.7,31.5,123
70.887,FINAL,1,14,3,1260.9,1260.0,-1.52,,,583.9,,,-3.7,31.5,123
70.912,FINAL,1,14,3,1262.5,1260.0,-3.12,,,572.7,,,-7.5,30.9,123
70.937,FINAL,1,14,3,1262.5,1260.0,-3.12,,,538.9,,,-7.5,30.9,132
70.962,FINAL,1,14,3,1263.94,1260.0,-4.56,,,520.4,,,-11.0,30.4,132
70.987,FINAL,1,14,3,1263.94,1260.0,-4.56,,,510.2,,,-11.0,30.4,132
71.012,FINAL,1,14,3,1263.94,1260.0,-4.56,,,504.6,,,-11.0,30.4,132
71.037,FINAL,1,14,3,1266.55,1260.0,-7.17,,,501.5,,,-17.2,29.5,132
71.062,FINAL,1,14,3,1266.55,1260.0,-7.17,,,499.8,,,-17.2,29.5,132
71.087,FINAL,1,14,3,1267.51,1260.0,-8.13,,,498.9,,,-19.5,29.2,132
71.112,FINAL,1,14,3,1267.51,1260.0,-8.13,,,498.4,,,-19.5,29.2,132
71.137,FINAL,1,14,3,1268.3,1260.0,-8.92,,,472.9,,,-21.4,28.9,108
71.162,FINAL,1,14,3,1268.3,1260.0,-8.92,,,458.9,,,-21.4,28.9,108
71.187,FINAL,1,14,3,1269.36,1260.0,-9.98,,,451.2,,,-24.0,28.5,108
71.212,FINAL,1,14,3,1269.36,1260.0,-9.98,,,446.9,,,-24.0,28.5,108
71.237,FINAL,1,14,3,1269.86,1260.0,-10.48,,,444.6,,,-25.2,28.4,108
71.263,FINAL,1,14,3,1269.86,1260.0,-10.48,,,443.3,,,-25.2,28.4,108
71.288,FINAL,1,14,3,1270.23,1260.0,-10.85,,,442.6,,,-26.1,28.2,108
71.313,FINAL,1,14,3,1270.23,1260.0,-10.85,,,442.2,,,-26.1,28.2,108
71.338,FINAL,1,14,3,1270.23,1260.0,-10.85,,,419.5,,,-26.1,28.2,101
71.363,FINAL,1,14,3,1270.48,1260.0,-11.1,,,407.1,,,-26.7,28.2,101
71.388,FINAL,1,14,3,1270.48,1260.0,-11.1,,,400.2,,,-26.7,28.2,101
71.413,FINAL,1,14,3,1270.54,1260.0,-11.16,,,396.4,,,-26.8,28.1,101
71.438,FINAL,1,14,3,1270.54,1260.0,-11.16,,,394.4,,,-26.8,28.1,101
71.463,FINAL,1,14,3,1270.57,1260.0,-11.19,,,393.2,,,-26.9,28.1,101
71.488,FINAL,1,14,3,1270.57,1260.0,-11.19,,,392.6,,,-26.9,28.1,101
71.513,FINAL,1,14,3,1270.54,1260.0,-11.16,,,392.2,,,-26.8,28.1,101
71.538,FINAL,1,14,3,1270.54,1260.0,-11.16,,,370.4,,,-26.8,28.1,95
71.563,FINAL,1,14,3,1270.49,1260.0,-11.11,,,358.4,,,-26.7,28.2,95
71.588,FINAL,1,14,3,1270.49,1260.0,-11.11,,,351.8,,,-26.7,28.2,95
71.614,FINAL,1,14,3,1270.35,1260.0,-10.97,,,348.2,,,-26.3,28.2,95
71.638,FINAL,1,14,3,1270.35,1260.0,-10.97,,,346.2,,,-26.3,28.2,95
71.664,FINAL,1,14,3,1270.35,1260.0,-10.97,,,345.1,,,-26.3,28.2,95
71.689,FINAL,1,14,3,1270.3,1260.0,-10.92,,,344.5,,,-26.2,28.2,95
71.714,FINAL,1,14,3,1270.3,1260.0,-10.92,,,344.1,,,-26.2,28.2,95
