t,state,dir,corners,laps,yaw,target_yaw,head_err,d_inner,d_outer,front,inner_end,corridor,steer,speed,n_pts
0.014,SIGUE_MURO,0,0,0,-630.1,0.0,-89.9,,,1955.3,,,-10.5,42.9,180
0.045,SIGUE_MURO,0,0,0,-630.1,0.0,-89.9,,,1955.3,,,-21.1,40.7,182
0.07,SIGUE_MURO,0,0,0,-630.1,0.0,-89.9,,,1954.0,,,-31.6,38.6,181
0.089,SIGUE_MURO,0,0,0,-630.1,0.0,-89.9,,,1953.3,,,-42.1,36.5,181
0.12,SIGUE_MURO,0,0,0,-630.1,0.0,-63.9,,,1951.7,,1922.3,-52.6,34.3,180
0.145,SIGUE_MURO,0,0,0,-630.1,0.0,-63.9,,,1952.0,,1920.8,-63.2,32.2,181
0.164,SIGUE_MURO,0,0,0,-630.1,0.0,-63.9,,,1952.2,,1920.8,-73.7,30.1,181
0.194,SIGUE_MURO,0,0,0,-630.1,0.0,-89.9,,,1952.3,,,-84.2,27.9,181
0.22,SIGUE_MURO,0,0,0,-630.1,0.0,-63.9,,,1955.0,,1920.8,-94.7,25.8,179
0.245,SIGUE_MURO,0,0,0,-630.1,0.0,-63.9,,,1953.9,,2001.3,-100.0,24.8,180
0.265,SIGUE_MURO,0,0,0,-630.1,0.0,-63.9,,,1953.2,,2001.3,-100.0,24.8,180
0.296,SIGUE_MURO,0,0,0,-630.1,0.0,-89.9,,,1956.8,,,-100.0,24.8,180
0.321,SIGUE_MURO,0,0,0,-630.1,0.0,-63.9,,,1954.8,,1918.0,-100.0,24.8,181
0.34,SIGUE_MURO,0,0,0,-630.1,0.0,-63.9,,,1953.8,,1918.0,-100.0,24.8,181
0.37,SIGUE_MURO,0,0,0,-630.1,0.0,-89.9,,,1953.2,,,-100.0,24.8,181
0.396,SIGUE_MURO,0,0,0,-630.1,0.0,-63.9,,,1956.7,,2002.8,-100.0,24.8,182
0.415,SIGUE_MURO,0,0,0,-630.1,0.0,-63.9,,,1958.7,,2002.8,-100.0,24.8,182
0.446,SIGUE_MURO,0,0,0,-630.1,0.0,-63.9,,,1955.9,,2001.3,-100.0,24.8,181
0.471,SIGUE_MURO,0,0,0,-630.1,0.0,-63.9,,,1954.4,,1920.8,-100.0,24.8,182
0.49,SIGUE_MURO,0,0,0,-630.1,0.0,-63.9,,,1953.5,,1920.8,-100.0,24.8,182
0.521,SIGUE_MURO,0,0,0,-630.1,0.0,-63.9,,,1953.0,,1918.0,-100.0,24.8,181
0.546,SIGUE_MURO,0,0,0,-630.1,0.0,-63.9,,,1945.3,,1923.0,-100.0,24.8,180
0.565,SIGUE_MURO,0,0,0,-630.1,0.0,-63.9,,,1941.0,,1923.0,-100.0,24.8,180
0.595,SIGUE_MURO,0,0,0,-630.1,0.0,-89.9,,,1950.0,,,-100.0,24.8,182
0.621,SIGUE_MURO,0,0,0,-630.1,0.0,-63.9,,,1952.4,,1922.3,-100.0,24.8,180
0.647,SIGUE_MURO,0,0,0,-630.1,0.0,-63.9,,,1944.9,,1922.3,-100.0,24.8,182
0.666,SIGUE_MURO,0,0,0,-630.1,0.0,-63.9,,,1940.8,,1922.3,-100.0,24.8,182
0.697,SIGUE_MURO,0,0,0,-630.1,0.0,-63.9,,,1946.1,,1922.3,-100.0,24.8,181
0.721,SIGUE_MURO,0,0,0,-630.1,0.0,-63.9,,,1951.5,,1997.0,-100.0,24.8,181
0.741,SIGUE_MURO,0,0,0,-630.1,0.0,-63.9,,,1954.5,,1997.0,-100.0,24.8,181
0.772,SIGUE_MURO,0,0,0,-630.1,0.0,-63.9,,,1952.3,,1998.5,-100.0,24.8,181
0.797,SIGUE_MURO,0,0,0,-630.1,0.0,-63.9,,,1951.1,,1920.8,-100.0,24.8,181
0.816,SIGUE_MURO,0,0,0,-630.1,0.0,-63.9,,,1950.5,,1920.8,-100.0,24.8,181
0.846,SIGUE_MURO,0,0,0,-630.1,0.0,-89.9,,,1951.4,,,-100.0,24.8,182
0.871,SIGUE_MURO,0,0,0,-630.1,0.0,-89.9,,,1943.1,,,-100.0,24.8,180
0.891,SIGUE_MURO,0,0,0,-630.1,0.0,-89.9,,,1938.5,,,-100.0,24.8,180
0.921,SIGUE_MURO,0,0,0,-630.1,0.0,-89.9,,,1946.1,,,-100.0,24.8,180
0.947,SIGUE_MURO,0,0,0,-630.1,0.0,-63.9,,,1947.7,,1920.8,-100.0,24.8,183
0.966,SIGUE_MURO,0,0,0,-630.1,0.0,-63.9,,,1948.6,,1920.8,-100.0,24.8,183
0.996,SIGUE_MURO,0,0,0,-630.1,0.0,-89.9,,,1951.6,,,-100.0,24.8,180
1.022,SIGUE_MURO,0,0,0,-630.1,0.0,-63.9,,,1944.5,,1916.5,-100.0,24.8,180
1.049,SIGUE_MURO,0,0,0,-630.1,0.0,-63.9,,,1940.6,,1998.5,-100.0,24.8,182
1.067,SIGUE_MURO,0,0,0,-630.1,0.0,-63.9,,,1938.4,,1998.5,-100.0,24.8,182
1.098,SIGUE_MURO,0,0,0,-630.1,0.0,-63.9,,,1944.7,,1922.3,-100.0,24.8,181
1.123,SIGUE_MURO,0,0,0,-630.1,0.0,-63.9,,,1948.2,,2001.3,-100.0,24.8,180
1.142,SIGUE_MURO,0,0,0,-630.1,0.0,-63.9,,,1950.1,,2001.3,-100.0,24.8,180
1.172,SIGUE_MURO,0,0,0,-630.1,0.0,-89.9,,,1943.7,,,-100.0,24.8,181
1.197,SIGUE_MURO,0,0,0,-630.1,0.0,-89.9,,,1950.2,,,-100.0,24.8,181
1.217,SIGUE_MURO,0,0,0,-630.1,0.0,-89.9,,,1953.8,,,-100.0,24.8,181
1.248,SIGUE_MURO,0,0,0,-630.1,0.0,-63.9,,,1954.5,,1920.8,-100.0,24.8,181
1.273,SIGUE_MURO,0,0,0,-630.1,0.0,-63.9,,,1946.1,,2002.8,-100.0,24.8,181
1.292,SIGUE_MURO,0,0,0,-630.1,0.0,-63.9,,,1941.4,,2002.8,-100.0,24.8,181
1.323,SIGUE_MURO,0,0,0,-630.1,0.0,-63.9,,,1947.7,,1920.8,-100.0,24.8,180
1.347,RECUPERANDO,0,0,0,-630.1,0.0,-63.9,,,1951.1,,,60.0,-38.0,181
1.373,RECUPERANDO,0,0,0,-630.1,0.0,-63.9,,,1951.7,,2001.3,-60.0,-38.0,181
1.392,RECUPERANDO,0,0,0,-630.1,0.0,-63.9,,,1952.1,,2001.3,60.0,-38.0,181
1.424,RECUPERANDO,0,0,0,-630.1,0.0,-63.9,,,1954.8,,,-60.0,-38.0,181
1.448,RECUPERANDO,0,0,0,-630.1,0.0,-63.9,,,1952.5,,,60.0,-38.0,181
1.468,RECUPERANDO,0,0,0,-630.1,0.0,-63.9,,,1951.2,,,-60.0,-38.0,181
1.499,RECUPERANDO,0,0,0,0.0,0.0,-63.9,,,1951.8,,2001.3,60.0,-38.0,180
1.524,RECUPERANDO,0,0,0,0.0,0.0,-63.9,,,1953.4,,1920.8,-60.0,-38.0,181
1.543,RECUPERANDO,0,0,0,0.0,0.0,-63.9,,,1954.3,,1920.8,60.0,-38.0,181
1.573,RECUPERANDO,0,0,0,0.0,0.0,-63.9,,,1956.0,,,-60.0,-38.0,181
1.598,RECUPERANDO,0,0,0,0.0,0.0,-63.9,,,1953.2,,,60.0,-38.0,180
1.618,RECUPERANDO,0,0,0,0.0,0.0,-63.9,,,1951.6,,,-60.0,-38.0,180
1.649,RECUPERANDO,0,0,0,0.0,0.0,-63.9,,,1944.5,,,60.0,-38.0,183
1.673,RECUPERANDO,0,0,0,0.04,0.0,-63.9,,,1953.2,,,-60.0,-38.0,174
1.693,RECUPERANDO,0,0,0,0.04,0.0,-63.9,,,1958.0,,,60.0,-38.0,174
1.724,RECUPERANDO,0,0,0,-0.02,0.0,-63.9,,,1990.1,,2012.1,-60.0,-38.0,160
1.748,RECUPERANDO,0,0,0,-0.02,0.0,-63.9,,,2021.6,,,60.0,-38.0,159
1.773,RECUPERANDO,0,0,0,0.34,0.0,-63.9,,,2025.0,,,-60.0,-38.0,165
1.793,RECUPERANDO,0,0,0,0.34,0.0,-63.9,,,2026.9,,,60.0,-38.0,165
1.824,RECUPERANDO,0,0,0,0.34,0.0,-63.9,,,2027.9,,,-60.0,-38.0,168
1.851,RECUPERANDO,0,0,0,1.43,0.0,-63.9,,,2018.9,,2272.2,60.0,-38.0,176
1.868,RECUPERANDO,0,0,0,1.43,0.0,-63.9,,,2013.9,,2272.2,-60.0,-38.0,176
1.898,RECUPERANDO,0,0,0,4.44,0.0,-63.9,,,2013.9,,,60.0,-38.0,182
1.923,RECUPERANDO,0,0,0,4.44,0.0,-63.9,,,2019.4,,,-60.0,-38.0,183
1.944,RECUPERANDO,0,0,0,6.19,0.0,-63.9,,,2022.4,,,60.0,-38.0,183
1.975,RECUPERANDO,0,0,0,6.19,0.0,-63.9,,,2042.3,,1915.2,-60.0,-38.0,181
1.999,RECUPERANDO,0,0,0,7.59,0.0,-63.9,,,2113.2,,,60.0,-38.0,175
2.025,RECUPERANDO,0,0,0,7.59,0.0,-63.9,,,2152.3,,2257.3,-60.0,-38.0,177
2.044,RECUPERANDO,0,0,0,7.9,0.0,-63.9,,,2173.8,,2257.3,60.0,-38.0,177
2.074,RECUPERANDO,0,0,0,7.9,0.0,-63.9,,,2126.9,,,-60.0,-38.0,180
2.094,RECUPERANDO,0,0,0,7.9,0.0,-63.9,,,2101.2,,,60.0,-38.0,180
2.125,RECUPERANDO,0,0,0,7.04,0.0,-63.9,,,2085.6,,2213.8,-60.0,-38.0,178
2.149,RECUPERANDO,0,0,0,7.04,0.0,-63.9,,,2078.4,,,60.0,-38.0,168
2.174,RECUPERANDO,0,0,0,5.06,0.0,-63.9,,,2074.5,,,-60.0,-38.0,162
2.194,RECUPERANDO,0,0,0,5.06,0.0,-63.9,,,2072.4,,,60.0,-38.0,162
2.224,RECUPERANDO,0,0,0,-0.51,0.0,-63.9,,,2064.0,,,-60.0,-38.0,158
2.25,SIGUE_MURO,0,0,0,-0.51,0.0,0.51,,,2066.6,,,-49.5,35.0,147
2.269,SIGUE_MURO,0,0,0,-3.06,0.0,3.06,,,2068.0,,,-38.9,37.1,147
2.3,SIGUE_MURO,0,0,0,-3.06,0.0,-4.21,,,2127.4,,1519.6,-28.4,39.2,139
2.325,SIGUE_MURO,0,0,0,-4.54,0.0,-1.75,,,2101.4,,1462.9,-17.9,41.4,141
2.345,SIGUE_MURO,0,0,0,-4.54,0.0,-1.21,,,2087.2,,1462.9,-7.4,43.5,141
2.375,SIGUE_MURO,0,0,0,-4.88,0.0,-0.6,,,2137.9,,1453.8,-1.4,44.7,135
2.4,SIGUE_MURO,0,0,0,-4.88,0.0,-1.28,,,2104.4,,1530.6,-3.1,44.4,144
2.425,SIGUE_MURO,1,0,0,-4.35,0.0,30.35,705.7,851.0,2088.8,1074.6,1556.8,7.4,43.5,146
2.445,SIGUE_MURO,1,0,0,-4.35,0.0,30.35,705.7,851.0,2080.2,1074.6,1556.8,18.0,41.4,146
2.476,SIGUE_MURO,1,0,0,-4.01,0.0,30.01,693.9,838.0,2055.9,1074.6,1501.6,28.5,39.2,153
2.501,SIGUE_MURO,1,0,0,-4.01,0.0,30.01,704.7,833.6,2060.7,1060.3,1546.0,39.0,37.1,148
2.52,SIGUE_MURO,1,0,0,-4.01,0.0,30.01,710.6,831.2,2063.3,1060.3,1546.0,49.5,35.0,148
2.551,SIGUE_MURO,1,0,0,-4.26,0.0,30.26,703.3,841.0,2124.8,1073.8,1547.5,60.1,32.8,139
2.576,SIGUE_MURO,1,0,0,-4.26,0.0,30.26,699.0,846.4,2158.6,1073.8,1546.8,70.6,30.7,139
2.595,SIGUE_MURO,1,0,0,-4.24,0.0,30.24,696.7,849.4,2177.3,1073.8,1546.8,72.6,30.3,139
2.626,SIGUE_MURO,1,0,0,-4.24,0.0,30.24,694.5,830.3,2127.4,1061.2,1499.0,72.6,30.3,149
2.651,SIGUE_MURO,1,0,0,-4.24,0.0,30.24,691.4,814.0,2097.2,1048.1,1481.6,72.6,30.3,150
2.67,SIGUE_MURO,1,0,0,-4.24,0.0,30.24,689.6,805.0,2080.5,1048.1,1481.6,72.6,30.3,150
2.701,SIGUE_MURO,1,0,0,-4.75,0.0,30.75,686.9,807.2,2071.3,1035.3,1493.4,73.8,30.1,148
2.727,SIGUE_MURO,1,0,0,-4.75,0.0,30.75,687.0,784.6,2064.9,1033.7,1444.1,73.8,30.1,146
2.746,SIGUE_MURO,1,0,0,-4.75,0.0,30.75,687.0,772.2,2061.3,1033.7,1444.1,73.8,30.1,146
2.776,SIGUE_MURO,1,0,0,-5.68,0.0,31.62,664.5,769.5,2059.4,1030.5,1403.2,75.9,29.6,140
2.801,SIGUE_MURO,1,0,0,-5.68,0.0,31.54,649.5,773.0,2058.3,1039.2,1408.4,75.7,29.7,134
2.827,SIGUE_MURO,1,0,0,-9.09,0.0,34.88,640.9,784.4,2053.5,1034.4,1428.7,83.7,28.0,129
2.846,SIGUE_MURO,1,0,0,-9.09,0.0,34.8,636.1,790.7,2050.8,1034.4,1428.7,83.5,28.1,129
2.876,SIGUE_MURO,1,0,0,-11.19,0.0,36.83,627.8,798.3,2042.3,1028.9,1425.2,88.4,27.1,127
2.901,SIGUE_MURO,1,0,0,-11.19,0.0,36.75,620.4,796.0,2043.3,1036.7,1404.6,88.2,27.1,116
2.921,SIGUE_MURO,1,0,0,-13.19,0.0,38.68,616.3,794.8,2043.8,1036.7,1404.6,92.8,26.2,116
2.951,SIGUE_MURO,1,0,0,-13.19,0.0,38.6,604.9,,2034.3,1032.0,,92.6,26.2,118
2.976,SIGUE_MURO,1,0,0,-17.22,0.0,42.56,592.7,,2033.3,1039.8,,100.0,24.8,115
2.996,SIGUE_MURO,1,0,0,-17.22,0.0,42.48,586.0,,2032.7,1039.8,,100.0,24.8,115
3.026,SIGUE_MURO,1,0,0,-19.23,0.0,44.42,579.3,,2042.2,1022.6,,100.0,24.8,107
3.052,SIGUE_MURO,1,0,0,-19.23,0.0,44.34,570.8,,2053.2,1018.0,,100.0,24.8,102
3.071,SIGUE_MURO,1,0,0,-19.23,0.0,44.27,566.1,,2059.2,1018.0,,100.0,24.8,102
3.101,SIGUE_MURO,1,0,0,-21.37,0.0,46.33,556.6,,2122.5,1037.4,,100.0,24.8,93
3.126,SIGUE_MURO,1,0,0,-21.37,0.0,46.33,546.9,,2157.4,,,100.0,24.8,84
3.147,SIGUE_MURO,1,0,0,-25.75,0.0,50.71,541.6,,2176.6,,,100.0,24.8,84
3.176,SIGUE_MURO,1,0,0,-25.75,0.0,50.71,534.0,,2187.1,,,100.0,24.8,91
3.201,SIGUE_MURO,1,0,0,-28.07,0.0,53.03,525.2,,2192.9,,,100.0,24.8,99
3.222,SIGUE_MURO,1,0,0,-28.07,0.0,53.03,520.3,,2196.1,,,100.0,24.8,99
3.251,SIGUE_MURO,1,0,0,-30.45,0.0,55.41,511.2,,2197.9,,,100.0,24.8,106
3.276,SIGUE_MURO,1,0,0,-30.45,0.0,55.05,500.2,,2198.8,,,100.0,24.8,113
3.301,SIGUE_MURO,1,0,0,-35.21,0.0,58.02,489.1,,2199.4,,,100.0,24.8,120
3.322,SIGUE_MURO,1,0,0,-35.21,0.0,57.04,483.0,,2199.6,,,100.0,24.8,120
3.352,SIGUE_MURO,1,0,0,-37.66,0.0,58.19,474.8,,2199.8,,,100.0,24.8,127
3.375,SIGUE_MURO,1,0,0,-37.66,0.0,36.62,,,1491.2,,,89.5,26.9,135
3.397,SIGUE_MURO,1,0,0,-37.66,0.0,36.62,,,1101.4,,,87.9,27.2,135
3.426,SIGUE_MURO,1,0,0,-42.22,0.0,41.18,,,871.7,,,98.4,25.1,143
3.45,SIGUE_MURO,1,0,0,-42.22,0.0,41.18,,,728.6,,,98.8,24.6,151
3.472,GIRO,1,1,0,-44.53,90.0,133.49,,,649.9,,,100.0,22.0,151
3.501,GIRO,1,1,0,-44.53,90.0,133.49,,,594.5,,,100.0,22.0,160
3.527,GIRO,1,1,0,-46.98,90.0,135.94,,,553.1,,,100.0,22.0,169
3.552,GIRO,1,1,0,-46.98,90.0,135.94,,,518.1,,,100.0,22.0,179
3.573,GIRO,1,1,0,-51.52,90.0,140.48,,,498.8,,,100.0,22.0,179
3.601,GIRO,1,1,0,-51.52,90.0,140.48,,,476.3,,,100.0,22.0,189
3.623,GIRO,1,1,0,-53.82,90.0,142.78,,,463.9,,,100.0,22.0,189
3.651,GIRO,1,1,0,-53.82,90.0,142.78,,,446.3,,,100.0,22.0,199
3.676,GIRO,1,1,0,-56.17,90.0,145.13,,,428.6,,,100.0,22.0,210
3.701,GIRO,1,1,0,-56.17,90.0,145.13,,,410.9,,,100.0,22.0,214
3.723,GIRO,1,1,0,-56.17,90.0,145.13,,,401.1,,,100.0,22.0,214
3.751,GIRO,1,1,0,-60.67,90.0,149.63,,,388.4,,,100.0,22.0,214
3.776,GIRO,1,1,0,-60.67,90.0,149.63,,,374.0,,,100.0,22.0,214
3.798,GIRO,1,1,0,-62.8,90.0,151.76,,,366.0,,,100.0,22.0,214
3.827,GIRO,1,1,0,-62.8,90.0,151.76,,,354.3,,,100.0,22.0,214
3.851,GIRO,1,1,0,-64.86,90.0,153.82,,,341.8,,,100.0,22.0,214
3.873,GIRO,1,1,0,-64.86,90.0,153.82,,,334.9,,,100.0,22.0,214
3.901,GIRO,1,1,0,-69.06,90.0,158.02,,,325.4,,,100.0,22.0,214
3.927,GIRO,1,1,0,-69.06,90.0,158.02,,,314.0,,,100.0,22.0,214
3.952,GIRO,1,1,0,-71.02,90.0,159.98,,,302.6,,,100.0,22.0,214
3.974,GIRO,1,1,0,-71.02,90.0,159.98,,,296.3,,,100.0,22.0,214
4.002,GIRO,1,1,0,-73.21,90.0,162.17,,,287.6,,,100.0,22.0,214
4.027,GIRO,1,1,0,-73.21,90.0,162.17,,,278.1,,,100.0,22.0,214
4.049,GIRO,1,1,0,-77.44,90.0,166.4,,,272.8,,,100.0,22.0,214
4.077,GIRO,1,1,0,-77.44,90.0,166.4,,,265.2,,,100.0,22.0,214
4.102,GIRO,1,1,0,-77.44,90.0,166.4,,,256.6,,,100.0,22.0,214
4.124,GIRO,1,1,0,-79.52,90.0,168.48,,,251.9,,,100.0,22.0,214
4.152,GIRO,1,1,0,-79.52,90.0,168.48,,,245.0,,,100.0,22.0,214
4.177,GIRO,1,1,0,-83.73,90.0,172.69,,,239.5,,,100.0,22.0,214
4.199,GIRO,1,1,0,-83.73,90.0,172.69,,,236.5,,,100.0,22.0,214
4.227,GIRO,1,1,0,-85.77,90.0,174.73,,,234.1,,,100.0,22.0,214
4.252,GIRO,1,1,0,-85.77,90.0,174.73,,,231.5,,,100.0,22.0,214
4.274,GIRO,1,1,0,-87.85,90.0,176.81,,,230.0,,,100.0,22.0,214
4.302,GIRO,1,1,0,-87.85,90.0,176.81,,,229.1,,,100.0,22.0,214
4.327,GIRO,1,1,0,-92.28,90.0,-178.76,,,228.6,,,89.5,22.0,214
4.352,GIRO,1,1,0,-92.28,90.0,-178.76,,,228.4,,,79.0,22.0,214
4.374,GIRO,1,1,0,-94.47,90.0,-176.57,,,228.2,,,68.4,22.1,214
4.403,GIRO,1,1,0,-94.47,90.0,-176.57,,,228.1,,,57.9,23.7,214
4.428,GIRO,1,1,0,-96.68,90.0,-174.36,,,229.9,,,47.4,25.2,214
4.45,GIRO,1,1,0,-96.68,90.0,-174.36,,,230.9,,,36.9,26.7,214
4.481,GIRO,1,1,0,-96.68,90.0,-174.36,51.0,,236.6,,,26.3,28.2,212
4.503,GIRO,1,1,0,-101.21,90.0,-169.83,,,362.0,,,15.8,29.7,195
4.525,GIRO,1,1,0,-101.21,90.0,-169.83,,,430.9,,,5.3,31.2,195
4.554,GIRO,1,1,0,-103.44,90.0,-167.6,168.2,,467.8,331.3,,-5.2,31.2,99
4.579,GIRO,1,1,0,-103.44,90.0,-167.6,241.9,,1247.3,546.8,,-15.8,29.7,56
4.6,GIRO,1,1,0,-105.72,90.0,-165.32,282.4,,1676.0,546.8,,-26.3,28.2,56
4.629,GIRO,1,1,0,-105.72,90.0,-165.32,,237.8,1138.4,,,-36.8,26.7,62
4.653,GIRO,1,1,0,-105.75,90.0,-165.29,,,731.2,,,-47.3,25.2,48
4.678,GIRO,1,1,0,-105.75,90.0,-165.29,,,507.2,,,-57.9,23.7,48
4.7,GIRO,1,1,0,-106.45,90.0,-164.59,,,384.0,,,-68.4,22.2,48
4.729,GIRO,1,1,0,-106.45,90.0,-164.59,,,316.3,,,-78.9,22.0,41
4.754,GIRO,1,1,0,-107.06,90.0,-163.98,,,279.0,,,-89.4,22.0,44
4.775,GIRO,1,1,0,-107.06,90.0,-163.98,,,258.5,,,-100.0,22.0,44
4.804,GIRO,1,1,0,-107.06,90.0,-163.98,,,247.1,,,-100.0,22.0,52
4.829,GIRO,1,1,0,-109.58,90.0,-161.46,,,240.8,,,-100.0,22.0,58
4.851,GIRO,1,1,0,-109.58,90.0,-161.46,,,237.3,,,-100.0,22.0,58
4.879,GIRO,1,1,0,-110.47,90.0,-160.57,,,235.5,,,-100.0,22.0,66
4.904,GIRO,1,1,0,-110.47,90.0,-160.57,,,234.5,,,-100.0,22.0,57
4.926,GIRO,1,1,0,-110.7,90.0,-160.34,,,233.9,,,-100.0,22.0,57
4.955,GIRO,1,1,0,-110.7,90.0,-160.34,133.7,,233.6,,,-100.0,22.0,93
4.98,GIRO,1,1,0,-111.27,90.0,-159.77,150.2,,311.9,,,-100.0,22.0,141
5.001,GIRO,1,1,0,-111.27,90.0,-159.77,159.2,,354.9,,,-100.0,22.0,141
5.03,GIRO,1,1,0,-110.0,90.0,-161.04,168.8,,365.8,,,-100.0,22.0,93
5.055,GIRO,1,1,0,-110.0,90.0,-161.04,174.0,,385.7,,,-100.0,22.0,80
5.081,GIRO,1,1,0,-110.0,90.0,-161.04,176.5,,383.4,,,-100.0,22.0,72
5.101,GIRO,1,1,0,-109.91,90.0,-161.13,177.8,,382.1,,,-100.0,22.0,72
5.13,GIRO,1,1,0,-109.91,90.0,-161.13,178.5,,396.4,,,-100.0,22.0,74
5.156,GIRO,1,1,0,-109.93,90.0,-161.11,178.9,,387.8,,,-100.0,22.0,85
5.176,GIRO,1,1,0,-109.93,90.0,-161.11,179.2,,383.1,,,-100.0,22.0,85
5.206,GIRO,1,1,0,-109.93,90.0,-161.11,179.3,,1200.7,,,-100.0,22.0,69
5.231,GIRO,1,1,0,-109.93,90.0,-161.11,179.3,,1650.4,,,-100.0,22.0,68
5.252,GIRO,1,1,0,-110.0,90.0,-161.04,179.3,,1897.7,,,-100.0,22.0,68
5.281,GIRO,1,1,0,-110.0,90.0,-161.04,179.3,,2033.7,,,-100.0,22.0,65
5.306,GIRO,1,1,0,-110.0,90.0,-161.04,179.3,,2108.6,,,-100.0,22.0,71
5.327,GIRO,1,1,0,-110.0,90.0,-161.04,179.4,,2149.7,,,-100.0,22.0,71
5.356,GIRO,1,1,0,-110.0,90.0,-161.04,179.7,,2172.3,,,-100.0,22.0,76
5.381,GIRO,1,1,0,-110.0,90.0,-161.04,180.1,,1379.3,,,-100.0,22.0,79
5.402,GIRO,1,1,0,-110.0,90.0,-161.04,180.2,,943.2,,,-100.0,22.0,79
5.432,GIRO,1,1,0,-110.0,90.0,-161.04,180.3,,688.4,,,-100.0,22.0,79
5.456,GIRO,1,1,0,-110.0,90.0,-161.04,180.3,,563.0,,,-100.0,22.0,78
5.482,GIRO,1,1,0,-110.0,90.0,-161.04,180.4,,479.4,,,-100.0,22.0,77
5.502,GIRO,1,1,0,-110.0,90.0,-161.04,180.5,,433.3,,,-100.0,22.0,77
5.532,GIRO,1,1,0,-110.0,90.0,-161.04,180.3,,1228.3,,,-100.0,22.0,66
5.557,GIRO,1,1,0,-110.0,90.0,-161.04,180.4,,845.2,,,-100.0,22.0,76
5.577,GIRO,1,1,0,-110.01,90.0,-161.03,180.5,,634.5,,,-100.0,22.0,76
5.607,GIRO,1,1,0,-110.01,90.0,-161.03,180.4,,520.4,,,-100.0,22.0,76
5.632,GIRO,1,1,0,-109.98,90.0,-161.06,180.5,,455.9,,,-100.0,22.0,77
5.653,GIRO,1,1,0,-109.98,90.0,-161.06,180.5,,420.4,,,-100.0,22.0,77
5.682,GIRO,1,1,0,-109.96,90.0,-161.08,181.0,,400.9,,,-100.0,22.0,82
5.707,GIRO,1,1,0,-109.96,90.0,-161.08,181.2,,390.2,,,-100.0,22.0,80
5.728,GIRO,1,1,0,-109.96,90.0,-161.08,181.4,,384.3,,,-100.0,22.0,80
5.757,GIRO,1,1,0,-109.96,90.0,-161.08,181.5,,381.2,,,-100.0,22.0,74
5.782,GIRO,1,1,0,-109.96,90.0,-161.08,181.5,,1199.7,,,-100.0,22.0,64
5.803,GIRO,1,1,0,-109.96,90.0,-161.08,181.6,,1649.8,,,-100.0,22.0,64
5.832,GIRO,1,1,0,-109.96,90.0,-161.08,181.6,,1091.9,,,-100.0,22.0,71
5.857,GIRO,1,1,0,-109.96,90.0,-161.08,181.6,,770.3,,,-100.0,22.0,69
5.882,GIRO,1,1,0,-109.96,90.0,-161.08,181.6,,593.5,,,-100.0,22.0,75
5.903,GIRO,1,1,0,-109.96,90.0,-161.08,181.6,,496.3,,,-100.0,22.0,75
5.932,GIRO,1,1,0,-109.96,90.0,-161.08,181.6,,1263.0,,,-100.0,22.0,71
5.958,GIRO,1,1,0,-109.96,90.0,-161.08,181.6,,864.4,,,-100.0,22.0,70
5.978,GIRO,1,1,0,-109.96,90.0,-161.08,181.6,,645.2,,,-100.0,22.0,70
6.008,GIRO,1,1,0,-109.93,90.0,-161.11,182.1,,524.7,,,-100.0,22.0,78
6.033,GIRO,1,1,0,-109.93,90.0,-161.11,182.3,,458.5,,,-100.0,22.0,74
6.053,GIRO,1,1,0,-109.93,90.0,-161.11,182.4,,422.0,,,-100.0,22.0,74
6.084,GIRO,1,1,0,-109.94,90.0,-161.1,182.5,,1222.1,,,-100.0,22.0,67
6.108,GIRO,1,1,0,-109.94,90.0,-161.1,182.1,,840.4,,,-100.0,22.0,71
6.129,GIRO,1,1,0,-109.89,90.0,-161.15,181.9,,630.5,,,-100.0,22.0,71
6.158,GIRO,1,1,0,-109.89,90.0,-161.15,181.8,,1336.8,,,-100.0,22.0,67
6.183,GIRO,1,1,0,-109.89,90.0,-161.15,182.1,,917.3,,,-100.0,22.0,75
6.208,GIRO,1,1,0,-109.89,90.0,-161.15,182.8,,1494.5,,,-100.0,22.0,66
6.229,GIRO,1,1,0,-109.83,90.0,-161.21,183.1,,1812.0,,,-100.0,22.0,66
6.259,GIRO,1,1,0,-109.83,90.0,-161.21,182.9,,1986.6,,,-100.0,22.0,72
6.283,GIRO,1,1,0,-109.85,90.0,-161.19,183.2,,1274.8,,,-100.0,22.0,77
6.304,GIRO,1,1,0,-109.85,90.0,-161.19,183.4,,883.3,,,-100.0,22.0,77
6.333,GIRO,1,1,0,-109.78,90.0,-161.26,183.5,,654.2,,,-100.0,22.0,85
6.358,GIRO,1,1,0,-109.78,90.0,-161.26,183.6,,528.2,,,-100.0,22.0,74
6.379,GIRO,1,1,0,-109.78,90.0,-161.26,183.6,,459.0,,,-100.0,22.0,74
6.409,GIRO,1,1,0,-109.75,90.0,-161.29,184.0,,420.9,,,-100.0,22.0,80
6.434,GIRO,1,1,0,-109.75,90.0,-161.29,183.9,,399.2,,,-100.0,22.0,76
6.454,GIRO,1,1,0,-109.71,90.0,-161.33,183.8,,387.3,,,-100.0,22.0,76
6.484,GIRO,1,1,0,-109.71,90.0,-161.33,183.8,,380.7,,,-100.0,22.0,75
6.509,GIRO,1,1,0,-109.67,90.0,-161.37,184.3,,377.8,,,-100.0,22.0,77
6.53,GIRO,1,1,0,-109.67,90.0,-161.37,184.5,,376.2,,,-100.0,22.0,77
6.559,GIRO,1,1,0,-109.69,90.0,-161.35,184.2,,388.2,,,-100.0,22.0,80
6.584,GIRO,1,1,0,-109.69,90.0,-161.35,184.4,,381.2,,,-100.0,22.0,72
6.609,GIRO,1,1,0,-109.65,90.0,-161.39,184.6,,391.0,,,-100.0,22.0,68
6.63,GIRO,1,1,0,-109.65,90.0,-161.39,184.6,,396.4,,,-100.0,22.0,68
6.659,GIRO,1,1,0,-109.61,90.0,-161.43,185.1,,385.8,,,-100.0,22.0,84
6.685,GIRO,1,1,0,-109.61,90.0,-161.43,185.4,,1202.2,,,-100.0,22.0,68
6.705,GIRO,1,1,0,-109.61,90.0,-161.43,185.6,,1651.2,,,-100.0,22.0,68
6.734,GIRO,1,1,0,-109.55,90.0,-161.49,185.7,,1898.2,,,-100.0,22.0,70
6.76,GIRO,1,1,0,-109.55,90.0,-161.49,185.4,,1211.0,,,-100.0,22.0,74
6.78,GIRO,1,1,0,-109.51,90.0,-161.53,185.2,,833.0,,,-100.0,22.0,74
6.81,GIRO,1,1,0,-109.51,90.0,-161.53,185.5,,1448.1,,,-100.0,22.0,62
6.835,GIRO,1,1,0,-109.51,90.0,-161.53,185.7,,962.7,,,-100.0,22.0,72
6.855,GIRO,1,1,0,-109.51,90.0,-161.53,185.9,,695.7,,,-100.0,22.0,72
6.885,GIRO,1,1,0,-109.48,90.0,-161.56,186.4,,549.7,,,-100.0,22.0,61
6.91,GIRO,1,1,0,-109.48,90.0,-161.56,185.8,,482.0,,,-100.0,22.0,70
6.931,GIRO,1,1,0,-109.46,90.0,-161.58,185.5,,444.8,,,-100.0,22.0,70
6.96,GIRO,1,1,0,-109.46,90.0,-161.58,185.3,,424.3,,,-100.0,22.0,68
6.985,GIRO,1,1,0,-109.46,90.0,-161.58,185.6,,412.2,,,-100.0,22.0,75
7.01,GIRO,1,1,0,-109.46,90.0,-161.58,185.4,,393.0,,,-100.0,22.0,72
7.031,GIRO,1,1,0,-109.46,90.0,-161.58,185.2,,382.4,,,-100.0,22.0,72
7.06,GIRO,1,1,0,-109.44,90.0,-161.6,185.2,,1200.3,,,-100.0,22.0,62
7.085,GIRO,1,1,0,-109.44,90.0,-161.6,185.6,,839.0,,,-100.0,22.0,74
7.106,GIRO,1,1,0,-109.44,90.0,-161.6,185.8,,640.2,,,-100.0,22.0,74
7.136,GIRO,1,1,0,-109.44,90.0,-161.6,185.9,,531.7,,,-100.0,22.0,70
7.16,GIRO,1,1,0,-109.44,90.0,-161.6,186.0,,471.1,,,-100.0,22.0,75
7.181,GIRO,1,1,0,-109.44,90.0,-161.6,186.0,,437.8,,,-100.0,22.0,75
7.211,GIRO,1,1,0,-109.45,90.0,-161.59,186.5,,419.7,,,-100.0,22.0,74
7.236,GIRO,1,1,0,-109.45,90.0,-161.59,185.8,,1220.8,,,-100.0,22.0,66
7.256,GIRO,1,1,0,-109.44,90.0,-161.6,185.4,,1661.4,,,-100.0,22.0,66
7.286,GIRO,1,1,0,-109.44,90.0,-161.6,185.7,,1092.6,,,-100.0,22.0,77
7.311,GIRO,1,1,0,-109.42,90.0,-161.62,186.5,,779.7,,,-100.0,22.0,67
7.336,GIRO,1,1,0,-109.42,90.0,-161.62,186.7,,594.5,,,-100.0,22.0,83
7.357,GIRO,1,1,0,-109.42,90.0,-161.62,186.8,,492.6,,,-100.0,22.0,83
7.386,GIRO,1,1,0,-109.39,90.0,-161.65,186.8,,449.8,,,-100.0,22.0,75
7.411,GIRO,1,1,0,-109.39,90.0,-161.65,186.9,,413.0,,,-100.0,22.0,80
7.432,GIRO,1,1,0,-109.39,90.0,-161.65,186.9,,392.8,,,-100.0,22.0,80
7.461,GIRO,1,1,0,-109.39,90.0,-161.65,187.3,,394.9,,,-100.0,22.0,75
7.486,GIRO,1,1,0,-109.36,90.0,-161.68,187.3,,1207.2,,,-100.0,22.0,75
7.507,GIRO,1,1,0,-109.36,90.0,-161.68,187.3,,1654.0,,,-100.0,22.0,75
7.536,GIRO,1,1,0,-109.31,90.0,-161.73,187.6,,1088.5,,,-100.0,22.0,80
7.561,GIRO,1,1,0,-109.31,90.0,-161.73,187.6,,1588.7,,,-100.0,22.0,70
7.582,GIRO,1,1,0,-109.31,90.0,-161.73,187.5,,1863.8,,,-100.0,22.0,70
7.612,GIRO,1,1,0,-109.31,90.0,-161.73,187.9,,2015.1,,,-100.0,22.0,71
7.637,GIRO,1,1,0,-109.27,90.0,-161.77,188.0,,1273.2,,,-100.0,22.0,72
7.657,GIRO,1,1,0,-109.27,90.0,-161.77,188.1,,865.1,,,-100.0,22.0,72
7.687,GIRO,1,1,0,-109.27,90.0,-161.77,188.0,,639.9,,,-100.0,22.0,74
7.712,GIRO,1,1,0,-109.25,90.0,-161.79,188.6,,516.1,,,-100.0,22.0,73
7.737,GIRO,1,1,0,-109.25,90.0,-161.79,187.6,,448.1,,,-100.0,22.0,71
7.758,GIRO,1,1,0,-109.23,90.0,-161.81,187.1,,410.7,,,-100.0,22.0,71
7.787,GIRO,1,1,0,-109.23,90.0,-161.81,186.8,,402.6,,,-100.0,22.0,77
7.813,GIRO,1,1,0,-109.23,90.0,-161.81,186.6,272.5,1211.4,,458.8,-100.0,22.0,77
7.833,GIRO,1,1,0,-109.23,90.0,-161.81,186.4,272.5,1656.3,,458.8,-100.0,22.0,77
7.862,GIRO,1,1,0,-109.18,90.0,-161.86,186.9,,1075.2,,,-100.0,22.0,77
7.887,GIRO,1,1,0,-109.18,90.0,-161.86,187.2,,755.7,,,-100.0,22.0,78
7.908,GIRO,1,1,0,-109.11,90.0,-161.93,187.3,,579.9,,,-100.0,22.0,78
7.937,GIRO,1,1,0,-109.11,90.0,-161.93,187.8,,1309.0,,,-100.0,22.0,73
7.962,GIRO,1,1,0,-109.0,90.0,-162.04,187.6,,1709.9,,,-100.0,22.0,75
7.983,SIGUE_MURO,1,1,0,-109.0,90.0,173.56,187.5,,1930.5,,,-89.5,26.9,75
8.013,SIGUE_MURO,1,1,0,-109.0,90.0,173.65,188.1,,1224.6,,,-78.9,29.0,84
8.038,SIGUE_MURO,1,1,0,-108.97,90.0,173.71,188.6,,836.3,,,-68.4,31.1,78
8.058,SIGUE_MURO,1,1,0,-108.97,90.0,173.76,188.9,,622.8,,,-57.9,30.6,78
8.088,SIGUE_MURO,1,1,0,-108.9,90.0,173.67,188.8,,505.5,,,-47.4,29.8,72
8.113,SIGUE_MURO,1,1,0,-108.9,90.0,173.74,189.2,,452.3,,,-36.8,30.4,76
8.138,SIGUE_MURO,1,1,0,-108.83,90.0,173.63,189.0,,421.5,,,-26.3,31.3,74
8.159,SIGUE_MURO,1,1,0,-108.83,90.0,173.62,188.9,,404.6,,,-15.8,32.5,74
8.188,SIGUE_MURO,1,1,0,-108.63,90.0,173.59,190.0,,1212.5,,,-5.3,43.9,65
8.212,SIGUE_MURO,1,1,0,-108.63,90.0,-162.41,,,825.9,,,-15.8,41.8,83
8.234,SIGUE_MURO,1,1,0,-108.35,90.0,-162.69,,,613.3,,,-26.3,36.2,83
8.263,SIGUE_MURO,1,1,0,-108.35,90.0,-162.69,,,504.4,,,-36.8,31.6,85
8.287,SIGUE_MURO,1,1,0,-107.5,90.0,-163.54,,,443.0,,,-47.4,28.4,75
8.309,SIGUE_MURO,1,1,0,-107.5,90.0,-163.54,,,409.2,,,-57.9,26.0,75
8.337,SIGUE_MURO,1,1,0,-107.5,90.0,-163.54,,,379.2,,,-68.4,23.7,84
8.362,SIGUE_MURO,1,1,0,-106.86,90.0,-164.18,,,1198.5,,,-78.9,29.0,64
8.384,SIGUE_MURO,1,1,0,-106.86,90.0,-164.18,,,1649.2,,,-89.5,26.9,64
8.413,SIGUE_MURO,1,1,0,-106.74,90.0,171.71,190.0,,1897.1,,,-78.9,29.0,76
8.438,SIGUE_MURO,1,1,0,-106.74,90.0,-164.3,,,2033.4,,,-89.5,26.9,64
8.462,SIGUE_MURO,1,1,0,-106.84,90.0,-164.2,,,2108.4,,,-100.0,24.8,81
8.484,SIGUE_MURO,1,1,0,-106.84,90.0,-164.2,,,2149.6,,,-100.0,24.8,81
8.513,SIGUE_MURO,1,1,0,-106.93,90.0,-164.11,,,2172.3,,,-100.0,24.8,76
8.538,SIGUE_MURO,1,1,0,-106.93,90.0,-164.11,,,2184.8,,,-100.0,24.8,77
8.56,SIGUE_MURO,1,1,0,-106.49,90.0,-164.55,,,2191.6,,,-100.0,24.8,77
8.589,SIGUE_MURO,1,1,0,-106.49,90.0,-164.55,,,1368.9,,,-100.0,24.8,72
8.614,SIGUE_MURO,1,1,0,-105.41,90.0,-165.63,,,1742.9,,,-100.0,24.8,69
8.635,SIGUE_MURO,1,1,0,-105.41,90.0,-165.63,,,1948.6,,,-100.0,24.8,69
8.664,SIGUE_MURO,1,1,0,-105.41,90.0,-165.63,,,2061.7,,,-100.0,24.8,52
8.688,SIGUE_MURO,1,1,0,-104.62,90.0,-166.42,,,2123.9,,,-100.0,24.8,68
8.71,SIGUE_MURO,1,1,0,-104.62,90.0,-166.42,,,2158.2,,,-100.0,24.8,68
8.739,SIGUE_MURO,1,1,0,-105.79,90.0,170.53,188.6,,2177.0,,,-89.5,26.9,67
8.763,SIGUE_MURO,1,1,0,-105.79,90.0,-165.25,,,2187.3,,,-100.0,24.8,68
8.785,SIGUE_MURO,1,1,0,-106.56,90.0,-164.48,,,2193.0,,,-100.0,24.8,68
8.813,SIGUE_MURO,1,1,0,-106.56,90.0,-164.48,,,1311.2,,,-100.0,24.8,67
8.838,SIGUE_MURO,1,1,0,-107.96,90.0,-163.08,,,826.2,,,-100.0,24.8,81
8.864,SIGUE_MURO,1,1,0,-107.96,90.0,-163.08,,,559.4,,,-100.0,22.0,108
8.885,SIGUE_MURO,1,1,0,-108.49,90.0,-162.55,,,412.6,,,-100.0,22.0,108
8.914,SIGUE_MURO,1,1,0,-108.49,90.0,-162.55,,,331.8,,,-100.0,22.0,73
8.939,SIGUE_MURO,1,1,0,-109.21,90.0,-161.83,,,287.1,,,-100.0,22.0,97
8.961,SIGUE_MURO,1,1,0,-109.21,90.0,-161.83,,,262.5,,,-100.0,22.0,97
8.99,SIGUE_MURO,1,1,0,-109.35,90.0,-172.09,69.2,,248.8,348.7,,-100.0,22.0,88
9.014,SIGUE_MURO,1,1,0,-109.35,90.0,-161.69,,,241.0,,,-100.0,22.0,119
9.036,SIGUE_MURO,1,1,0,-109.35,90.0,-161.69,,,236.8,,,-100.0,22.0,119
9.066,SIGUE_MURO,1,1,0,-111.55,90.0,-159.49,,,234.2,,,-100.0,22.0,133
9.089,SIGUE_MURO,1,1,0,-111.55,90.0,-159.49,,,232.7,,,-100.0,22.0,152
9.111,SIGUE_MURO,1,1,0,-113.0,90.0,-158.04,,,231.9,,,-100.0,22.0,152
9.139,SIGUE_MURO,1,1,0,-113.0,90.0,-158.04,,,231.1,,,-100.0,22.0,186
9.164,SIGUE_MURO,1,1,0,-113.95,90.0,-157.09,,,230.5,,,-100.0,22.0,205
9.186,SIGUE_MURO,1,1,0,-113.95,90.0,-157.09,,,230.2,,,-100.0,22.0,205
9.214,SIGUE_MURO,1,1,0,-116.62,90.0,-154.42,,,229.8,,,-100.0,22.0,214
9.239,SIGUE_MURO,1,1,0,-116.62,90.0,-154.42,,,229.4,,,-100.0,22.0,214
9.265,SIGUE_MURO,1,1,0,-117.42,90.0,-153.62,,,229.0,,,-100.0,22.0,214
9.286,SIGUE_MURO,1,1,0,-117.42,90.0,-153.62,,,228.8,,,-100.0,22.0,214
9.316,SIGUE_MURO,1,1,0,-118.51,90.0,-178.53,148.7,,228.5,1086.7,,-100.0,22.0,214
9.341,SIGUE_MURO,1,1,0,-118.51,90.0,-178.53,144.0,,228.2,990.0,,-100.0,22.0,214
9.361,SIGUE_MURO,1,1,0,-118.51,90.0,-178.53,141.4,,228.1,990.0,,-100.0,22.0,214
9.391,SIGUE_MURO,1,1,0,-120.74,90.0,-176.3,137.7,,228.0,744.2,,-100.0,22.0,214
9.416,SIGUE_MURO,1,1,0,-120.74,90.0,-176.3,134.9,,227.9,900.9,,-100.0,22.0,214
9.437,SIGUE_MURO,1,1,0,-120.97,90.0,-176.07,133.4,,227.9,900.9,,-100.0,22.0,214
9.466,SIGUE_MURO,1,1,0,-120.97,90.0,-176.07,131.8,,227.9,929.8,,-100.0,22.0,214
9.491,SIGUE_MURO,1,1,0,-120.47,90.0,-176.57,130.7,,229.1,919.1,,-100.0,22.0,214
9.512,SIGUE_MURO,1,1,0,-120.47,90.0,-176.57,130.0,,229.9,919.1,,-100.0,22.0,214
9.541,SIGUE_MURO,1,1,0,-120.21,90.0,-176.83,128.4,,231.0,1017.4,,-100.0,22.0,214
9.567,SIGUE_MURO,1,1,0,-120.21,90.0,-124.83,848.4,,232.0,,,-100.0,22.0,214
9.587,GIRO,1,2,0,-120.21,180.0,-60.83,1244.5,,232.5,,,-100.0,22.0,214
9.617,GIRO,1,2,0,-120.13,180.0,-60.91,742.6,,232.2,928.5,,-100.0,22.0,214
9.642,GIRO,1,2,0,-119.61,180.0,-61.43,467.7,,231.0,1071.2,,-100.0,22.0,214
9.667,GIRO,1,2,0,-119.61,180.0,-61.43,318.5,,229.6,892.6,,-100.0,22.0,214
9.687,GIRO,1,2,0,-119.61,180.0,-61.43,236.5,,228.8,892.6,,-100.0,22.0,214
9.717,GIRO,1,2,0,-119.02,180.0,-62.02,195.4,,228.4,977.9,,-100.0,22.0,214
9.742,GIRO,1,2,0,-119.02,180.0,-62.02,176.5,,228.1,993.7,,-100.0,22.0,214
9.762,GIRO,1,2,0,-118.02,180.0,-63.02,166.1,,228.0,993.7,,-100.0,22.0,214
9.792,GIRO,1,2,0,-118.02,180.0,-63.02,164.8,,227.9,883.4,,-100.0,22.0,214
9.816,GIRO,1,2,0,-116.14,180.0,-64.9,,,227.9,,,-100.0,22.0,214
9.838,GIRO,1,2,0,-116.14,180.0,-64.9,,,227.9,,,-100.0,22.0,214
9.866,GIRO,1,2,0,-114.68,180.0,-66.36,,,227.9,,,-100.0,22.0,214
9.891,GIRO,1,2,0,-114.68,180.0,-66.36,,,227.9,,,-100.0,22.0,214
9.913,GIRO,1,2,0,-113.35,180.0,-67.69,,,227.9,,,-100.0,22.0,214
9.941,GIRO,1,2,0,-113.35,180.0,-67.69,,,228.0,,,-100.0,22.0,214
9.966,GIRO,1,2,0,-113.35,180.0,-67.69,,,228.0,,,-100.0,22.0,214
9.992,GIRO,1,2,0,-110.97,180.0,-70.07,,,228.0,,,-100.0,22.0,214
10.013,GIRO,1,2,0,-110.97,180.0,-70.07,,,228.0,,,-100.0,22.0,214
10.041,GIRO,1,2,0,-109.47,180.0,-71.57,,,228.3,,,-100.0,22.0,214
10.066,GIRO,1,2,0,-109.47,180.0,-71.57,,,228.6,,,-100.0,22.0,214
10.088,GIRO,1,2,0,-108.16,180.0,-72.88,,,228.8,,,-100.0,22.0,214
10.116,GIRO,1,2,0,-108.16,180.0,-72.88,,,228.8,,,-100.0,22.0,214
10.141,GIRO,1,2,0,-105.67,180.0,-75.37,,,228.8,,,-100.0,22.0,214
10.163,GIRO,1,2,0,-105.67,180.0,-75.37,,,228.8,,,-100.0,22.0,214
10.192,GIRO,1,2,0,-104.81,180.0,-76.23,,,229.4,,,-100.0,22.0,214
10.217,GIRO,1,2,0,-104.81,180.0,-76.23,,,229.7,,,-100.0,22.0,214
10.239,GIRO,1,2,0,-105.15,180.0,-75.89,,,229.8,,,-100.0,22.0,214
10.267,GIRO,1,2,0,-105.15,180.0,-75.89,,,229.6,,,-100.0,22.0,214
10.292,GIRO,1,2,0,-105.15,180.0,-75.89,,,229.6,,,-100.0,22.0,214
10.314,GIRO,1,2,0,-105.61,180.0,-75.43,,,229.5,,,-100.0,22.0,214
10.342,GIRO,1,2,0,-105.61,180.0,-75.43,,,229.4,,,-100.0,22.0,214
10.367,GIRO,1,2,0,-105.86,180.0,-75.18,,,229.4,,,-100.0,22.0,214
10.392,GIRO,1,2,0,-105.86,180.0,-75.18,,,229.3,,,-100.0,22.0,214
10.414,GIRO,1,2,0,-106.33,180.0,-74.71,,,229.2,,,-100.0,22.0,214
10.442,GIRO,1,2,0,-106.33,180.0,-74.71,,,229.2,,,-100.0,22.0,214
10.467,GIRO,1,2,0,-106.6,180.0,-74.44,,,228.9,,,-100.0,22.0,214
10.489,GIRO,1,2,0,-106.6,180.0,-74.44,,,228.8,,,-100.0,22.0,214
10.517,GIRO,1,2,0,-107.0,180.0,-74.04,,,228.6,,,-100.0,22.0,214
10.542,GIRO,1,2,0,-107.0,180.0,-74.04,,,228.7,,,-100.0,22.0,214
10.564,GIRO,1,2,0,-107.57,180.0,-73.47,,,228.8,,,-100.0,22.0,214
10.593,GIRO,1,2,0,-107.57,180.0,-73.47,,,228.9,,,-100.0,22.0,214
10.618,GIRO,1,2,0,-107.57,180.0,-73.47,,,228.5,,,-100.0,22.0,214
10.639,GIRO,1,2,0,-107.57,180.0,-73.47,,,228.4,,,-100.0,22.0,214
10.668,GIRO,1,2,0,-107.57,180.0,-73.47,,,228.3,,,-100.0,22.0,214
10.693,GIRO,1,2,0,-107.72,180.0,-73.32,,,228.3,,,-100.0,22.0,214
10.715,GIRO,1,2,0,-107.72,180.0,-73.32,,,228.4,,,-100.0,22.0,214
10.743,GIRO,1,2,0,-107.94,180.0,-73.1,,,228.3,,,-100.0,22.0,214
10.768,GIRO,1,2,0,-107.94,180.0,-73.1,,,228.2,,,-100.0,22.0,214
10.793,GIRO,1,2,0,-107.98,180.0,-73.06,,,228.1,,,-100.0,22.0,214
10.815,GIRO,1,2,0,-107.98,180.0,-73.06,,,228.1,,,-100.0,22.0,214
10.843,GIRO,1,2,0,-107.93,180.0,-73.11,,,228.1,,,-100.0,22.0,214
10.869,GIRO,1,2,0,-107.93,180.0,-73.11,,,228.2,,,-100.0,22.0,214
10.89,GIRO,1,2,0,-108.1,180.0,-72.94,,,228.2,,,-100.0,22.0,214
10.918,GIRO,1,2,0,-108.1,180.0,-72.94,,,228.1,,,-100.0,22.0,214
10.943,GIRO,1,2,0,-108.17,180.0,-72.87,,,228.1,,,-100.0,22.0,214
10.965,GIRO,1,2,0,-108.17,180.0,-72.87,,,228.1,,,-100.0,22.0,214
10.993,GIRO,1,2,0,-108.17,180.0,-72.87,,,228.1,,,-100.0,22.0,214
11.018,GIRO,1,2,0,-108.23,180.0,-72.81,,,228.2,,,-100.0,22.0,214
11.04,GIRO,1,2,0,-108.23,180.0,-72.81,,,228.2,,,-100.0,22.0,214
11.069,GIRO,1,2,0,-108.1,180.0,-72.94,,,228.1,,,-100.0,22.0,214
11.094,GIRO,1,2,0,-108.1,180.0,-72.94,,,228.2,,,-100.0,22.0,214
11.119,GIRO,1,2,0,-108.03,180.0,-73.01,,,228.2,,,-100.0,22.0,214
11.141,GIRO,1,2,0,-108.03,180.0,-73.01,,,228.3,,,-100.0,22.0,214
11.169,GIRO,1,2,0,-108.02,180.0,-73.02,,,228.2,,,-100.0,22.0,214
11.194,GIRO,1,2,0,-108.02,180.0,-73.02,,,228.2,,,-100.0,22.0,214
11.216,GIRO,1,2,0,-107.96,180.0,-73.08,,,228.2,,,-100.0,22.0,214
11.244,GIRO,1,2,0,-107.96,180.0,-73.08,,,228.2,,,-100.0,22.0,214
11.269,GIRO,1,2,0,-107.97,180.0,-73.07,,,228.2,,,-100.0,22.0,214
11.291,GIRO,1,2,0,-107.97,180.0,-73.07,,,228.2,,,-100.0,22.0,214
11.319,GIRO,1,2,0,-107.97,180.0,-73.07,,,228.2,,,-100.0,22.0,214
11.344,GIRO,1,2,0,-108.05,180.0,-72.99,,,228.2,,,-100.0,22.0,214
11.366,GIRO,1,2,0,-108.05,180.0,-72.99,,,228.1,,,-100.0,22.0,214
11.394,GIRO,1,2,0,-107.96,180.0,-73.08,,,228.1,,,-100.0,22.0,214
11.419,GIRO,1,2,0,-107.96,180.0,-73.08,,,228.1,,,-100.0,22.0,214
11.441,GIRO,1,2,0,-107.96,180.0,-73.08,,,228.1,,,-100.0,22.0,214
11.47,GIRO,1,2,0,-107.96,180.0,-73.08,,,228.0,,,-100.0,22.0,214
11.495,GIRO,1,2,0,-107.83,180.0,-73.21,,,228.1,,,-100.0,22.0,214
11.52,GIRO,1,2,0,-107.83,180.0,-73.21,,,228.2,,,-100.0,22.0,214
11.542,GIRO,1,2,0,-107.89,180.0,-73.15,,,228.2,,,-100.0,22.0,214
11.57,GIRO,1,2,0,-107.89,180.0,-73.15,,,228.3,,,-100.0,22.0,214
11.595,GIRO,1,2,0,-107.93,180.0,-73.11,,,228.2,,,-100.0,22.0,214
11.617,GIRO,1,2,0,-107.93,180.0,-73.11,,,228.1,,,-100.0,22.0,214
11.645,GIRO,1,2,0,-107.93,180.0,-73.11,,,228.2,,,-100.0,22.0,214
11.67,GIRO,1,2,0,-108.1,180.0,-72.94,,,228.2,,,-100.0,22.0,214
11.692,GIRO,1,2,0,-108.1,180.0,-72.94,,,228.2,,,-100.0,22.0,214
11.72,GIRO,1,2,0,-108.15,180.0,-72.89,,,228.2,,,-100.0,22.0,214
11.746,GIRO,1,2,0,-108.15,180.0,-72.89,,,228.3,,,-100.0,22.0,214
11.767,GIRO,1,2,0,-108.13,180.0,-72.91,,,228.4,,,-100.0,22.0,214
11.795,GIRO,1,2,0,-108.13,180.0,-72.91,,,228.3,,,-100.0,22.0,214
11.82,GIRO,1,2,0,-108.08,180.0,-72.96,,,228.2,,,-100.0,22.0,214
11.842,GIRO,1,2,0,-108.08,180.0,-72.96,,,228.1,,,-100.0,22.0,214
11.871,GIRO,1,2,0,-108.08,180.0,-72.96,,,228.1,,,-100.0,22.0,214
11.896,GIRO,1,2,0,-108.08,180.0,-72.96,,,228.1,,,-100.0,22.0,214
11.921,GIRO,1,2,0,-107.93,180.0,-73.11,,,228.3,,,-100.0,22.0,214
11.943,GIRO,1,2,0,-107.93,180.0,-73.11,,,228.4,,,-100.0,22.0,214
11.972,GIRO,1,2,0,-107.93,180.0,-73.11,,,228.3,,,-100.0,22.0,214
11.996,GIRO,1,2,0,-107.89,180.0,-73.15,,,228.3,,,-100.0,22.0,214
12.018,GIRO,1,2,0,-107.89,180.0,-73.15,,,228.3,,,-100.0,22.0,214
12.048,GIRO,1,2,0,-107.83,180.0,-73.21,,,228.3,,,-100.0,22.0,214
12.072,GIRO,1,2,0,-107.83,180.0,-73.21,,,228.3,,,-100.0,22.0,214
12.093,GIRO,1,2,0,-107.81,180.0,-73.23,,,228.3,,,-100.0,22.0,214
12.122,GIRO,1,2,0,-107.81,180.0,-73.23,,,228.3,,,-100.0,22.0,214
12.147,GIRO,1,2,0,-107.83,180.0,-73.21,,,228.3,,,-100.0,22.0,214
12.168,GIRO,1,2,0,-107.83,180.0,-73.21,,,228.4,,,-100.0,22.0,214
12.197,GIRO,1,2,0,-107.88,180.0,-73.16,,,228.2,,,-100.0,22.0,214
12.222,GIRO,1,2,0,-107.88,180.0,-73.16,,,228.3,,,-100.0,22.0,214
12.247,GIRO,1,2,0,-107.76,180.0,-73.28,,,228.2,,,-100.0,22.0,214
12.269,GIRO,1,2,0,-107.76,180.0,-73.28,,,228.1,,,-100.0,22.0,214
12.297,GIRO,1,2,0,-107.76,180.0,-73.28,,,228.2,,,-100.0,22.0,214
12.322,GIRO,1,2,0,-107.73,180.0,-73.31,,,228.1,,,-100.0,22.0,214
12.344,GIRO,1,2,0,-107.73,180.0,-73.31,,,228.1,,,-100.0,22.0,214
12.372,GIRO,1,2,0,-107.64,180.0,-73.4,,,228.1,,,-100.0,22.0,214
12.397,GIRO,1,2,0,-107.64,180.0,-73.4,,,228.1,,,-100.0,22.0,214
12.419,GIRO,1,2,0,-107.37,180.0,-73.67,,,228.2,,,-100.0,22.0,214
12.447,GIRO,1,2,0,-107.37,180.0,-73.67,,,228.1,,,-100.0,22.0,214
12.472,GIRO,1,2,0,-107.11,180.0,-73.93,,,228.1,,,-100.0,22.0,214
12.494,GIRO,1,2,0,-107.11,180.0,-73.93,,,228.1,,,-100.0,22.0,214
12.522,GIRO,1,2,0,-107.06,180.0,-73.98,,,228.2,,,-100.0,22.0,214
12.547,GIRO,1,2,0,-107.06,180.0,-73.98,,,228.2,,,-100.0,22.0,214
12.569,GIRO,1,2,0,-107.06,180.0,-73.98,,,228.2,,,-100.0,22.0,214
12.598,GIRO,1,2,0,-107.16,180.0,-73.88,,,228.1,,,-100.0,22.0,214
12.623,GIRO,1,2,0,-107.16,180.0,-73.88,,,228.1,,,-100.0,22.0,214
12.648,GIRO,1,2,0,-107.11,180.0,-73.93,,,228.2,,,-100.0,22.0,214
12.67,GIRO,1,2,0,-107.11,180.0,-73.93,,,228.3,,,-100.0,22.0,214
12.698,GIRO,1,2,0,-107.18,180.0,-73.86,,,228.2,,,-100.0,22.0,214
12.723,GIRO,1,2,0,-107.18,180.0,-73.86,,,228.2,,,-100.0,22.0,214
12.745,GIRO,1,2,0,-107.12,180.0,-73.92,,,228.2,,,-100.0,22.0,214
12.773,GIRO,1,2,0,-107.12,180.0,-73.92,,,228.2,,,-100.0,22.0,214
12.798,GIRO,1,2,0,-106.89,180.0,-74.15,,,228.1,,,-100.0,22.0,214
12.82,GIRO,1,2,0,-106.89,180.0,-74.15,,,228.1,,,-100.0,22.0,214
12.848,GIRO,1,2,0,-106.74,180.0,-74.3,,,228.1,,,-100.0,22.0,214
12.873,GIRO,1,2,0,-106.74,180.0,-74.3,,,228.1,,,-100.0,22.0,214
12.895,GIRO,1,2,0,-106.78,180.0,-74.26,,,228.2,,,-100.0,22.0,214
12.923,GIRO,1,2,0,-106.78,180.0,-74.26,,,228.1,,,-100.0,22.0,214
12.948,GIRO,1,2,0,-106.78,180.0,-74.26,,,228.1,,,-100.0,22.0,214
12.97,GIRO,1,2,0,-106.78,180.0,-74.26,,,228.1,,,-100.0,22.0,214
12.998,GIRO,1,2,0,-106.78,180.0,-74.26,,,228.1,,,-100.0,22.0,214
13.024,GIRO,1,2,0,-106.76,180.0,-74.28,,,228.2,,,-100.0,22.0,214
13.05,GIRO,1,2,0,-106.76,180.0,-74.28,,,228.3,,,-100.0,22.0,214
13.071,GIRO,1,2,0,-106.76,180.0,-74.28,,,228.4,,,-100.0,22.0,214
13.099,GIRO,1,2,0,-106.76,180.0,-74.28,,,228.3,,,-100.0,22.0,214
13.124,GIRO,1,2,0,-106.79,180.0,-74.25,,,228.2,,,-100.0,22.0,214
13.146,GIRO,1,2,0,-106.79,180.0,-74.25,,,228.1,,,-100.0,22.0,214
13.174,GIRO,1,2,0,-106.72,180.0,-74.32,,,228.1,,,-100.0,22.0,214
13.199,GIRO,1,2,0,-106.72,180.0,-74.32,,,228.1,,,-100.0,22.0,214
13.221,GIRO,1,2,0,-106.69,180.0,-74.35,,,228.1,,,-100.0,22.0,214
13.249,GIRO,1,2,0,-106.69,180.0,-74.35,,,228.1,,,-100.0,22.0,214
13.274,GIRO,1,2,0,-106.69,180.0,-74.35,,,228.1,,,-100.0,22.0,214
13.299,GIRO,1,2,0,-106.62,180.0,-74.42,,,228.2,,,-100.0,22.0,214
13.321,GIRO,1,2,0,-106.62,180.0,-74.42,,,228.3,,,-100.0,22.0,214
13.349,GIRO,1,2,0,-106.47,180.0,-74.57,,,228.3,,,-100.0,22.0,214
13.374,GIRO,1,2,0,-106.47,180.0,-74.57,,,228.2,,,-100.0,22.0,214
13.396,GIRO,1,2,0,-106.41,180.0,-74.63,,,228.1,,,-100.0,22.0,214
13.425,GIRO,1,2,0,-106.41,180.0,-74.63,,,228.1,,,-100.0,22.0,214
13.45,GIRO,1,2,0,-106.44,180.0,-74.6,,,228.1,,,-100.0,22.0,214
13.472,GIRO,1,2,0,-106.44,180.0,-74.6,,,228.1,,,-100.0,22.0,214
13.5,GIRO,1,2,0,-106.49,180.0,-74.55,,,228.1,,,-100.0,22.0,214
13.526,GIRO,1,2,0,-106.49,180.0,-74.55,,,228.1,,,-100.0,22.0,214
13.547,GIRO,1,2,0,-106.47,180.0,-74.57,,,228.1,,,-100.0,22.0,214
13.575,GIRO,1,2,0,-106.47,180.0,-74.57,,,228.1,,,-100.0,22.0,214
13.6,GIRO,1,2,0,-106.47,180.0,-74.57,,,228.2,,,-100.0,22.0,214
13.622,GIRO,1,2,0,-106.14,180.0,-74.9,,,228.3,,,-100.0,22.0,214
13.65,GIRO,1,2,0,-106.14,180.0,-74.9,,,228.4,,,-100.0,22.0,214
13.675,GIRO,1,2,0,-106.07,180.0,-74.97,,,228.6,,,-100.0,22.0,214
13.701,GIRO,1,2,0,-106.07,180.0,-74.97,,,228.4,,,-100.0,22.0,214
13.722,GIRO,1,2,0,-106.11,180.0,-74.93,,,228.3,,,-100.0,22.0,214
13.751,GIRO,1,2,0,-106.11,180.0,-74.93,,,228.2,,,-100.0,22.0,214
13.776,GIRO,1,2,0,-106.2,180.0,-74.84,,,228.4,,,-100.0,22.0,214
13.797,GIRO,1,2,0,-106.2,180.0,-74.84,,,228.5,,,-100.0,22.0,214
13.826,GIRO,1,2,0,-106.32,180.0,-74.72,,,228.4,,,-100.0,22.0,214
13.851,GIRO,1,2,0,-106.32,180.0,-74.72,,,228.3,,,-100.0,22.0,214
13.873,GIRO,1,2,0,-106.32,180.0,-74.72,,,228.3,,,-100.0,22.0,214
13.901,GIRO,1,2,0,-106.32,180.0,-74.72,,,228.3,,,-100.0,22.0,214
13.926,GIRO,1,2,0,-106.29,180.0,-74.75,,,228.3,,,-100.0,22.0,214
13.948,GIRO,1,2,0,-106.29,180.0,-74.75,,,228.4,,,-100.0,22.0,214
13.976,GIRO,1,2,0,-106.29,180.0,-74.75,,,228.3,,,-100.0,22.0,214
14.001,GIRO,1,2,0,-106.35,180.0,-74.69,,,228.2,,,-100.0,22.0,214
14.023,GIRO,1,2,0,-106.35,180.0,-74.69,,,228.2,,,-100.0,22.0,214
14.052,GIRO,1,2,0,-106.14,180.0,-74.9,,,228.2,,,-100.0,22.0,214
14.076,GIRO,1,2,0,-106.14,180.0,-74.9,,,228.3,,,-100.0,22.0,214
14.101,SIGUE_MURO,1,2,0,-105.6,180.0,-75.44,,,228.4,,,-100.0,22.0,214
14.123,SIGUE_MURO,1,2,0,-105.6,180.0,-75.44,,,228.4,,,-100.0,22.0,214
14.151,SIGUE_MURO,1,2,0,-105.63,180.0,-75.41,,,228.4,,,-100.0,22.0,214
14.177,SIGUE_MURO,1,2,0,-105.63,180.0,-75.41,,,228.3,,,-100.0,22.0,214
14.198,SIGUE_MURO,1,2,0,-105.6,180.0,-75.44,,,228.2,,,-100.0,22.0,214
14.226,SIGUE_MURO,1,2,0,-105.6,180.0,-75.44,,,228.3,,,-100.0,22.0,214
14.252,SIGUE_MURO,1,2,0,-105.24,180.0,-75.8,,,228.3,,,-100.0,22.0,214
14.274,SIGUE_MURO,1,2,0,-105.24,180.0,-75.8,,,228.2,,,-100.0,22.0,214
14.302,SIGUE_MURO,1,2,0,-105.24,180.0,-75.8,,,228.2,,,-100.0,22.0,214
14.327,SIGUE_MURO,1,2,0,-105.04,180.0,-76.0,,,228.5,,,-100.0,22.0,214
14.349,SIGUE_MURO,1,2,0,-105.04,180.0,-76.0,,,228.6,,,-100.0,22.0,214
14.377,SIGUE_MURO,1,2,0,-104.2,180.0,-76.84,,,228.5,,,-100.0,22.0,214
14.402,SIGUE_MURO,1,2,0,-104.2,180.0,-76.84,,,228.8,,,-100.0,22.0,214
14.427,SIGUE_MURO,1,2,0,-104.23,180.0,-76.81,,,228.5,,,-100.0,22.0,214
14.449,SIGUE_MURO,1,2,0,-104.23,180.0,-76.81,,,228.4,,,-100.0,22.0,214
14.477,SIGUE_MURO,1,2,0,-104.23,180.0,-76.81,,,228.3,,,-100.0,22.0,214
14.499,SIGUE_MURO,1,2,0,-104.23,180.0,-76.81,,,228.3,,,-100.0,22.0,214
14.527,SIGUE_MURO,1,2,0,-104.27,180.0,-76.77,,,228.2,,,-100.0,22.0,214
14.552,SIGUE_MURO,1,2,0,-104.27,180.0,-76.77,,,228.2,,,-100.0,22.0,214
14.577,SIGUE_MURO,1,2,0,-104.3,180.0,-76.74,,,228.4,,,-100.0,22.0,214
14.599,SIGUE_MURO,1,2,0,-104.3,180.0,-76.74,,,228.5,,,-100.0,22.0,214
14.627,SIGUE_MURO,1,2,0,-104.3,180.0,-76.74,,,228.4,,,-100.0,22.0,214
14.652,SIGUE_MURO,1,2,0,-104.33,180.0,-76.71,,,228.4,,,-100.0,22.0,214
14.674,SIGUE_MURO,1,2,0,-104.33,180.0,-76.71,,,228.4,,,-100.0,22.0,214
14.703,SIGUE_MURO,1,2,0,-104.38,180.0,-76.66,,,228.3,,,-100.0,22.0,214
14.728,SIGUE_MURO,1,2,0,-104.38,180.0,-76.66,,,228.9,,,-100.0,22.0,214
14.75,SIGUE_MURO,1,2,0,-104.43,180.0,-76.61,,,229.2,,,-100.0,22.0,214
14.778,SIGUE_MURO,1,2,0,-104.43,180.0,-76.61,,,229.0,,,-100.0,22.0,214
14.803,SIGUE_MURO,1,2,0,-104.48,180.0,-76.56,,,228.8,,,-100.0,22.0,214
14.828,SIGUE_MURO,1,2,0,-104.48,180.0,-76.56,,,229.3,,,-100.0,22.0,210
14.85,SIGUE_MURO,1,2,0,-103.62,180.0,-77.42,,,229.5,,,-100.0,22.0,210
14.878,SIGUE_MURO,1,2,0,-103.62,180.0,-77.42,,,229.6,,,-100.0,22.0,179
14.905,SIGUE_MURO,1,2,0,-102.45,180.0,-52.59,,33.0,230.0,,,-100.0,22.0,169
14.925,SIGUE_MURO,1,2,0,-102.45,180.0,-52.59,,33.0,230.2,,,-100.0,22.0,169
14.956,SIGUE_MURO,1,2,0,-102.45,180.0,-104.59,82.4,,231.4,,,-100.0,22.0,164
14.98,SIGUE_MURO,1,2,0,-101.48,180.0,-63.56,,148.6,232.0,,,-100.0,22.0,130
15.0,SIGUE_MURO,1,2,0,-101.48,180.0,-63.56,,148.6,232.4,,,-100.0,22.0,130
15.03,SIGUE_MURO,1,2,0,-100.57,180.0,-64.04,,146.7,232.8,,,-100.0,22.0,173
15.055,SIGUE_MURO,1,2,0,-100.57,180.0,-80.47,,,230.8,,,-100.0,22.0,145
15.075,SIGUE_MURO,1,2,0,-100.62,180.0,-80.42,,,229.6,,,-100.0,22.0,145
15.104,SIGUE_MURO,1,2,0,-100.62,180.0,-80.42,,,230.9,,,-100.0,22.0,168
15.13,SIGUE_MURO,1,2,0,-101.78,180.0,-53.67,,105.8,230.9,,,-100.0,22.0,172
15.151,SIGUE_MURO,1,2,0,-101.78,180.0,-53.67,,105.8,230.9,,,-100.0,22.0,172
15.18,SIGUE_MURO,1,2,0,-102.9,180.0,-53.22,,108.8,231.4,,,-100.0,22.0,193
15.206,SIGUE_MURO,1,2,0,-102.9,180.0,-78.14,,,229.9,,,-100.0,22.0,177
15.231,SIGUE_MURO,1,2,0,-103.59,180.0,-66.92,,173.0,229.3,,,-100.0,22.0,178
15.251,SIGUE_MURO,1,2,0,-103.59,180.0,-66.92,,173.0,229.0,,,-100.0,22.0,178
15.282,SIGUE_MURO,1,2,0,-103.7,180.0,-77.34,,,228.3,,,-100.0,22.0,152
15.307,SIGUE_MURO,1,2,0,-103.7,180.0,-52.15,162.8,116.7,228.2,,279.5,-100.0,22.0,148
15.326,SIGUE_MURO,1,2,0,-103.7,180.0,-52.15,162.8,116.7,228.1,,279.5,-100.0,22.0,148
15.357,SIGUE_MURO,1,2,0,-103.83,180.0,-102.35,182.8,,229.8,,,-100.0,22.0,131
15.382,SIGUE_MURO,1,2,0,-103.83,180.0,-103.21,175.0,,230.9,,,-100.0,22.0,124
15.401,SIGUE_MURO,1,2,0,-103.72,180.0,-103.32,170.6,,231.5,,,-100.0,22.0,124
15.432,SIGUE_MURO,1,2,0,-103.72,180.0,-65.5,155.3,171.0,231.9,,307.7,-100.0,22.0,110
15.456,SIGUE_MURO,1,2,0,-103.17,180.0,-70.71,,188.0,232.4,,,-100.0,22.0,89
15.476,SIGUE_MURO,1,2,0,-103.17,180.0,-72.81,,197.4,232.6,,,-100.0,22.0,89
15.506,SIGUE_MURO,1,2,0,-102.93,180.0,-71.45,,190.3,232.7,,,-100.0,22.0,82
15.531,SIGUE_MURO,1,2,0,-102.93,180.0,-78.11,,,232.9,,,-100.0,22.0,75
15.555,SIGUE_MURO,1,2,0,-102.65,180.0,-78.39,,,233.2,,,-100.0,22.0,87
15.577,SIGUE_MURO,1,2,0,-102.65,180.0,-78.39,,,233.3,,,-100.0,22.0,87
15.605,SIGUE_MURO,1,2,0,-102.65,180.0,-78.39,,,233.4,,,-100.0,22.0,81
15.631,SIGUE_MURO,1,2,0,-101.35,180.0,-86.68,165.3,,397.4,345.3,,-100.0,22.0,57
15.652,SIGUE_MURO,1,2,0,-101.35,180.0,-86.68,165.3,,487.6,345.3,,-100.0,22.0,57
15.68,SIGUE_MURO,1,2,0,-100.91,180.0,-80.13,,,373.3,,,-100.0,22.0,65
15.705,GIRO,1,3,0,-100.91,270.0,9.87,,,310.4,,,-89.5,22.0,67
15.727,GIRO,1,3,0,-100.83,270.0,9.79,,,275.9,,,-78.9,22.0,67
15.755,GIRO,1,3,0,-100.83,270.0,9.79,,,413.6,,,-68.4,22.1,78
15.78,GIRO,1,3,0,-100.74,270.0,9.7,,,332.8,,,-57.9,23.7,59
15.802,GIRO,1,3,0,-100.74,270.0,9.7,,,288.4,,,-47.4,25.2,59
15.831,GIRO,1,3,0,-101.04,270.0,10.0,,,420.7,,,-36.9,26.7,63
15.856,GIRO,1,3,0,-101.04,270.0,10.0,,,492.4,,,-26.3,28.2,67
15.877,GIRO,1,3,0,-101.04,270.0,10.0,,,531.8,,,-15.8,29.7,67
15.906,GIRO,1,3,0,-101.18,270.0,10.14,,,554.5,,,-5.3,31.2,56
15.932,GIRO,1,3,0,-101.18,270.0,10.14,,,1295.0,,,5.3,31.2,47
15.956,GIRO,1,3,0,-100.76,270.0,9.72,,,964.6,,,15.8,29.7,57
15.978,GIRO,1,3,0,-100.76,270.0,9.72,,,783.0,,,23.3,28.6,57
16.007,GIRO,1,3,0,-100.78,270.0,9.74,169.8,,676.5,245.3,,23.4,28.6,53
16.032,GIRO,1,3,0,-100.78,270.0,9.74,175.2,,616.8,254.3,,23.4,28.6,45
16.053,GIRO,1,3,0,-100.57,270.0,9.53,178.3,,583.9,254.3,,22.9,28.7,45
16.083,GIRO,1,3,0,-100.57,270.0,9.53,,,562.9,,,22.9,28.7,57
16.106,GIRO,1,3,0,-100.59,270.0,9.55,,,547.0,,,22.9,28.7,46
16.128,GIRO,1,3,0,-100.59,270.0,9.55,,,538.2,,,22.9,28.7,46
16.156,SIGUE_MURO,1,3,0,-100.62,270.0,9.58,,,533.5,,,23.0,34.7,61
16.181,SIGUE_MURO,1,3,0,-100.62,270.0,9.58,,,535.6,,,23.0,34.8,65
16.203,SIGUE_MURO,1,3,0,-100.62,270.0,9.58,,,536.8,,,23.0,34.8,65
16.231,SIGUE_MURO,1,3,0,-100.45,270.0,9.41,,,537.9,,,22.6,34.9,48
16.257,SIGUE_MURO,1,3,0,-100.45,270.0,9.41,,,539.2,,,22.6,35.0,53
16.278,SIGUE_MURO,1,3,0,-100.31,270.0,9.27,,,540.0,,,22.2,35.0,53
16.306,SIGUE_MURO,1,3,0,-100.31,270.0,9.27,,,543.6,,,22.2,35.1,47
16.331,SIGUE_MURO,1,3,0,-100.17,270.0,9.13,,,542.5,,,21.9,35.2,46
16.357,SIGUE_MURO,1,3,0,-100.17,270.0,9.13,,,548.7,,,21.9,35.3,52
16.379,SIGUE_MURO,1,3,0,-100.24,270.0,9.2,,,552.2,,,22.1,35.4,52
16.407,SIGUE_MURO,1,3,0,-100.24,270.0,9.2,,,553.3,,,22.1,35.4,54
16.432,SIGUE_MURO,1,3,0,-100.24,270.0,9.2,,,555.8,,,22.1,35.5,49
16.454,SIGUE_MURO,1,3,0,-100.24,270.0,9.2,,,557.2,,,22.1,35.5,49
16.482,SIGUE_MURO,1,3,0,-100.2,270.0,9.16,,,557.9,,,22.0,35.5,51
16.507,SIGUE_MURO,1,3,0,-100.2,270.0,9.16,,,558.5,,,22.0,35.6,50
16.529,SIGUE_MURO,1,3,0,-100.2,270.0,9.16,,,558.8,,,22.0,35.6,50
16.557,SIGUE_MURO,1,3,0,-100.18,270.0,9.14,,,558.9,,,21.9,35.6,50
16.583,SIGUE_MURO,1,3,0,-100.18,270.0,9.14,,,559.0,,,21.9,35.6,54
16.604,SIGUE_MURO,1,3,0,-100.15,270.0,9.11,,,559.0,,,21.9,35.6,54
16.632,SIGUE_MURO,1,3,0,-100.15,270.0,9.11,,,559.2,,,21.9,35.6,52
16.657,SIGUE_MURO,1,3,0,-100.09,270.0,9.05,,,562.4,,,21.7,35.7,57
16.679,SIGUE_MURO,1,3,0,-100.09,270.0,9.05,,,564.2,,,21.7,35.8,57
16.707,SIGUE_MURO,1,3,0,-100.04,270.0,9.0,,,564.7,,,21.6,35.8,57
16.733,SIGUE_MURO,1,3,0,-100.04,270.0,9.0,,,564.8,,,21.6,35.8,52
16.758,SIGUE_MURO,1,3,0,-100.07,270.0,9.03,,,562.4,,,21.7,35.7,56
16.78,SIGUE_MURO,1,3,0,-100.07,270.0,9.03,,,561.0,,,21.7,35.7,56
16.809,SIGUE_MURO,1,3,0,-100.04,270.0,9.0,,,561.6,,,21.6,35.7,61
16.833,SIGUE_MURO,1,3,0,-100.04,270.0,9.0,,,561.9,,,21.6,35.7,62
16.855,SIGUE_MURO,1,3,0,-100.04,270.0,9.0,,,562.1,,,21.6,35.7,62
16.883,SIGUE_MURO,1,3,0,-100.06,270.0,9.02,,,562.1,,,21.6,35.7,59
16.908,SIGUE_MURO,1,3,0,-100.06,270.0,9.02,,,560.7,,,21.6,35.7,60
16.93,SIGUE_MURO,1,3,0,-100.0,270.0,8.96,,,560.0,,,21.5,35.7,60
16.958,SIGUE_MURO,1,3,0,-100.0,270.0,8.96,,,559.6,,,21.5,35.7,57
16.983,SIGUE_MURO,1,3,0,-99.96,270.0,8.92,,,562.0,,,21.4,35.8,49
17.005,SIGUE_MURO,1,3,0,-99.96,270.0,8.92,,,563.4,,,21.4,35.8,49
17.033,SIGUE_MURO,1,3,0,-99.87,270.0,8.83,,,563.0,,,21.2,35.8,42
17.058,SIGUE_MURO,1,3,0,-99.87,270.0,8.83,,,1299.6,,,21.2,40.7,36
17.083,SIGUE_MURO,1,3,0,-99.8,270.0,8.76,,,966.3,,,21.0,40.7,27
17.105,SIGUE_MURO,1,3,0,-99.8,270.0,8.76,,,783.0,,,21.0,40.7,27
17.134,SIGUE_MURO,1,3,0,-99.78,270.0,8.74,,,1420.6,,,21.0,40.8,52
17.159,SIGUE_MURO,1,3,0,-99.78,270.0,8.74,,,1034.4,,,21.0,40.8,49
17.181,SIGUE_MURO,1,3,0,-99.78,270.0,8.74,,,821.9,,,21.0,40.8,49
17.209,SIGUE_MURO,1,3,0,-99.78,270.0,8.74,,,704.3,,,21.0,39.6,55
17.234,SIGUE_MURO,1,3,0,-99.78,270.0,8.74,,,638.6,,,21.0,37.8,54
17.256,SIGUE_MURO,1,3,0,-99.74,270.0,8.7,,,602.5,,,20.9,36.9,54
17.284,SIGUE_MURO,1,3,0,-99.74,270.0,8.7,,,1321.4,,,20.9,40.8,53
17.309,SIGUE_MURO,1,3,0,-99.69,270.0,8.65,,,978.3,,,20.8,40.8,49
17.331,SIGUE_MURO,1,3,0,-99.69,270.0,8.65,,,789.5,,,20.8,40.8,49
17.359,SIGUE_MURO,1,3,0,-99.5,270.0,8.46,,,685.6,,,20.3,39.2,47
17.384,SIGUE_MURO,1,3,0,-99.5,270.0,8.46,,,626.8,,,20.3,37.7,49
17.406,SIGUE_MURO,1,3,0,-99.56,270.0,8.52,,,594.4,,,20.4,36.8,49
17.434,SIGUE_MURO,1,3,0,-99.56,270.0,8.52,,,578.4,,,20.4,36.4,44
17.459,SIGUE_MURO,1,3,0,-99.53,270.0,8.49,,,566.4,,,20.4,36.1,50
17.484,SIGUE_MURO,1,3,0,-99.53,270.0,8.49,,,1301.5,,,20.4,40.9,44
17.506,SIGUE_MURO,1,3,0,-99.53,270.0,8.49,,,1705.8,,,20.4,40.9,44
17.534,SIGUE_MURO,1,3,0,-99.48,270.0,8.44,,,1189.6,,,20.3,40.9,52
17.559,SIGUE_MURO,1,3,0,-99.48,270.0,8.44,,,905.4,,,20.3,40.9,49
17.582,SIGUE_MURO,1,3,0,-99.53,270.0,8.49,,,749.0,,,20.4,40.8,49
17.61,SIGUE_MURO,1,3,0,-99.53,270.0,8.49,,,657.3,,,20.4,38.4,51
17.635,SIGUE_MURO,1,3,0,-99.53,270.0,8.49,,,1351.5,,,20.4,40.9,45
17.657,SIGUE_MURO,1,3,0,-99.53,270.0,8.49,,,1733.3,,,20.4,40.9,45
17.686,SIGUE_MURO,1,3,0,-99.51,270.0,8.47,,,1200.1,,,20.3,40.9,48
17.71,SIGUE_MURO,1,3,0,-99.51,270.0,8.47,,,908.6,,,20.3,40.9,50
17.732,SIGUE_MURO,1,3,0,-99.55,270.0,8.51,,,748.2,,,20.4,40.8,50
17.76,GIRO,1,4,1,-99.55,360.0,98.51,,,661.3,,,30.9,27.5,58
17.785,GIRO,1,4,1,-99.58,360.0,98.54,,,608.9,,,41.5,26.0,53
17.807,GIRO,1,4,1,-99.58,360.0,98.54,,,580.2,,,52.0,24.5,53
17.835,GIRO,1,4,1,-99.58,360.0,98.54,,,569.8,,,62.5,23.0,52
17.86,GIRO,1,4,1,-99.58,360.0,98.54,,,561.6,,,73.1,22.0,49
17.885,GIRO,1,4,1,-99.58,360.0,98.54,,,556.4,,,83.6,22.0,51
17.907,GIRO,1,4,1,-99.59,360.0,98.55,,,553.5,,,94.1,22.0,51
17.936,GIRO,1,4,1,-99.59,360.0,98.55,,,551.2,,,100.0,22.0,52
17.96,GIRO,1,4,1,-99.47,360.0,98.43,,,551.7,,,100.0,22.0,52
17.982,GIRO,1,4,1,-99.47,360.0,98.43,,,551.9,,,100.0,22.0,52
18.011,GIRO,1,4,1,-99.45,360.0,98.41,,,547.9,,,100.0,22.0,52
18.036,GIRO,1,4,1,-99.45,360.0,98.41,,,548.1,,,100.0,22.0,53
18.058,GIRO,1,4,1,-99.59,360.0,98.55,,,548.1,,,100.0,22.0,53
18.086,GIRO,1,4,1,-99.59,360.0,98.55,,,1291.5,,,100.0,22.0,43
18.111,GIRO,1,4,1,-99.59,360.0,98.55,,,961.8,,,100.0,22.0,57
18.133,GIRO,1,4,1,-99.59,360.0,98.55,,,780.5,,,100.0,22.0,57
18.161,GIRO,1,4,1,-99.57,360.0,98.53,,,680.8,,,100.0,22.0,54
18.186,GIRO,1,4,1,-99.57,360.0,98.53,,,627.6,,,100.0,22.0,53
18.211,GIRO,1,4,1,-99.57,360.0,98.53,,,597.0,,,100.0,22.0,56
18.233,GIRO,1,4,1,-99.57,360.0,98.53,,,580.1,,,100.0,22.0,56
18.261,GIRO,1,4,1,-99.57,360.0,98.53,,,572.2,,,100.0,22.0,57
18.286,GIRO,1,4,1,-99.51,360.0,98.47,,,569.6,,,100.0,22.0,56
18.308,GIRO,1,4,1,-99.51,360.0,98.47,,,568.2,,,100.0,22.0,56
18.337,GIRO,1,4,1,-99.41,360.0,98.37,,,560.6,,,100.0,22.0,51
18.362,GIRO,1,4,1,-99.41,360.0,98.37,,,565.0,,,100.0,22.0,54
18.384,GIRO,1,4,1,-99.33,360.0,98.29,,,567.4,,,100.0,22.0,54
18.412,GIRO,1,4,1,-99.33,360.0,98.29,,,567.2,,,100.0,22.0,55
18.437,GIRO,1,4,1,-99.31,360.0,98.27,,,567.8,,,100.0,22.0,57
18.459,GIRO,1,4,1,-99.31,360.0,98.27,,,568.1,,,100.0,22.0,57
18.487,GIRO,1,4,1,-99.2,360.0,98.16,,,565.8,,,100.0,22.0,46
18.512,GIRO,1,4,1,-99.2,360.0,98.16,,,566.3,,,100.0,22.0,48
18.534,GIRO,1,4,1,-99.2,360.0,98.16,,,566.6,,,100.0,22.0,48
18.562,GIRO,1,4,1,-99.16,360.0,98.12,,,566.8,,,100.0,22.0,49
18.587,GIRO,1,4,1,-99.16,360.0,98.12,,,567.6,,,100.0,22.0,52
18.612,GIRO,1,4,1,-99.13,360.0,98.09,,,568.1,,,100.0,22.0,54
18.634,GIRO,1,4,1,-99.13,360.0,98.09,,,568.4,,,100.0,22.0,54
18.662,GIRO,1,4,1,-99.03,360.0,97.99,,,570.2,,,100.0,22.0,54
18.687,GIRO,1,4,1,-99.03,360.0,97.99,,,570.5,,,100.0,22.0,42
18.709,GIRO,1,4,1,-98.98,360.0,97.94,,,570.7,,,100.0,22.0,42
18.737,GIRO,1,4,1,-98.98,360.0,97.94,,,572.6,,,100.0,22.0,52
18.763,GIRO,1,4,1,-98.92,360.0,97.88,,,566.9,,,100.0,22.0,54
18.785,GIRO,1,4,1,-98.92,360.0,97.88,,,563.8,,,100.0,22.0,54
18.813,GIRO,1,4,1,-98.84,360.0,97.8,,,570.7,,,100.0,22.0,58
18.838,GIRO,1,4,1,-98.84,360.0,97.8,,,574.6,,,100.0,22.0,48
18.86,GIRO,1,4,1,-98.84,360.0,97.8,,,576.7,,,100.0,22.0,48
18.888,GIRO,1,4,1,-98.74,360.0,97.7,,,583.1,,,100.0,22.0,40
18.914,GIRO,1,4,1,-98.74,360.0,97.7,,,586.5,,,100.0,22.0,46
18.935,GIRO,1,4,1,-98.64,360.0,97.6,,,588.4,,,100.0,22.0,46
18.964,GIRO,1,4,1,-98.64,360.0,97.6,,,589.4,,,100.0,22.0,48
18.989,GIRO,1,4,1,-98.64,360.0,97.6,,,590.0,,,100.0,22.0,45
19.015,GIRO,1,4,1,-98.64,360.0,97.6,,,585.3,,,100.0,22.0,48
19.035,GIRO,1,4,1,-98.57,360.0,97.53,,,582.7,,,100.0,22.0,48
19.064,GIRO,1,4,1,-98.57,360.0,97.53,,,583.1,,,100.0,22.0,51
19.088,GIRO,1,4,1,-98.59,360.0,97.55,,,581.3,,,100.0,22.0,46
19.11,GIRO,1,4,1,-98.59,360.0,97.55,,,580.3,,,100.0,22.0,46
19.139,GIRO,1,4,1,-98.52,360.0,97.48,,,577.9,,,100.0,22.0,52
19.164,GIRO,1,4,1,-98.52,360.0,97.48,,,576.8,,,100.0,22.0,51
19.186,GIRO,1,4,1,-98.52,360.0,97.48,,,576.2,,,100.0,22.0,51
19.214,GIRO,1,4,1,-98.51,360.0,97.47,,,577.7,,,100.0,22.0,53
19.239,GIRO,1,4,1,-98.51,360.0,97.47,,,578.2,,,100.0,22.0,56
19.261,GIRO,1,4,1,-98.51,360.0,97.47,,,578.5,,,100.0,22.0,56
19.289,GIRO,1,4,1,-98.51,360.0,97.47,,,1308.2,,,100.0,22.0,49
19.314,GIRO,1,4,1,-98.51,360.0,97.47,,,979.1,,,100.0,22.0,53
19.339,GIRO,1,4,1,-98.51,360.0,97.47,,,798.0,,,100.0,22.0,46
19.361,GIRO,1,4,1,-98.48,360.0,97.44,,,698.4,,,100.0,22.0,46
19.389,GIRO,1,4,1,-98.48,360.0,97.44,,,639.3,,,100.0,22.0,49
19.414,GIRO,1,4,1,-98.55,360.0,97.51,,,608.5,,,100.0,22.0,55
19.436,GIRO,1,4,1,-98.55,360.0,97.51,,,591.6,,,100.0,22.0,55
19.464,GIRO,1,4,1,-98.52,360.0,97.48,,,582.3,,,100.0,22.0,57
19.489,GIRO,1,4,1,-98.52,360.0,97.48,,,579.0,,,100.0,22.0,49
19.511,GIRO,1,4,1,-98.52,360.0,97.48,,,577.2,,,100.0,22.0,49
19.539,GIRO,1,4,1,-98.52,360.0,97.48,,,574.2,,,100.0,22.0,58
19.565,GIRO,1,4,1,-98.52,360.0,97.48,,,566.0,,,100.0,22.0,58
19.587,GIRO,1,4,1,-98.52,360.0,97.48,,,561.5,,,100.0,22.0,58
19.615,GIRO,1,4,1,-98.52,360.0,97.48,,,565.6,,,100.0,22.0,60
19.64,GIRO,1,4,1,-98.57,360.0,97.53,,,569.7,,,100.0,22.0,52
19.662,GIRO,1,4,1,-98.57,360.0,97.53,,,572.0,,,100.0,22.0,52
19.69,GIRO,1,4,1,-98.48,360.0,97.44,,,571.5,,,100.0,22.0,59
19.715,GIRO,1,4,1,-98.48,360.0,97.44,,,571.5,,,100.0,22.0,47
19.74,GIRO,1,4,1,-98.42,360.0,97.38,,,571.2,,,100.0,22.0,52
19.762,GIRO,1,4,1,-98.42,360.0,97.38,,,571.1,,,100.0,22.0,52
19.79,GIRO,1,4,1,-98.35,360.0,97.31,,,572.8,,,100.0,22.0,43
19.815,GIRO,1,4,1,-98.35,360.0,97.31,,,574.1,,,100.0,22.0,54
19.837,GIRO,1,4,1,-98.35,360.0,97.31,,,574.8,,,100.0,22.0,54
19.865,GIRO,1,4,1,-98.24,360.0,97.2,,,577.8,,,100.0,22.0,57
19.89,GIRO,1,4,1,-98.24,360.0,97.2,,,574.7,,,100.0,22.0,48
19.912,GIRO,1,4,1,-98.29,360.0,97.25,,,573.0,,,100.0,22.0,48
19.94,GIRO,1,4,1,-98.29,360.0,97.25,,,573.8,,,100.0,22.0,54
19.965,GIRO,1,4,1,-98.29,360.0,97.25,,,1305.6,,,100.0,22.0,45
19.987,GIRO,1,4,1,-98.29,360.0,97.25,,,1708.1,,,100.0,22.0,45
20.015,GIRO,1,4,1,-98.13,360.0,97.09,,,1199.9,,,100.0,22.0,54
20.041,GIRO,1,4,1,-98.13,360.0,97.09,,,918.7,,,100.0,22.0,49
20.063,GIRO,1,4,1,-98.13,360.0,97.09,,,764.0,,,100.0,22.0,49
20.091,GIRO,1,4,1,-98.13,360.0,97.09,,,678.9,,,100.0,22.0,48
20.116,GIRO,1,4,1,-98.17,360.0,97.13,,,631.3,,,100.0,22.0,51
20.141,GIRO,1,4,1,-98.17,360.0,97.13,,,605.8,,,100.0,22.0,47
20.163,GIRO,1,4,1,-98.17,360.0,97.13,,,591.8,,,100.0,22.0,47
20.191,GIRO,1,4,1,-98.11,360.0,97.07,,,581.4,,,100.0,22.0,51
20.216,GIRO,1,4,1,-98.11,360.0,97.07,,,578.6,,,100.0,22.0,57
20.238,GIRO,1,4,1,-98.06,360.0,97.02,,,577.1,,,100.0,22.0,57
20.266,GIRO,1,4,1,-98.06,360.0,97.02,,,572.8,,,100.0,22.0,51
20.291,GIRO,1,4,1,-98.06,360.0,97.02,,,574.1,,,100.0,22.0,53
20.313,GIRO,1,4,1,-98.06,360.0,97.02,,,574.8,,,100.0,22.0,53
20.342,GIRO,1,4,1,-98.1,360.0,97.06,,,576.0,,,100.0,22.0,50
20.367,GIRO,1,4,1,-98.1,360.0,97.06,,,567.1,,,100.0,22.0,54
20.388,GIRO,1,4,1,-98.06,360.0,97.02,,,562.2,,,100.0,22.0,54
20.417,GIRO,1,4,1,-98.06,360.0,97.02,,,566.2,,,100.0,22.0,49
20.442,GIRO,1,4,1,-98.03,360.0,96.99,,,570.1,,,100.0,22.0,49
20.467,GIRO,1,4,1,-98.03,360.0,96.99,,,572.2,,,100.0,22.0,48
20.489,GIRO,1,4,1,-98.03,360.0,96.99,,,573.3,,,100.0,22.0,48
20.517,GIRO,1,4,1,-98.03,360.0,96.99,,,572.2,,,100.0,22.0,57
20.543,GIRO,1,4,1,-98.03,360.0,96.99,,,571.5,,,100.0,22.0,55
20.565,GIRO,1,4,1,-97.99,360.0,96.95,,,571.1,,,100.0,22.0,55
20.593,GIRO,1,4,1,-97.99,360.0,96.95,,,572.7,,,100.0,22.0,48
20.618,GIRO,1,4,1,-97.97,360.0,96.93,,,571.9,,,100.0,22.0,52
20.64,GIRO,1,4,1,-97.97,360.0,96.93,,,571.4,,,100.0,22.0,52
20.668,GIRO,1,4,1,-97.94,360.0,96.9,,,572.9,,,100.0,22.0,53
20.693,GIRO,1,4,1,-97.94,360.0,96.9,,,573.8,,,100.0,22.0,48
20.715,GIRO,1,4,1,-97.94,360.0,96.9,,,574.3,,,100.0,22.0,48
20.743,GIRO,1,4,1,-97.94,360.0,96.9,,,572.9,,,100.0,22.0,58
20.768,GIRO,1,4,1,-97.94,360.0,96.9,,,567.0,,,100.0,22.0,58
20.79,GIRO,1,4,1,-97.94,360.0,96.9,,,563.7,,,100.0,22.0,58
20.818,GIRO,1,4,1,-97.89,360.0,96.85,,,567.3,,,100.0,22.0,58
20.843,GIRO,1,4,1,-97.89,360.0,96.85,,,570.6,,,100.0,22.0,49
20.868,GIRO,1,4,1,-97.89,360.0,96.85,,,570.6,,,100.0,22.0,52
20.89,GIRO,1,4,1,-97.91,360.0,96.87,,,570.6,,,100.0,22.0,52
20.918,GIRO,1,4,1,-97.91,360.0,96.87,,,567.5,,,100.0,22.0,48
20.944,GIRO,1,4,1,-97.93,360.0,96.89,,,567.3,,,100.0,22.0,47
20.965,GIRO,1,4,1,-97.93,360.0,96.89,,,567.3,,,100.0,22.0,47
20.994,GIRO,1,4,1,-97.93,360.0,96.89,,,569.8,,,100.0,22.0,47
21.019,GIRO,1,4,1,-97.93,360.0,96.89,,,570.2,,,100.0,22.0,58
21.041,GIRO,1,4,1,-97.9,360.0,96.86,,,570.4,,,100.0,22.0,58
21.069,GIRO,1,4,1,-97.9,360.0,96.86,,,570.6,,,100.0,22.0,54
21.094,GIRO,1,4,1,-97.86,360.0,96.82,,,570.6,,,100.0,22.0,46
21.116,GIRO,1,4,1,-97.86,360.0,96.82,,,570.6,,,100.0,22.0,46
21.144,GIRO,1,4,1,-97.86,360.0,96.82,,,569.2,,,100.0,22.0,52
21.169,GIRO,1,4,1,-97.86,360.0,96.82,,,565.8,,,100.0,22.0,49
21.191,GIRO,1,4,1,-97.86,360.0,96.82,,,563.9,,,100.0,22.0,49
21.219,GIRO,1,4,1,-97.86,360.0,96.82,,,565.4,,,100.0,22.0,53
21.244,GIRO,1,4,1,-97.86,360.0,96.82,,,566.1,,,100.0,22.0,56
21.269,GIRO,1,4,1,-97.81,360.0,96.77,,,566.5,,,100.0,22.0,52
21.291,GIRO,1,4,1,-97.81,360.0,96.77,,,566.8,,,100.0,22.0,52
21.319,GIRO,1,4,1,-97.81,360.0,96.77,,,567.0,,,100.0,22.0,45
21.344,GIRO,1,4,1,-97.81,360.0,96.77,,,565.6,,,100.0,22.0,54
21.366,GIRO,1,4,1,-97.77,360.0,96.73,,,564.8,,,100.0,22.0,54
21.395,GIRO,1,4,1,-97.77,360.0,96.73,,,566.0,,,100.0,22.0,53
21.42,GIRO,1,4,1,-97.77,360.0,96.73,,,566.6,,,100.0,22.0,54
21.442,GIRO,1,4,1,-97.77,360.0,96.73,,,567.0,,,100.0,22.0,54
21.47,GIRO,1,4,1,-97.75,360.0,96.71,,,567.9,,,100.0,22.0,57
21.495,GIRO,1,4,1,-97.75,360.0,96.71,,,566.0,,,100.0,22.0,49
21.517,GIRO,1,4,1,-97.75,360.0,96.71,,,564.9,,,100.0,22.0,49
21.545,GIRO,1,4,1,-97.68,360.0,96.64,,,567.5,,,100.0,22.0,50
21.57,GIRO,1,4,1,-97.68,360.0,96.64,,,568.9,,,100.0,22.0,56
21.595,GIRO,1,4,1,-97.68,360.0,96.64,,,564.9,,,100.0,22.0,54
21.617,GIRO,1,4,1,-97.68,360.0,96.64,,,562.7,,,100.0,22.0,54
21.645,GIRO,1,4,1,-97.68,360.0,96.64,,,568.2,,,100.0,22.0,51
21.67,GIRO,1,4,1,-97.68,360.0,96.64,,,569.3,,,100.0,22.0,51
21.692,GIRO,1,4,1,-97.62,360.0,96.58,,,569.9,,,100.0,22.0,51
21.72,GIRO,1,4,1,-97.62,360.0,96.58,,,570.2,,,100.0,22.0,51
21.746,GIRO,1,4,1,-97.58,360.0,96.54,,,570.3,,,100.0,22.0,61
21.767,GIRO,1,4,1,-97.58,360.0,96.54,,,570.4,,,100.0,22.0,61
21.796,GIRO,1,4,1,-97.58,360.0,96.54,,,570.7,,,100.0,22.0,57
21.821,GIRO,1,4,1,-97.58,360.0,96.54,,,564.3,,,100.0,22.0,48
21.843,GIRO,1,4,1,-97.58,360.0,96.54,,,560.7,,,100.0,22.0,48
21.872,GIRO,1,4,1,-97.61,360.0,96.57,,,565.4,,,100.0,22.0,55
21.896,GIRO,1,4,1,-97.61,360.0,96.57,,,567.8,,,100.0,22.0,55
21.918,GIRO,1,4,1,-97.6,360.0,96.56,,,569.1,,,100.0,22.0,55
21.946,GIRO,1,4,1,-97.6,360.0,96.56,,,563.4,,,100.0,22.0,53
21.971,GIRO,1,4,1,-97.6,360.0,96.56,,,565.4,,,100.0,22.0,55
21.996,GIRO,1,4,1,-97.6,360.0,96.56,,,567.9,,,100.0,22.0,57
22.018,GIRO,1,4,1,-97.63,360.0,96.59,,,569.2,,,100.0,22.0,57
22.046,GIRO,1,4,1,-97.63,360.0,96.59,,,570.3,,,100.0,22.0,62
22.071,GIRO,1,4,1,-97.63,360.0,96.59,,,570.6,,,100.0,22.0,55
22.093,GIRO,1,4,1,-97.63,360.0,96.59,,,570.7,,,100.0,22.0,55
22.122,GIRO,1,4,1,-97.63,360.0,96.59,,,572.5,,,100.0,22.0,54
22.147,GIRO,1,4,1,-97.63,360.0,96.59,,,571.9,,,100.0,22.0,52
22.168,GIRO,1,4,1,-97.63,360.0,96.59,,,571.5,,,100.0,22.0,52
22.196,GIRO,1,4,1,-97.6,360.0,96.56,,,572.1,,,100.0,22.0,53
22.221,GIRO,1,4,1,-97.6,360.0,96.56,,,573.3,,,100.0,22.0,50
22.244,GIRO,1,4,1,-97.6,360.0,96.56,,,573.9,,,100.0,22.0,50
22.272,SIGUE_MURO,1,4,1,-97.6,360.0,96.56,,,574.6,,,100.0,22.0,47
22.297,SIGUE_MURO,1,4,1,-97.57,360.0,96.53,,,574.9,,,100.0,22.0,49
22.319,SIGUE_MURO,1,4,1,-97.57,360.0,96.53,,,575.0,,,100.0,22.0,49
22.348,SIGUE_MURO,1,4,1,-97.51,360.0,96.47,,,1306.3,,,100.0,24.8,50
22.373,SIGUE_MURO,1,4,1,-97.51,360.0,96.47,,,982.4,,,100.0,24.8,51
22.397,SIGUE_MURO,1,4,1,-97.47,360.0,96.43,,,1530.3,,,100.0,24.8,42
22.419,SIGUE_MURO,1,4,1,-97.47,360.0,96.43,,,1831.7,,,100.0,24.8,42
22.447,SIGUE_MURO,1,4,1,-97.4,360.0,96.36,,,1273.6,,,100.0,24.8,47
22.472,SIGUE_MURO,1,4,1,-97.4,360.0,96.36,,,970.1,,,100.0,24.8,52
22.494,SIGUE_MURO,1,4,1,-97.4,360.0,96.36,,,803.2,,,100.0,24.8,52
22.523,SIGUE_MURO,1,4,1,-97.36,360.0,96.32,,,713.5,,,100.0,24.2,51
22.548,SIGUE_MURO,1,4,1,-97.36,360.0,96.32,,,668.2,,,100.0,23.5,45
22.57,SIGUE_MURO,1,4,1,-97.23,360.0,96.19,,,643.3,,,100.0,23.1,45
22.598,SIGUE_MURO,1,4,1,-97.23,360.0,96.19,,,1343.8,,,100.0,24.8,32
22.623,SIGUE_MURO,1,4,1,-96.9,360.0,95.86,,,1017.5,,,100.0,24.8,48
22.648,SIGUE_MURO,1,4,1,-96.9,360.0,95.86,,,839.6,,,100.0,24.8,46
22.67,SIGUE_MURO,1,4,1,-96.84,360.0,95.8,,,741.8,,,100.0,24.6,46
22.698,SIGUE_MURO,1,4,1,-96.84,360.0,95.8,,,689.1,,,100.0,23.8,44
22.723,SIGUE_MURO,1,4,1,-96.77,360.0,95.73,,,663.2,,,100.0,23.4,36
22.745,SIGUE_MURO,1,4,1,-96.77,360.0,95.73,,,649.0,,,100.0,23.1,36
22.774,SIGUE_MURO,1,4,1,-96.59,360.0,95.55,,,641.6,,,100.0,23.0,39
22.798,SIGUE_MURO,1,4,1,-96.59,360.0,95.55,,,637.4,,,100.0,23.0,48
22.82,SIGUE_MURO,1,4,1,-96.59,360.0,95.55,,,635.1,,,100.0,22.9,48
22.849,SIGUE_MURO,1,4,1,-96.51,360.0,95.47,,,635.9,,,100.0,22.9,42
22.873,SIGUE_MURO,1,4,1,-96.51,360.0,95.47,,,634.4,,,100.0,22.9,45
22.895,SIGUE_MURO,1,4,1,-96.19,360.0,95.15,,,633.5,,,100.0,22.9,45
22.924,SIGUE_MURO,1,4,1,-96.19,360.0,95.15,,,631.8,,,100.0,22.9,38
22.949,SIGUE_MURO,1,4,1,-96.08,360.0,95.04,,,1337.5,,,100.0,24.8,31
22.971,SIGUE_MURO,1,4,1,-96.08,360.0,95.04,,,1725.6,,,100.0,24.8,31
22.999,SIGUE_MURO,1,4,1,-96.08,360.0,95.04,,,1234.0,,,100.0,24.8,38
23.024,SIGUE_MURO,1,4,1,-96.08,360.0,95.04,,,965.4,,,100.0,24.8,41
23.048,SIGUE_MURO,1,4,1,-95.98,360.0,94.94,,,817.7,,,100.0,24.8,41
23.077,SIGUE_MURO,1,4,1,-95.98,360.0,94.94,,,734.4,,,100.0,24.5,40
23.101,SIGUE_MURO,1,4,1,-95.86,360.0,94.82,,,692.9,,,100.0,23.8,43
23.126,SIGUE_MURO,1,4,1,-95.86,360.0,94.82,,,670.7,,,100.0,23.5,38
23.148,SIGUE_MURO,1,4,1,-95.75,360.0,94.71,,,658.4,,,100.0,23.3,38
23.177,SIGUE_MURO,1,4,1,-95.75,360.0,94.71,,,654.2,,,100.0,23.2,34
23.201,SIGUE_MURO,1,4,1,-95.75,360.0,94.71,,,660.9,,,100.0,23.3,33
23.223,SIGUE_MURO,1,4,1,-95.41,360.0,94.37,,,664.6,,,100.0,23.4,33
23.251,SIGUE_MURO,1,4,1,-95.41,360.0,94.37,,,673.4,,,100.0,23.5,33
23.276,SIGUE_MURO,1,4,1,-95.09,360.0,94.05,,,688.9,,,100.0,23.8,40
23.298,SIGUE_MURO,1,4,1,-95.09,360.0,94.05,,,697.5,,,100.0,23.9,40
23.326,SIGUE_MURO,1,4,1,-94.87,360.0,93.83,,,1373.6,,,100.0,24.8,24
23.352,SIGUE_MURO,1,4,1,-94.87,360.0,93.83,,,1084.6,,,100.0,24.8,30
23.376,SIGUE_MURO,1,4,1,-94.54,360.0,93.5,,,1586.5,,,100.0,24.8,21
23.398,SIGUE_MURO,1,4,1,-94.54,360.0,93.5,,,1862.6,,,100.0,24.8,21
23.426,SIGUE_MURO,1,4,1,-94.4,360.0,93.36,,,2014.4,,,100.0,24.8,25
23.451,SIGUE_MURO,1,4,1,-94.4,360.0,93.36,,,2097.9,,,100.0,24.8,22
23.474,SIGUE_MURO,1,4,1,-94.26,360.0,93.22,,,2143.9,,,100.0,24.8,22
23.502,SIGUE_MURO,1,4,1,-94.26,360.0,93.22,,,1527.6,,,100.0,24.8,15
23.527,SIGUE_MURO,1,4,1,-94.26,360.0,93.22,,,1830.2,,,100.0,24.8,15
23.549,SIGUE_MURO,1,4,1,-94.05,360.0,93.01,,,1996.6,,,100.0,24.8,15
23.577,SIGUE_MURO,1,4,1,-94.05,360.0,93.01,,,1451.4,,,100.0,24.8,31
23.602,SIGUE_MURO,1,4,1,-94.05,360.0,93.01,,,1788.3,,,100.0,24.8,18
23.624,SIGUE_MURO,1,4,1,-94.05,360.0,93.01,,,1973.5,,,100.0,24.8,18
23.652,SIGUE_MURO,1,4,1,-94.02,360.0,92.98,,,2075.4,,,100.0,24.8,26
23.677,SIGUE_MURO,1,4,1,-94.02,360.0,92.98,,,1483.9,,,100.0,24.8,23
23.7,SIGUE_MURO,1,4,1,-93.93,360.0,92.89,,,1158.6,,,100.0,24.8,23
23.728,SIGUE_MURO,1,4,1,-93.93,360.0,92.89,,,981.8,,,100.0,24.8,22
23.753,SIGUE_MURO,1,4,1,-93.97,360.0,92.93,,,879.4,,,100.0,24.8,33
23.778,SIGUE_MURO,1,4,1,-93.97,360.0,92.93,,,823.1,,,100.0,24.8,31
23.8,SIGUE_MURO,1,4,1,-94.16,360.0,93.12,,,792.1,,,100.0,24.8,31
23.828,SIGUE_MURO,1,4,1,-94.16,360.0,93.12,,,765.5,,,100.0,24.8,50
23.853,SIGUE_MURO,1,4,1,-94.2,360.0,93.16,,,759.7,,,100.0,24.8,39
23.875,SIGUE_MURO,1,4,1,-94.2,360.0,93.16,,,756.5,,,100.0,24.8,39
23.903,SIGUE_MURO,1,4,1,-94.2,360.0,93.16,,,754.9,,,100.0,24.8,37
23.928,SIGUE_MURO,1,4,1,-94.22,360.0,93.18,,,754.1,,,100.0,24.8,31
23.95,SIGUE_MURO,1,4,1,-94.22,360.0,93.18,,,753.6,,,100.0,24.8,31
23.978,SIGUE_MURO,1,4,1,-94.26,360.0,93.22,,,750.7,,,100.0,24.8,36
24.003,SIGUE_MURO,1,4,1,-94.26,360.0,93.22,,,722.9,,,100.0,24.3,38
24.025,GIRO,1,5,1,-94.24,450.0,-176.8,,,707.6,,,89.5,22.0,38
24.055,GIRO,1,5,1,-94.24,450.0,-176.8,184.5,,719.0,352.9,,78.9,22.0,51
24.079,GIRO,1,5,1,-94.2,450.0,-176.84,,,731.9,,,68.4,22.1,38
24.105,GIRO,1,5,1,-94.2,450.0,-176.84,,,1392.5,,,57.9,23.7,27
24.126,GIRO,1,5,1,-94.1,450.0,-176.94,,,1755.9,,,47.4,25.2,27
24.155,GIRO,1,5,1,-94.1,450.0,-176.94,,,1277.2,,,36.8,26.7,28
24.18,GIRO,1,5,1,-94.04,450.0,-177.0,,,1035.4,,,26.3,28.2,29
24.201,GIRO,1,5,1,-94.04,450.0,-177.0,,,902.5,,,15.8,29.7,29
24.23,GIRO,1,5,1,-94.04,450.0,-177.0,180.6,,835.2,250.2,,5.3,31.2,45
24.254,GIRO,1,5,1,-94.08,450.0,-176.96,,,767.1,,,-5.3,31.2,36
24.276,GIRO,1,5,1,-94.08,450.0,-176.96,,,729.6,,,-15.8,29.7,36
24.306,GIRO,1,5,1,-94.44,450.0,-176.6,172.5,,734.3,250.8,,-26.3,28.2,55
24.33,GIRO,1,5,1,-94.44,450.0,-176.6,178.2,,752.3,362.3,,-36.8,26.7,46
24.351,GIRO,1,5,1,-94.69,450.0,-176.35,181.3,,762.2,362.3,,-47.4,25.2,46
24.38,GIRO,1,5,1,-94.69,450.0,-176.35,183.2,,771.1,260.9,,-57.9,23.7,44
24.405,GIRO,1,5,1,-94.93,450.0,-176.11,,,785.2,,,-68.4,22.1,37
24.426,GIRO,1,5,1,-94.93,450.0,-176.11,,,793.0,,,-78.9,22.0,37
24.455,GIRO,1,5,1,-95.44,450.0,-175.6,,,801.4,,,-89.5,22.0,40
24.48,GIRO,1,5,1,-95.44,450.0,-175.6,,,546.0,,,-100.0,22.0,33
24.507,GIRO,1,5,1,-95.6,450.0,-175.44,173.8,,667.2,364.4,,-100.0,22.0,50
24.527,GIRO,1,5,1,-95.6,450.0,-175.44,173.8,,733.9,364.4,,-100.0,22.0,50
24.556,GIRO,1,5,1,-95.6,450.0,-175.44,,,509.3,,,-100.0,22.0,54
24.582,GIRO,1,5,1,-95.69,450.0,-175.35,,29.9,384.9,,,-100.0,22.0,94
24.602,GIRO,1,5,1,-95.69,450.0,-175.35,,29.9,316.5,,,-100.0,22.0,94
24.631,GIRO,1,5,1,-95.66,450.0,-175.38,,,278.4,,,-100.0,22.0,144
24.656,GIRO,1,5,1,-95.66,450.0,-175.38,,,256.9,,,-100.0,22.0,193
24.678,GIRO,1,5,1,-95.74,450.0,-175.3,,,245.1,,,-100.0,22.0,193
24.706,GIRO,1,5,1,-95.74,450.0,-175.3,,,238.4,,,-100.0,22.0,214
24.731,GIRO,1,5,1,-96.62,450.0,-174.42,,,234.5,,,-100.0,22.0,214
24.753,GIRO,1,5,1,-96.62,450.0,-174.42,,,232.4,,,-100.0,22.0,214
24.781,GIRO,1,5,1,-97.25,450.0,-173.79,,,230.7,,,-100.0,22.0,214
24.806,GIRO,1,5,1,-97.25,450.0,-173.79,,,229.7,,,-100.0,22.0,214
24.831,GIRO,1,5,1,-97.94,450.0,-173.1,,,229.2,,,-100.0,22.0,214
24.853,GIRO,1,5,1,-97.94,450.0,-173.1,,,228.9,,,-100.0,22.0,214
24.881,GIRO,1,5,1,-97.94,450.0,-173.1,,,228.6,,,-100.0,22.0,214
24.906,GIRO,1,5,1,-99.92,450.0,-171.12,,,228.4,,,-100.0,22.0,214
24.928,GIRO,1,5,1,-99.92,450.0,-171.12,,,228.2,,,-100.0,22.0,214
24.956,GIRO,1,5,1,-100.75,450.0,-170.29,,,228.1,,,-100.0,22.0,214
24.981,GIRO,1,5,1,-100.75,450.0,-170.29,,,228.0,,,-100.0,22.0,214
25.003,GIRO,1,5,1,-101.76,450.0,-169.28,,,228.0,,,-100.0,22.0,214
25.032,GIRO,1,5,1,-101.76,450.0,-169.28,,,230.6,,,-100.0,22.0,214
25.057,GIRO,1,5,1,-104.2,450.0,-166.84,,,235.1,,,-100.0,22.0,214
25.079,GIRO,1,5,1,-104.2,450.0,-166.84,,,237.6,,,-100.0,22.0,214
25.107,GIRO,1,5,1,-105.49,450.0,-165.55,,,241.9,,,-100.0,22.0,214
25.132,GIRO,1,5,1,-105.49,450.0,-165.55,,,247.8,,,-100.0,22.0,214
25.154,GIRO,1,5,1,-105.49,450.0,-165.55,,,251.1,,,-100.0,22.0,214
25.182,GIRO,1,5,1,-106.77,450.0,-164.27,,,256.9,,,-100.0,22.0,214
25.208,GIRO,1,5,1,-106.77,450.0,-164.27,155.1,,263.8,,,-100.0,22.0,214
25.233,GIRO,1,5,1,-109.48,450.0,-161.56,149.1,,271.8,1190.7,,-100.0,22.0,212
25.254,GIRO,1,5,1,-109.48,450.0,-161.56,145.8,,276.3,1190.7,,-100.0,22.0,212
25.283,GIRO,1,5,1,-110.84,450.0,-160.2,137.7,,282.9,1289.3,,-100.0,22.0,203
25.308,GIRO,1,5,1,-110.84,450.0,-160.2,126.9,,291.5,,,-100.0,22.0,192
25.329,GIRO,1,5,1,-113.67,450.0,-157.37,121.0,,296.2,,,-100.0,22.0,192
25.359,GIRO,1,5,1,-113.67,450.0,-157.37,112.2,,303.6,1162.0,,-100.0,22.0,184
25.384,GIRO,1,5,1,-115.13,450.0,-155.91,101.0,,312.9,968.8,,-100.0,22.0,175
25.404,GIRO,1,5,1,-115.13,450.0,-155.91,94.8,,318.0,968.8,,-100.0,22.0,175
25.434,GIRO,1,5,1,-116.61,450.0,-154.43,85.5,,326.4,839.2,,-100.0,22.0,167
25.459,GIRO,1,5,1,-116.61,450.0,-154.43,74.1,,335.8,835.1,,-100.0,22.0,158
25.48,GIRO,1,5,1,-116.61,450.0,-154.43,67.9,,341.0,835.1,,-100.0,22.0,158
25.509,GIRO,1,5,1,-119.9,450.0,-151.14,60.2,,350.3,,,-100.0,22.0,150
25.534,GIRO,1,5,1,-119.9,450.0,-151.14,49.5,,362.5,,,-100.0,22.0,142
25.555,GIRO,1,5,1,-121.48,450.0,-149.56,43.6,,369.2,,,-100.0,22.0,142
25.584,GIRO,1,5,1,-121.48,450.0,-149.56,35.8,,379.7,,,-100.0,22.0,135
25.61,GIRO,1,5,1,-123.19,450.0,-147.85,,,393.0,,,-100.0,22.0,127
25.634,GIRO,1,5,1,-123.19,450.0,-147.85,,,409.4,,,-100.0,22.0,119
25.655,GIRO,1,5,1,-126.51,450.0,-144.53,,,418.4,,,-100.0,22.0,119
25.684,GIRO,1,5,1,-126.51,450.0,-144.53,,,433.4,,,-100.0,22.0,112
25.709,GIRO,1,5,1,-128.46,450.0,-142.58,,50.8,452.9,,,-100.0,22.0,112
25.73,GIRO,1,5,1,-128.46,450.0,-142.58,,50.8,463.6,,,-100.0,22.0,112
25.758,GIRO,1,5,1,-130.66,450.0,-140.38,,,484.9,,,-100.0,22.0,103
25.783,GIRO,1,5,1,-130.66,450.0,-140.38,,,508.0,,,-100.0,22.0,100
25.805,GIRO,1,5,1,-130.66,450.0,-140.38,,,520.7,,,-100.0,22.0,100
25.834,GIRO,1,5,1,-135.15,450.0,-135.89,,,542.0,,,-100.0,22.0,88
25.859,GIRO,1,5,1,-135.15,450.0,-135.89,,,1288.1,,,-100.0,22.0,83
25.881,GIRO,1,5,1,-137.31,450.0,-133.73,,,1698.5,,,-100.0,22.0,83
25.91,GIRO,1,5,1,-137.31,450.0,-133.73,,491.5,1924.2,,,-100.0,22.0,77
25.935,GIRO,1,5,1,-139.49,450.0,-131.55,,498.0,2048.3,,,-100.0,22.0,72
25.96,GIRO,1,5,1,-139.49,450.0,-131.55,,510.8,2116.6,,,-100.0,22.0,70
25.981,GIRO,1,5,1,-143.02,450.0,-128.02,,517.9,2154.1,,,-100.0,22.0,70
26.01,GIRO,1,5,1,-143.02,450.0,-128.02,,528.8,2174.8,,,-100.0,22.0,67
26.035,GIRO,1,5,1,-144.61,450.0,-126.43,,541.6,2186.1,,,-100.0,22.0,63
26.056,GIRO,1,5,1,-144.61,450.0,-126.43,,548.6,2192.4,,,-100.0,22.0,63
26.087,GIRO,1,5,1,-147.88,450.0,-123.16,,558.5,2195.8,,,-100.0,22.0,57
26.11,GIRO,1,5,1,-147.88,450.0,-123.16,,571.5,2197.7,,,-100.0,22.0,53
26.131,GIRO,1,5,1,-147.88,450.0,-123.16,,578.6,2198.7,,,-100.0,22.0,53
26.161,GIRO,1,5,1,-149.9,450.0,-121.14,,587.7,2199.3,,,-100.0,22.0,46
26.186,GIRO,1,5,1,-149.9,450.0,-121.14,,578.3,2199.6,,,-100.0,22.0,41
26.206,GIRO,1,5,1,-151.65,450.0,-119.39,,573.2,2199.8,,,-100.0,22.0,41
26.236,GIRO,1,5,1,-151.65,450.0,-119.39,,564.7,2199.9,,,-100.0,22.0,34
26.261,GIRO,1,5,1,-154.93,450.0,-116.11,,,2199.9,,,-100.0,22.0,25
26.281,GIRO,1,5,1,-154.93,450.0,-116.11,,,2200.0,,,-100.0,22.0,25
26.31,GIRO,1,5,1,-156.59,450.0,-114.45,,,2200.0,,,-100.0,22.0,23
26.335,GIRO,1,5,1,-156.59,450.0,-114.45,,,2200.0,,,-100.0,22.0,21
26.36,GIRO,1,5,1,-158.22,450.0,-112.82,,,2200.0,,,-100.0,22.0,21
26.382,GIRO,1,5,1,-158.22,450.0,-112.82,,,2200.0,,,-100.0,22.0,21
26.41,GIRO,1,5,1,-161.35,450.0,-109.69,,,2200.0,,,-100.0,22.0,24
26.435,GIRO,1,5,1,-161.35,450.0,-109.69,,,2200.0,,,-100.0,22.0,23
26.457,GIRO,1,5,1,-161.35,450.0,-109.69,,,2200.0,,,-100.0,22.0,23
26.487,GIRO,1,5,1,-163.1,450.0,-107.94,1520.8,,2200.0,,,-100.0,22.0,27
26.51,GIRO,1,5,1,-163.1,450.0,-107.94,,,2200.0,,,-100.0,22.0,29
26.532,GIRO,1,5,1,-164.68,450.0,-106.36,,,2200.0,,,-100.0,22.0,29
26.56,GIRO,1,5,1,-164.68,450.0,-106.36,,,2200.0,,,-100.0,22.0,20
26.585,GIRO,1,5,1,-168.05,450.0,-102.99,,,5709.5,,,-100.0,22.0,0
26.607,GIRO,1,5,1,-168.05,450.0,-102.99,,,7639.8,,,-100.0,22.0,0
26.635,GIRO,1,5,1,-169.66,450.0,-101.38,,,8701.4,,,-100.0,22.0,0
26.66,GIRO,1,5,1,-169.66,450.0,-101.38,,,9285.3,,,-100.0,22.0,0
26.682,GIRO,1,5,1,-171.33,450.0,-99.71,,,9606.5,,,-100.0,22.0,0
26.71,GIRO,1,5,1,-171.33,450.0,-99.71,,,9783.1,,,-100.0,22.0,0
26.736,GIRO,1,5,1,-174.52,450.0,-96.52,,,6370.7,,,-100.0,22.0,8
26.761,GIRO,1,5,1,-174.52,450.0,-96.52,,,4493.9,,,-100.0,22.0,12
26.783,GIRO,1,5,1,-175.83,450.0,-95.21,,,3461.6,,,-100.0,22.0,12
26.811,GIRO,1,5,1,-175.83,450.0,-95.21,,,2893.9,,,-100.0,22.0,16
26.837,GIRO,1,5,1,-175.83,450.0,-95.21,846.8,,2581.6,,,-100.0,22.0,20
26.858,GIRO,1,5,1,-178.34,450.0,-92.7,846.8,,2409.9,,,-100.0,22.0,20
26.887,GIRO,1,5,1,-178.34,450.0,-92.7,856.9,,2315.4,,,-100.0,22.0,24
26.912,GIRO,1,5,1,-179.71,450.0,-91.33,873.4,,2263.5,,,-100.0,22.0,29
26.933,GIRO,1,5,1,-179.71,450.0,-91.33,882.5,,2234.9,,,-100.0,22.0,29
26.962,GIRO,1,5,1,-181.39,450.0,-89.65,887.8,,2219.2,,,-100.0,22.0,34
26.987,GIRO,1,5,1,-181.39,450.0,-89.65,890.8,,2210.6,,,-100.0,22.0,38
27.008,GIRO,1,5,1,-184.02,450.0,-87.02,892.4,,2205.8,,,-100.0,22.0,38
27.037,GIRO,1,5,1,-184.02,450.0,-87.02,886.8,,2203.2,,,-100.0,22.0,40
27.063,GIRO,1,5,1,-185.0,450.0,-86.04,878.4,,2201.8,,,-100.0,22.0,43
27.083,GIRO,1,5,1,-185.0,450.0,-86.04,873.7,,2201.0,,,-100.0,22.0,43
27.113,GIRO,1,5,1,-185.8,450.0,-85.24,873.3,,2200.5,,,-100.0,22.0,47
27.138,GIRO,1,5,1,-185.8,450.0,-85.24,860.8,,2200.3,,,-100.0,22.0,50
27.163,GIRO,1,5,1,-185.8,450.0,-85.24,852.4,,2200.2,,,-100.0,22.0,52
27.184,GIRO,1,5,1,-187.69,450.0,-83.35,847.7,,2200.1,,,-100.0,22.0,52
27.213,GIRO,1,5,1,-187.69,450.0,-83.35,844.0,,2200.0,,,-100.0,22.0,56
27.238,GIRO,1,5,1,-188.22,450.0,-82.82,825.8,,2200.0,,,-100.0,22.0,60
27.259,GIRO,1,5,1,-188.22,450.0,-82.82,815.8,,2200.0,,,-100.0,22.0,60
27.288,GIRO,1,5,1,-188.43,450.0,-82.61,769.7,,2200.0,,,-100.0,22.0,60
27.313,GIRO,1,5,1,-188.43,450.0,-82.61,773.0,,2200.0,,,-100.0,22.0,63
27.334,GIRO,1,5,1,-187.67,450.0,-83.37,774.9,,2200.0,,,-100.0,22.0,63
27.363,GIRO,1,5,1,-187.67,450.0,-83.37,766.7,,2200.0,,,-100.0,22.0,64
27.389,GIRO,1,5,1,-188.14,450.0,-82.9,768.2,,2200.0,,,-100.0,22.0,63
27.409,GIRO,1,5,1,-188.14,450.0,-82.9,769.0,,2200.0,,,-100.0,22.0,63
27.438,GIRO,1,5,1,-188.37,450.0,-82.67,757.9,,2200.0,,,-100.0,22.0,65
27.464,GIRO,1,5,1,-188.37,450.0,-82.67,755.4,,2200.0,,,-100.0,22.0,62
27.489,GIRO,1,5,1,-188.37,450.0,-82.67,756.0,,2200.0,,,-100.0,22.0,60
27.509,GIRO,1,5,1,-187.97,450.0,-83.07,756.4,,2200.0,,,-100.0,22.0,60
27.539,GIRO,1,5,1,-187.97,450.0,-83.07,765.7,,2200.0,,,-100.0,22.0,63
27.564,GIRO,1,5,1,-188.13,450.0,-82.91,752.9,,2200.0,,,-100.0,22.0,62
27.585,GIRO,1,5,1,-188.13,450.0,-82.91,745.9,,2200.0,,,-100.0,22.0,62
27.614,GIRO,1,5,1,-188.67,450.0,-82.37,740.1,,2200.0,,,-100.0,22.0,64
27.639,GIRO,1,5,1,-188.67,450.0,-82.37,741.9,,2200.0,,,-100.0,22.0,67
27.66,GIRO,1,5,1,-189.4,450.0,-81.64,743.0,,2200.0,,,-100.0,22.0,67
27.689,GIRO,1,5,1,-189.4,450.0,-81.64,733.6,,2200.0,,,-100.0,22.0,69
27.714,GIRO,1,5,1,-189.94,450.0,-81.1,733.4,,2200.0,,,-100.0,22.0,70
27.735,GIRO,1,5,1,-189.94,450.0,-81.1,733.3,,2200.0,,,-100.0,22.0,70
27.765,GIRO,1,5,1,-191.05,450.0,-79.99,728.1,,2200.0,,,-100.0,22.0,71
27.79,GIRO,1,5,1,-191.05,450.0,-79.99,712.3,,2200.0,,,-100.0,22.0,72
27.81,GIRO,1,5,1,-191.05,450.0,-79.99,703.6,,2200.0,,,-100.0,22.0,72
27.839,GIRO,1,5,1,-191.19,450.0,-79.85,706.1,,2200.0,,,-100.0,22.0,74
27.864,GIRO,1,5,1,-191.19,450.0,-79.85,705.1,,2200.0,,,-100.0,22.0,73
27.889,GIRO,1,5,1,-191.15,450.0,-79.89,706.8,,2200.0,,,-100.0,22.0,73
27.91,GIRO,1,5,1,-191.15,450.0,-79.89,707.8,,2200.0,,,-100.0,22.0,73
27.94,GIRO,1,5,1,-190.82,450.0,-80.22,701.7,,2200.0,,,-100.0,22.0,72
27.965,GIRO,1,5,1,-190.82,450.0,-80.22,696.4,,2200.0,,,-100.0,22.0,72
27.986,GIRO,1,5,1,-191.3,450.0,-79.74,693.6,,2200.0,,,-100.0,22.0,72
28.016,GIRO,1,5,1,-191.3,450.0,-79.74,688.2,,2200.0,,,-100.0,22.0,73
28.04,GIRO,1,5,1,-191.91,450.0,-79.13,684.4,,2200.0,,,-100.0,22.0,77
28.061,GIRO,1,5,1,-191.91,450.0,-79.13,682.3,,2200.0,,,-100.0,22.0,77
28.091,GIRO,1,5,1,-194.03,450.0,-77.01,681.8,,2200.0,,,-100.0,22.0,79
28.115,GIRO,1,5,1,-194.03,450.0,-77.01,676.9,,2200.0,,,-100.0,22.0,79
28.136,GIRO,1,5,1,-194.03,450.0,-77.01,674.3,,2200.0,,,-100.0,22.0,79
28.165,GIRO,1,5,1,-194.51,450.0,-76.53,676.4,,2200.0,,,-100.0,22.0,79
28.19,GIRO,1,5,1,-194.51,450.0,-76.53,675.7,,2200.0,,,-100.0,22.0,79
28.211,GIRO,1,5,1,-194.64,450.0,-76.4,675.3,,2200.0,,,-100.0,22.0,79
28.24,GIRO,1,5,1,-194.64,450.0,-76.4,658.1,,2200.0,,,-100.0,22.0,82
28.266,GIRO,1,5,1,-195.79,450.0,-75.25,650.1,,2200.0,,,-100.0,22.0,85
28.29,GIRO,1,5,1,-195.79,450.0,-75.25,631.5,,2200.0,,,-100.0,22.0,87
28.311,GIRO,1,5,1,-196.93,450.0,-74.11,621.3,,2200.0,,,-100.0,22.0,87
28.341,GIRO,1,5,1,-196.93,450.0,-74.11,617.6,,2200.0,,,-100.0,22.0,91
28.366,GIRO,1,5,1,-199.24,450.0,-71.8,613.3,,2200.0,,,-100.0,22.0,92
28.387,GIRO,1,5,1,-199.24,450.0,-71.8,610.9,,2200.0,,,-100.0,22.0,92
28.416,GIRO,1,5,1,-199.79,450.0,-71.25,606.8,,2200.0,,,-100.0,22.0,95
28.441,GIRO,1,5,1,-199.79,450.0,-71.25,607.2,,2200.0,,,-100.0,22.0,97
28.462,GIRO,1,5,1,-199.79,450.0,-71.25,607.5,,2200.0,,,-100.0,22.0,97
28.491,GIRO,1,5,1,-199.88,450.0,-71.16,607.3,,2200.0,,,-100.0,22.0,96
28.516,GIRO,1,5,1,-199.88,450.0,-71.16,612.1,,2200.0,,,-100.0,22.0,96
28.537,SIGUE_MURO,1,5,1,-198.62,450.0,-46.42,614.7,,2200.0,,,-100.0,24.8,96
28.566,SIGUE_MURO,1,5,1,-198.62,450.0,-46.34,618.9,,2200.0,,,-100.0,24.8,97
28.591,SIGUE_MURO,1,5,1,-197.77,450.0,-47.12,626.3,,2200.0,,,-100.0,24.8,95
28.616,SIGUE_MURO,1,5,1,-197.77,450.0,-47.04,629.5,,2200.0,,,-100.0,24.8,94
28.637,SIGUE_MURO,1,5,1,-197.37,450.0,-47.37,631.3,,2200.0,,,-100.0,24.8,94
28.666,SIGUE_MURO,1,5,1,-197.37,450.0,-47.29,625.4,,2200.0,,,-100.0,24.8,96
28.693,SIGUE_MURO,1,5,1,-197.57,450.0,-47.02,629.8,,2200.0,,,-100.0,24.8,97
28.712,SIGUE_MURO,1,5,1,-197.57,450.0,-46.94,632.2,,2200.0,,,-100.0,24.8,97
28.742,SIGUE_MURO,1,5,1,-197.41,450.0,-47.03,628.4,,2200.0,,,-100.0,24.8,97
28.767,SIGUE_MURO,1,5,1,-197.41,450.0,-46.95,626.8,,2200.0,,,-100.0,24.8,98
28.788,SIGUE_MURO,1,5,1,-197.41,450.0,-46.88,625.9,,2200.0,,,-100.0,24.8,98
28.817,SIGUE_MURO,1,5,1,-197.26,450.0,-46.95,626.3,,2200.0,,,-100.0,24.8,98
28.842,SIGUE_MURO,1,5,1,-197.26,450.0,-46.88,618.6,,2200.0,,,-100.0,24.8,96
28.863,SIGUE_MURO,1,5,1,-195.83,450.0,-48.23,614.3,,2200.0,,,-100.0,24.8,96
28.892,SIGUE_MURO,1,5,1,-195.83,450.0,-48.16,613.8,,2200.0,,,-100.0,24.8,92
28.918,SIGUE_MURO,1,5,1,-194.56,450.0,-49.35,627.0,,2200.0,,,-100.0,24.8,87
28.938,SIGUE_MURO,1,5,1,-194.56,450.0,-49.28,634.2,,2200.0,,,-100.0,24.8,87
28.967,SIGUE_MURO,1,5,1,-192.71,450.0,-51.05,647.6,,2200.0,,,-100.0,24.8,83
28.992,SIGUE_MURO,1,5,1,-192.71,450.0,-50.98,656.5,,2128.6,1903.2,,-100.0,24.8,103
29.017,SIGUE_MURO,1,5,1,-188.88,450.0,-54.73,676.0,,2078.2,1882.1,,-100.0,24.8,108
29.038,SIGUE_MURO,1,5,1,-188.88,450.0,-54.66,686.7,,2050.5,1882.1,,-100.0,24.8,108
29.069,SIGUE_MURO,1,5,1,-186.31,450.0,-57.23,701.5,,2015.5,1900.8,,-100.0,24.8,124
29.093,SIGUE_MURO,1,5,1,-186.31,450.0,-57.23,740.6,,1979.6,1885.0,,-100.0,24.8,136
29.113,SIGUE_MURO,1,5,1,-186.31,450.0,-57.23,762.2,,1959.9,1885.0,,-100.0,24.8,136
29.143,SIGUE_MURO,1,5,1,-180.97,450.0,-62.49,779.6,,1947.8,1787.5,,-100.0,24.8,144
29.17,SIGUE_MURO,1,5,1,-180.97,450.0,-62.42,784.1,,1915.6,1771.2,,-100.0,24.8,153
29.188,SIGUE_MURO,1,5,1,-178.16,450.0,-65.15,786.6,,1898.0,1771.2,,-100.0,24.8,153
29.222,SIGUE_MURO,1,5,1,-178.16,450.0,-65.08,751.4,650.1,1866.4,,1358.4,-100.0,24.8,153
29.247,SIGUE_MURO,1,5,1,-175.32,450.0,-67.84,699.9,569.3,1835.9,,1107.6,-100.0,24.8,142
29.264,SIGUE_MURO,1,5,1,-175.32,450.0,-67.76,671.6,524.9,1819.0,,1107.6,-100.0,24.8,142
29.294,SIGUE_MURO,1,5,1,-169.91,450.0,-73.1,671.9,500.9,1799.2,,1143.8,-100.0,24.8,131
29.319,SIGUE_MURO,1,5,1,-169.91,450.0,-73.1,788.8,,1796.8,,,-100.0,24.8,126
29.339,SIGUE_MURO,1,5,1,-167.51,450.0,-75.5,853.1,,1795.5,,,-100.0,24.8,126
29.369,SIGUE_MURO,1,5,1,-167.51,450.0,-101.5,,,1784.2,,,-100.0,24.8,134
29.394,SIGUE_MURO,1,5,1,-164.88,450.0,-78.13,635.1,,1771.7,1822.9,,-100.0,24.8,124
29.417,SIGUE_MURO,1,5,1,-164.88,450.0,-104.13,,,1754.7,,,-100.0,24.8,125
29.439,SIGUE_MURO,1,5,1,-164.88,450.0,-104.13,,,1745.4,,,-100.0,24.8,125
29.469,SIGUE_MURO,1,5,1,-159.84,450.0,-100.17,,625.9,1949.9,,,-100.0,24.8,129
29.495,SIGUE_MURO,1,5,1,-159.84,450.0,-83.17,1454.9,631.6,1900.6,1789.3,2093.5,-100.0,24.8,133
29.514,SIGUE_MURO,1,5,1,-157.23,450.0,-85.78,1454.9,634.7,1873.4,1789.3,2093.5,-100.0,24.8,133
29.544,SIGUE_MURO,1,5,1,-157.23,450.0,-102.78,,664.0,1861.9,,,-100.0,24.8,138
29.569,SIGUE_MURO,1,5,1,-154.5,450.0,-105.51,,671.6,1850.0,,,-100.0,24.8,150
29.589,SIGUE_MURO,1,5,1,-154.5,450.0,-105.51,,675.8,1843.4,,,-100.0,24.8,150
29.619,SIGUE_MURO,1,5,1,-149.08,450.0,-110.93,,656.5,1843.2,,,-100.0,24.8,153
29.644,SIGUE_MURO,1,5,1,-149.08,450.0,-110.93,,640.5,1866.5,,,-100.0,24.8,162
29.665,SIGUE_MURO,1,5,1,-146.46,450.0,-113.55,,631.7,1879.3,,,-100.0,24.8,162
29.694,SIGUE_MURO,1,5,1,-146.46,450.0,-96.55,1470.1,,1885.1,,,-100.0,24.8,166
29.718,SIGUE_MURO,1,5,1,-143.84,450.0,-125.17,,,1904.2,,,-100.0,24.8,175
29.74,SIGUE_MURO,1,5,1,-143.84,450.0,-125.17,,,1914.6,,,-100.0,24.8,175
29.768,SIGUE_MURO,1,5,1,-143.84,450.0,-125.17,,,1939.4,,,-100.0,24.8,180
29.795,SIGUE_MURO,1,5,1,-139.01,450.0,-104.0,1199.0,,1359.9,,,-100.0,24.8,186
29.818,SIGUE_MURO,1,5,1,-139.01,450.0,-130.0,,,1022.2,,,-100.0,24.8,191
29.84,SIGUE_MURO,1,5,1,-136.31,450.0,-132.7,,,836.5,,,-100.0,24.8,191
29.87,SIGUE_MURO,1,5,1,-136.31,450.0,-106.7,1065.2,,721.4,,,-100.0,24.3,194
29.893,SIGUE_MURO,1,5,1,-130.95,450.0,-138.06,,,647.9,,,-100.0,23.1,197
29.915,SIGUE_MURO,1,5,1,-130.95,450.0,-138.06,,,607.5,,,-100.0,22.5,197
29.943,SIGUE_MURO,1,5,1,-128.54,450.0,-140.47,,,573.0,,,-100.0,22.0,204
29.969,SIGUE_MURO,1,5,1,-128.54,450.0,-140.47,,,542.8,,,-100.0,22.0,212
29.99,SIGUE_MURO,1,5,1,-125.86,450.0,-143.15,,,526.2,,,-100.0,22.0,212
30.019,SIGUE_MURO,1,5,1,-125.86,450.0,-143.15,,,504.5,,,-100.0,22.0,214
30.045,SIGUE_MURO,1,5,1,-120.29,450.0,-122.72,2124.4,,483.5,,,-100.0,22.0,214
30.066,SIGUE_MURO,1,5,1,-120.29,450.0,-122.72,2124.4,,472.0,,,-100.0,22.0,214
30.095,SIGUE_MURO,1,5,1,-120.29,450.0,-122.72,2043.4,,457.2,,,-100.0,22.0,214
30.12,SIGUE_MURO,1,5,1,-117.44,450.0,-125.57,1958.4,,440.4,,,-100.0,22.0,214
30.145,GIRO,1,6,1,-117.44,540.0,-61.49,1851.2,,423.3,,,-100.0,22.0,214
30.166,GIRO,1,6,1,-114.61,540.0,-64.32,1792.3,,413.9,,,-100.0,22.0,214
30.195,GIRO,1,6,1,-114.61,540.0,-64.32,1050.2,,401.5,857.8,,-100.0,22.0,214
30.222,GIRO,1,6,1,-109.11,540.0,-69.82,652.4,,388.6,815.8,,-100.0,22.0,214
30.241,GIRO,1,6,1,-109.11,540.0,-69.82,433.6,,381.6,815.8,,-100.0,22.0,214
30.269,GIRO,1,6,1,-106.34,540.0,-72.59,,,371.5,,,-100.0,22.0,214
30.294,GIRO,1,6,1,-106.34,540.0,-72.59,,,361.4,,,-100.0,22.0,214
30.316,GIRO,1,6,1,-103.63,540.0,-75.3,,,355.9,,,-100.0,22.0,214
30.344,GIRO,1,6,1,-103.63,540.0,-75.3,,,348.0,,,-100.0,22.0,214
30.369,GIRO,1,6,1,-103.63,540.0,-75.3,,,339.1,,,-100.0,22.0,214
30.391,GIRO,1,6,1,-99.1,540.0,-79.83,,,334.2,,,-100.0,22.0,214
30.419,GIRO,1,6,1,-99.1,540.0,-79.83,,,327.2,,,-100.0,22.0,214
30.445,GIRO,1,6,1,-96.84,540.0,-82.09,,,319.9,,,-100.0,22.0,214
30.467,GIRO,1,6,1,-96.84,540.0,-82.09,,,315.8,,,-100.0,22.0,214
30.495,GIRO,1,6,1,-92.25,540.0,-86.68,,,310.3,,,-100.0,22.0,214
30.52,GIRO,1,6,1,-92.25,540.0,-86.68,,,303.4,,,-100.0,22.0,214
30.545,GIRO,1,6,1,-90.01,540.0,-88.92,,,294.5,,,-100.0,22.0,214
30.567,GIRO,1,6,1,-90.01,540.0,-88.92,,,289.6,,,-100.0,22.0,214
30.595,GIRO,1,6,1,-87.56,540.0,-91.37,,,281.3,,,-100.0,22.0,214
30.62,GIRO,1,6,1,-87.56,540.0,-91.37,,,271.1,,,-100.0,22.0,214
30.642,GIRO,1,6,1,-82.38,540.0,-96.55,,,265.5,,,-100.0,22.0,214
30.67,GIRO,1,6,1,-82.38,540.0,-96.55,,,257.1,,,-100.0,22.0,214
30.695,GIRO,1,6,1,-79.84,540.0,-99.09,,,247.9,,,-100.0,22.0,214
30.717,GIRO,1,6,1,-79.84,540.0,-99.09,,,242.8,,,-100.0,22.0,214
30.745,GIRO,1,6,1,-79.84,540.0,-99.09,,,238.4,,,-100.0,22.0,214
30.77,GIRO,1,6,1,-77.54,540.0,-101.39,,,235.6,,,-100.0,22.0,214
30.795,GIRO,1,6,1,-77.54,540.0,-101.39,,,233.9,,,-100.0,22.0,214
30.817,GIRO,1,6,1,-73.44,540.0,-105.49,,,232.9,,,-100.0,22.0,214
30.845,GIRO,1,6,1,-73.44,540.0,-105.49,,,232.2,,,-100.0,22.0,214
30.867,GIRO,1,6,1,-71.6,540.0,-107.33,,,231.8,,,-100.0,22.0,214
30.896,GIRO,1,6,1,-71.6,540.0,-107.33,,,231.5,,,-100.0,22.0,214
30.921,GIRO,1,6,1,-69.8,540.0,-109.13,,,231.2,,,-100.0,22.0,214
30.946,GIRO,1,6,1,-69.8,540.0,-109.13,,,231.0,,,-100.0,22.0,214
30.968,GIRO,1,6,1,-66.56,540.0,-112.37,,,230.9,,,-100.0,22.0,214
30.996,GIRO,1,6,1,-66.56,540.0,-112.37,,,230.8,,,-100.0,22.0,214
31.021,GIRO,1,6,1,-64.8,540.0,-114.13,,,230.8,,,-100.0,22.0,214
31.043,GIRO,1,6,1,-64.8,540.0,-114.13,,,230.7,,,-100.0,22.0,214
31.071,GIRO,1,6,1,-64.8,540.0,-114.13,,,230.7,,,-100.0,22.0,214
31.096,GIRO,1,6,1,-63.24,540.0,-115.69,,,230.6,,,-100.0,22.0,214
31.118,GIRO,1,6,1,-63.24,540.0,-115.69,,,230.6,,,-100.0,22.0,214
31.146,GIRO,1,6,1,-60.19,540.0,-118.74,,,230.6,,,-100.0,22.0,214
31.171,GIRO,1,6,1,-60.19,540.0,-118.74,,,230.6,,,-100.0,22.0,214
31.196,GIRO,1,6,1,-58.71,540.0,-120.22,,,230.6,,,-100.0,22.0,214
31.218,GIRO,1,6,1,-58.71,540.0,-120.22,,,230.5,,,-100.0,22.0,214
31.247,GIRO,1,6,1,-56.06,540.0,-122.87,,,230.5,,,-100.0,22.0,214
31.272,GIRO,1,6,1,-56.06,540.0,-122.87,,,230.6,,,-100.0,22.0,214
31.293,GIRO,1,6,1,-54.93,540.0,-124.0,,,230.6,,,-100.0,22.0,214
31.323,GIRO,1,6,1,-54.93,540.0,-124.0,,,230.6,,,-100.0,22.0,214
31.347,GIRO,1,6,1,-54.09,540.0,-124.84,,,230.7,,,-100.0,22.0,214
31.369,GIRO,1,6,1,-54.09,540.0,-124.84,,,230.7,,,-100.0,22.0,214
31.397,GIRO,1,6,1,-54.09,540.0,-124.84,,,230.7,,,-100.0,22.0,214
31.422,GIRO,1,6,1,-53.95,540.0,-124.98,,,230.7,,,-100.0,22.0,214
31.444,GIRO,1,6,1,-53.95,540.0,-124.98,,,230.6,,,-100.0,22.0,214
31.472,GIRO,1,6,1,-53.81,540.0,-125.12,,,230.6,,,-100.0,22.0,214
31.497,GIRO,1,6,1,-53.81,540.0,-125.12,,,230.7,,,-100.0,22.0,214
31.519,GIRO,1,6,1,-53.06,540.0,-125.87,,,230.7,,,-100.0,22.0,214
31.548,GIRO,1,6,1,-53.06,540.0,-125.87,,,230.7,,,-100.0,22.0,214
31.572,GIRO,1,6,1,-53.09,540.0,-125.84,,,230.7,,,-100.0,22.0,214
31.597,GIRO,1,6,1,-53.09,540.0,-125.84,,,230.7,,,-100.0,22.0,214
31.619,GIRO,1,6,1,-53.26,540.0,-125.67,,,230.7,,,-100.0,22.0,214
31.648,GIRO,1,6,1,-53.26,540.0,-125.67,,,230.7,,,-100.0,22.0,214
31.673,GIRO,1,6,1,-53.06,540.0,-125.87,,,230.7,,,-100.0,22.0,214
31.694,GIRO,1,6,1,-53.06,540.0,-125.87,,,230.8,,,-100.0,22.0,214
31.723,GIRO,1,6,1,-53.06,540.0,-125.87,,,230.8,,,-100.0,22.0,214
31.748,GIRO,1,6,1,-52.93,540.0,-126.0,,,230.9,,,-100.0,22.0,214
31.77,GIRO,1,6,1,-52.93,540.0,-126.0,,,230.9,,,-100.0,22.0,214
31.798,GIRO,1,6,1,-52.31,540.0,-126.62,,,231.0,,,-100.0,22.0,214
31.823,GIRO,1,6,1,-52.31,540.0,-126.62,,,231.1,,,-100.0,22.0,214
31.845,GIRO,1,6,1,-51.13,540.0,-127.8,,,231.2,,,-100.0,22.0,214
31.873,GIRO,1,6,1,-51.13,540.0,-127.8,,,231.2,,,-100.0,22.0,214
31.898,GIRO,1,6,1,-50.08,540.0,-128.85,,,231.3,,,-100.0,22.0,214
31.92,GIRO,1,6,1,-50.08,540.0,-128.85,,,231.4,,,-100.0,22.0,214
31.948,GIRO,1,6,1,-49.98,540.0,-128.95,,,231.5,,,-100.0,22.0,214
31.973,GIRO,1,6,1,-49.98,540.0,-128.95,,,231.5,,,-100.0,22.0,214
31.995,GIRO,1,6,1,-49.98,540.0,-128.95,,,231.5,,,-100.0,22.0,214
32.024,GIRO,1,6,1,-50.44,540.0,-128.49,,,231.6,,,-100.0,22.0,214
32.051,GIRO,1,6,1,-51.43,540.0,-127.5,,,231.6,,,-100.0,22.0,214
32.075,GIRO,1,6,1,-51.43,540.0,-127.5,,,231.5,,,-100.0,22.0,214
32.096,GIRO,1,6,1,-51.43,540.0,-127.5,,,231.5,,,-100.0,22.0,214
32.125,GIRO,1,6,1,-52.62,540.0,-126.31,,,231.5,,,-100.0,22.0,214
32.15,GIRO,1,6,1,-52.62,540.0,-126.31,,,231.5,,,-100.0,22.0,214
32.172,GIRO,1,6,1,-55.27,540.0,-123.66,,,231.5,,,-100.0,22.0,214
32.2,GIRO,1,6,1,-55.27,540.0,-123.66,,,231.5,,,-100.0,22.0,214
32.225,GIRO,1,6,1,-56.73,540.0,-122.2,,,231.6,,,-100.0,22.0,214
32.247,GIRO,1,6,1,-56.73,540.0,-122.2,,,231.7,,,-100.0,22.0,214
32.275,GIRO,1,6,1,-58.04,540.0,-120.89,,,231.8,,,-100.0,22.0,214
32.3,GIRO,1,6,1,-58.04,540.0,-120.89,,,231.9,,,-100.0,22.0,214
32.325,GIRO,1,6,1,-61.14,540.0,-117.79,,,232.1,,,-100.0,22.0,214
32.347,GIRO,1,6,1,-61.14,540.0,-117.79,,,232.2,,,-100.0,22.0,214
32.375,GIRO,1,6,1,-61.14,540.0,-117.79,,,232.4,,,-100.0,22.0,214
32.4,GIRO,1,6,1,-62.7,540.0,-116.23,,,232.6,,,-100.0,22.0,214
32.422,GIRO,1,6,1,-62.7,540.0,-116.23,,,232.7,,,-100.0,22.0,214
32.45,GIRO,1,6,1,-64.26,540.0,-114.67,,,232.8,,,-100.0,22.0,214
32.475,GIRO,1,6,1,-64.26,540.0,-114.67,,,233.0,,,-100.0,22.0,214
32.497,GIRO,1,6,1,-66.61,540.0,-112.32,,,233.1,,,-100.0,22.0,214
32.525,GIRO,1,6,1,-66.61,540.0,-112.32,,,233.3,,,-100.0,22.0,214
32.55,GIRO,1,6,1,-67.57,540.0,-111.36,,,235.4,,,-100.0,22.0,214
32.572,GIRO,1,6,1,-67.57,540.0,-111.36,,,236.5,,,-100.0,22.0,214
32.601,GIRO,1,6,1,-68.69,540.0,-110.24,,,240.0,,,-100.0,22.0,214
32.626,GIRO,1,6,1,-68.69,540.0,-110.24,,,244.7,,,-100.0,22.0,214
32.648,GIRO,1,6,1,-70.85,540.0,-108.08,,,247.2,,,-100.0,22.0,214
32.676,GIRO,1,6,1,-70.85,540.0,-108.08,,,251.8,,,-100.0,22.0,214
32.701,GIRO,1,6,1,-70.85,540.0,-108.08,,,257.4,,,-100.0,22.0,214
32.726,GIRO,1,6,1,-71.58,540.0,-107.35,,,264.3,,,-100.0,22.0,214
32.748,GIRO,1,6,1,-71.58,540.0,-107.35,,,268.2,,,-100.0,22.0,214
32.776,GIRO,1,6,1,-71.98,540.0,-106.95,,,274.9,,,-100.0,22.0,214
32.801,GIRO,1,6,1,-71.98,540.0,-106.95,,,284.0,,,-100.0,22.0,214
32.823,GIRO,1,6,1,-73.43,540.0,-105.5,,,289.0,,,-100.0,22.0,214
32.851,GIRO,1,6,1,-73.43,540.0,-105.5,,,297.7,,,-100.0,22.0,214
32.876,GIRO,1,6,1,-74.77,540.0,-104.16,,,308.4,,,-100.0,22.0,214
32.898,GIRO,1,6,1,-74.77,540.0,-104.16,,,314.3,,,-100.0,22.0,214
32.926,GIRO,1,6,1,-78.23,540.0,-100.7,,,323.6,,,-100.0,22.0,214
32.951,GIRO,1,6,1,-78.23,540.0,-100.7,,,334.5,,,-100.0,22.0,214
32.973,GIRO,1,6,1,-80.13,540.0,-98.8,,,340.5,,,-100.0,22.0,214
33.002,GIRO,1,6,1,-80.13,540.0,-98.8,,,349.6,,,-100.0,22.0,214
33.027,GIRO,1,6,1,-82.12,540.0,-96.81,,,359.1,,,-100.0,22.0,214
33.053,GIRO,1,6,1,-82.12,540.0,-96.81,,,366.5,,,-100.0,22.0,214
33.074,GIRO,1,6,1,-82.12,540.0,-96.81,,,370.6,,,-100.0,22.0,214
33.102,GIRO,1,6,1,-86.09,540.0,-92.84,,,374.9,,,-100.0,22.0,214
33.127,GIRO,1,6,1,-86.09,540.0,-92.84,,,379.0,,,-100.0,22.0,214
33.149,GIRO,1,6,1,-88.32,540.0,-90.61,,,381.3,,,-100.0,22.0,214
33.177,GIRO,1,6,1,-88.32,540.0,-90.61,,,384.5,,,-100.0,22.0,214
33.202,GIRO,1,6,1,-90.46,540.0,-88.47,,,389.3,,,-100.0,22.0,214
33.224,GIRO,1,6,1,-90.46,540.0,-88.47,,,391.9,,,-100.0,22.0,214
33.252,GIRO,1,6,1,-94.54,540.0,-84.39,,,398.4,,,-100.0,22.0,214
33.277,GIRO,1,6,1,-94.54,540.0,-84.39,,,403.2,,,-100.0,22.0,214
33.299,GIRO,1,6,1,-96.48,540.0,-82.45,,,405.9,,,-100.0,22.0,214
33.328,GIRO,1,6,1,-96.48,540.0,-82.45,,,410.6,,,-100.0,22.0,214
33.354,GIRO,1,6,1,-98.47,540.0,-80.46,144.4,,415.8,1057.1,,-100.0,22.0,212
33.374,GIRO,1,6,1,-98.47,540.0,-80.46,144.4,,418.7,1057.1,,-100.0,22.0,212
33.404,GIRO,1,6,1,-98.47,540.0,-80.46,137.6,,424.1,987.9,,-100.0,22.0,202
33.429,GIRO,1,6,1,-102.1,540.0,-76.83,127.6,,431.0,1055.4,,-100.0,22.0,194
33.454,GIRO,1,6,1,-102.1,540.0,-76.83,115.3,,439.9,987.1,,-100.0,22.0,185
33.475,GIRO,1,6,1,-103.67,540.0,-75.26,108.6,,444.9,987.1,,-100.0,22.0,185
33.504,GIRO,1,6,1,-103.67,540.0,-75.26,99.4,,453.0,992.8,,-100.0,22.0,177
33.53,GIRO,1,6,1,-105.31,540.0,-73.62,89.0,,464.4,,,-100.0,22.0,168
33.55,GIRO,1,6,1,-105.31,540.0,-73.62,83.2,,470.7,,,-100.0,22.0,168
33.579,GIRO,1,6,1,-108.47,540.0,-70.46,71.4,,481.6,862.0,,-100.0,22.0,161
33.604,GIRO,1,6,1,-108.47,540.0,-70.46,61.9,,496.9,,,-100.0,22.0,154
33.625,GIRO,1,6,1,-109.89,540.0,-69.04,56.7,,505.4,,,-100.0,22.0,154
33.654,GIRO,1,6,1,-109.89,540.0,-69.04,48.7,,518.7,,,-100.0,22.0,147
33.679,GIRO,1,6,1,-112.69,540.0,-66.24,39.5,,533.8,,,-100.0,22.0,141
33.7,GIRO,1,6,1,-112.69,540.0,-66.24,34.5,,542.0,,,-100.0,22.0,141
33.729,GIRO,1,6,1,-112.69,540.0,-66.24,,,554.8,,,-100.0,22.0,136
33.754,GIRO,1,6,1,-113.59,540.0,-65.34,,,567.1,,,-100.0,22.0,133
33.775,GIRO,1,6,1,-113.59,540.0,-65.34,,,573.9,,,-100.0,22.0,133
33.805,GIRO,1,6,1,-113.96,540.0,-64.97,,,583.1,,,-100.0,22.0,131
33.829,GIRO,1,6,1,-113.96,540.0,-64.97,,,593.9,,,-100.0,22.0,130
33.854,GIRO,1,6,1,-113.59,540.0,-65.34,,,601.7,,,-100.0,22.0,129
33.876,GIRO,1,6,1,-113.59,540.0,-65.34,,,606.1,,,-100.0,22.0,129
33.904,GIRO,1,6,1,-113.34,540.0,-65.59,,,608.5,,,-100.0,22.0,129
33.929,GIRO,1,6,1,-113.34,540.0,-65.59,,,611.6,,,-100.0,22.0,128
33.951,GIRO,1,6,1,-112.93,540.0,-66.0,,,613.4,,,-100.0,22.0,128
33.979,GIRO,1,6,1,-112.93,540.0,-66.0,,,620.5,,,-100.0,22.0,128
34.004,GIRO,1,6,1,-112.06,540.0,-66.87,,,631.0,,,-100.0,22.0,129
34.026,GIRO,1,6,1,-112.06,540.0,-66.87,,,636.7,,,-100.0,22.0,129
34.055,GIRO,1,6,1,-112.06,540.0,-66.87,,,649.1,,,-100.0,22.0,130
34.079,GIRO,1,6,1,-111.24,540.0,-67.69,,,660.8,,,-100.0,22.0,132
34.101,GIRO,1,6,1,-111.24,540.0,-67.69,,,667.2,,,-100.0,22.0,132
34.129,GIRO,1,6,1,-110.16,540.0,-68.77,,,673.2,,,-100.0,22.0,135
34.155,GIRO,1,6,1,-110.16,540.0,-68.77,,,674.2,,,-100.0,22.0,139
34.181,GIRO,1,6,1,-107.19,540.0,-71.74,,,665.2,,,-100.0,22.0,143
34.201,GIRO,1,6,1,-107.19,540.0,-71.74,,,660.2,,,-100.0,22.0,143
34.231,GIRO,1,6,1,-105.84,540.0,-73.09,,,640.6,,,-100.0,22.0,146
34.256,GIRO,1,6,1,-105.84,540.0,-73.09,,,616.4,,,-100.0,22.0,152
34.277,GIRO,1,6,1,-104.63,540.0,-74.3,,,603.1,,,-100.0,22.0,152
34.306,GIRO,1,6,1,-104.63,540.0,-74.3,,,594.0,,,-100.0,22.0,161
34.333,GIRO,1,6,1,-102.91,540.0,-76.02,45.6,,592.6,,,-100.0,22.0,155
34.352,GIRO,1,6,1,-102.91,540.0,-76.02,45.6,,591.9,,,-100.0,22.0,155
34.383,GIRO,1,6,1,-102.91,540.0,-76.02,48.9,,595.1,,,-100.0,22.0,158
34.407,GIRO,1,6,1,-102.08,540.0,-76.85,48.0,,598.8,,,-100.0,22.0,161
34.427,GIRO,1,6,1,-102.08,540.0,-76.85,47.5,,600.9,,,-100.0,22.0,161
34.456,GIRO,1,6,1,-100.27,540.0,-78.66,56.8,,602.0,997.1,,-100.0,22.0,165
34.481,GIRO,1,6,1,-100.27,540.0,-78.66,63.7,,598.8,,,-100.0,22.0,168
34.502,GIRO,1,6,1,-99.37,540.0,-79.56,67.5,,597.1,,,-100.0,22.0,168
34.532,GIRO,1,6,1,-99.37,540.0,-79.56,61.3,,590.7,,,-100.0,22.0,171
34.557,GIRO,1,6,1,-98.35,540.0,-80.58,72.5,,581.9,,,-100.0,22.0,175
34.582,GIRO,1,6,1,-98.35,540.0,-80.58,84.2,,575.3,,,-100.0,22.0,180
34.602,GIRO,1,6,1,-95.89,540.0,-83.04,90.6,,571.7,,,-100.0,22.0,180
34.632,GIRO,1,6,1,-95.89,540.0,-83.04,99.4,,573.3,,,-100.0,22.0,185
34.656,SIGUE_MURO,1,6,1,-94.54,540.0,-84.39,,,578.1,,,-100.0,22.0,191
34.677,SIGUE_MURO,1,6,1,-94.54,540.0,-84.39,,,580.7,,,-100.0,22.1,191
34.707,SIGUE_MURO,1,6,1,-94.54,540.0,-110.39,113.0,,586.3,778.1,,-100.0,22.1,198
34.732,SIGUE_MURO,1,6,1,-92.9,540.0,-112.03,119.5,,592.1,842.4,,-100.0,22.2,204
34.753,SIGUE_MURO,1,6,1,-92.9,540.0,-112.03,123.0,,595.3,842.4,,-100.0,22.3,204
34.782,SIGUE_MURO,1,6,1,-89.96,540.0,-114.97,116.7,,596.2,776.8,,-100.0,22.3,212
34.806,SIGUE_MURO,1,6,1,-89.96,540.0,-88.97,,,590.3,,,-100.0,22.2,214
34.828,SIGUE_MURO,1,6,1,-88.44,540.0,-90.49,,,587.0,,,-100.0,22.2,214
34.856,SIGUE_MURO,1,6,1,-88.44,540.0,-90.49,,,577.9,,,-100.0,22.0,214
34.881,SIGUE_MURO,1,6,1,-87.06,540.0,-91.87,,,564.8,,,-100.0,22.0,214
34.903,SIGUE_MURO,1,6,1,-87.06,540.0,-91.87,,,557.7,,,-100.0,22.0,214
34.931,SIGUE_MURO,1,6,1,-84.91,540.0,-94.02,,,547.8,,,-100.0,22.0,214
34.957,SIGUE_MURO,1,6,1,-84.91,540.0,-94.02,,,538.4,,,-100.0,22.0,214
34.981,SIGUE_MURO,1,6,1,-83.48,540.0,-95.45,,,530.3,,,-100.0,22.0,214
35.003,SIGUE_MURO,1,6,1,-83.48,540.0,-95.45,,,525.8,,,-100.0,22.0,214
35.032,SIGUE_MURO,1,6,1,-83.48,540.0,-95.45,,,522.7,,,-100.0,22.0,214
35.057,SIGUE_MURO,1,6,1,-82.16,540.0,-96.77,,,519.7,,,-100.0,22.0,214
35.078,SIGUE_MURO,1,6,1,-82.16,540.0,-96.77,,,518.1,,,-100.0,22.0,214
35.107,SIGUE_MURO,1,6,1,-79.54,540.0,-99.39,,,513.2,,,-100.0,22.0,214
35.132,SIGUE_MURO,1,6,1,-79.54,540.0,-99.39,,,508.0,,,-100.0,22.0,214
35.154,SIGUE_MURO,1,6,1,-78.23,540.0,-100.7,,,505.1,,,-100.0,22.0,214
35.182,SIGUE_MURO,1,6,1,-78.23,540.0,-100.7,,,502.5,,,-100.0,22.0,214
35.207,SIGUE_MURO,1,6,1,-75.6,540.0,-103.33,,,500.9,,,-100.0,22.0,214
35.229,SIGUE_MURO,1,6,1,-75.6,540.0,-103.33,,,500.0,,,-100.0,22.0,214
35.258,SIGUE_MURO,1,6,1,-74.02,540.0,-104.91,,,496.9,,,-100.0,22.0,214
35.283,SIGUE_MURO,1,6,1,-74.02,540.0,-104.91,,,493.1,,,-100.0,22.0,214
35.304,SIGUE_MURO,1,6,1,-74.02,540.0,-104.91,,,491.0,,,-100.0,22.0,214
35.332,SIGUE_MURO,1,6,1,-72.54,540.0,-106.39,,,489.7,,,-100.0,22.0,214
35.357,SIGUE_MURO,1,6,1,-72.54,540.0,-106.39,,,488.7,,,-100.0,22.0,214
35.382,SIGUE_MURO,1,6,1,-69.31,540.0,-109.62,,,485.9,,,-100.0,22.0,214
35.404,SIGUE_MURO,1,6,1,-69.31,540.0,-109.62,,,484.4,,,-100.0,22.0,214
35.432,SIGUE_MURO,1,6,1,-67.75,540.0,-111.18,,,482.4,,,-100.0,22.0,214
35.457,SIGUE_MURO,1,6,1,-67.75,540.0,-111.18,,,478.8,,,-100.0,22.0,214
35.479,SIGUE_MURO,1,6,1,-66.36,540.0,-112.57,,,476.9,,,-100.0,22.0,214
35.508,SIGUE_MURO,1,6,1,-66.36,540.0,-112.57,,,472.7,,,-100.0,22.0,214
35.533,SIGUE_MURO,1,6,1,-64.33,540.0,-114.6,,,469.2,,,-100.0,22.0,214
35.555,SIGUE_MURO,1,6,1,-64.33,540.0,-114.6,,,467.3,,,-100.0,22.0,214
35.583,SIGUE_MURO,1,6,1,-63.16,540.0,-115.77,,,464.0,,,-100.0,22.0,214
35.608,SIGUE_MURO,1,6,1,-63.16,540.0,-115.77,,,462.0,,,-100.0,22.0,214
35.63,SIGUE_MURO,1,6,1,-63.16,540.0,-115.77,,,460.9,,,-100.0,22.0,214
35.658,SIGUE_MURO,1,6,1,-61.82,540.0,-117.11,,,457.3,,,-100.0,22.0,214
35.683,SIGUE_MURO,1,6,1,-61.82,540.0,-117.11,,,452.3,,,-100.0,22.0,214
35.708,SIGUE_MURO,1,6,1,-59.2,540.0,-119.73,,,449.5,,,-100.0,22.0,214
35.73,SIGUE_MURO,1,6,1,-59.2,540.0,-119.73,,,447.9,,,-100.0,22.0,214
35.758,SIGUE_MURO,1,6,1,-57.4,540.0,-121.53,,,447.1,,,-100.0,22.0,210
35.783,SIGUE_MURO,1,6,1,-57.4,540.0,-121.53,,,446.7,,,-100.0,22.0,201
35.805,SIGUE_MURO,1,6,1,-55.2,540.0,-123.73,,,446.5,,,-100.0,22.0,201
35.833,SIGUE_MURO,1,6,1,-55.2,540.0,-123.73,,,446.4,,,-100.0,22.0,192
35.858,SIGUE_MURO,1,6,1,-50.49,540.0,-128.44,,,447.5,,,-100.0,22.0,183
35.88,SIGUE_MURO,1,6,1,-50.49,540.0,-128.44,,,448.0,,,-100.0,22.0,183
35.91,SIGUE_MURO,1,6,1,-47.89,540.0,-105.04,,36.8,452.6,,,-100.0,22.0,176
35.935,SIGUE_MURO,1,6,1,-47.89,540.0,-131.04,,,459.4,,,-100.0,22.0,167
35.956,SIGUE_MURO,1,6,1,-47.89,540.0,-131.04,,,463.2,,,-100.0,22.0,167
35.985,SIGUE_MURO,1,6,1,-45.6,540.0,-133.33,,,467.5,,,-100.0,22.0,159
36.01,SIGUE_MURO,1,6,1,-45.6,540.0,-133.33,,,474.6,,,-100.0,22.0,150
36.031,SIGUE_MURO,1,6,1,-40.63,540.0,-138.3,,,478.5,,,-100.0,22.0,150
36.06,SIGUE_MURO,1,6,1,-40.63,540.0,-138.3,,,485.6,,,-100.0,22.0,142
36.086,SIGUE_MURO,1,6,1,-38.14,540.0,-141.6,334.9,,1257.1,,,-100.0,24.8,134
36.111,SIGUE_MURO,1,6,1,-38.14,540.0,-141.69,334.4,,1681.4,,,-100.0,24.8,126
36.131,SIGUE_MURO,1,6,1,-33.18,540.0,-146.69,334.1,,1914.8,,,-100.0,24.8,126
36.162,SIGUE_MURO,1,6,1,-33.18,540.0,-146.61,334.7,,2043.1,,,-100.0,24.8,122
36.186,SIGUE_MURO,1,6,1,-30.6,540.0,-148.96,336.1,,2113.7,,,-100.0,24.8,124
36.206,SIGUE_MURO,1,6,1,-30.6,540.0,-148.83,336.9,,2152.5,,,-100.0,24.8,124
36.236,SIGUE_MURO,1,6,1,-28.26,540.0,-150.86,338.9,,2173.9,,,-100.0,24.8,133
36.263,SIGUE_MURO,1,6,1,-28.26,540.0,-150.34,342.1,1529.7,2105.9,735.7,1875.7,-100.0,24.8,214
36.281,SIGUE_MURO,1,6,1,-23.22,540.0,-155.09,343.9,1529.7,2068.5,735.7,1875.7,-100.0,24.8,214
36.311,SIGUE_MURO,1,6,1,-23.22,540.0,-155.08,343.5,,2008.7,821.4,,-100.0,24.8,214
36.337,SIGUE_MURO,1,6,1,-20.88,540.0,-156.31,350.0,882.7,1975.8,746.5,1240.6,-100.0,24.8,214
36.357,SIGUE_MURO,1,6,1,-20.88,540.0,-155.67,353.5,882.7,1957.7,746.5,1240.6,-100.0,24.8,214
36.388,SIGUE_MURO,1,6,1,-20.88,540.0,-154.62,359.6,990.9,1908.3,724.8,1490.0,-100.0,24.8,214
36.411,SIGUE_MURO,1,6,1,-18.37,540.0,-155.81,367.4,,1852.5,704.3,,-100.0,24.8,214
36.432,SIGUE_MURO,1,6,1,-18.37,540.0,-155.04,371.7,,1821.8,704.3,,-100.0,24.8,214
36.461,SIGUE_MURO,1,6,1,-13.19,540.0,-158.8,380.1,,1781.2,685.3,,-100.0,24.8,214
36.487,SIGUE_MURO,1,6,1,-13.19,540.0,-156.5,394.0,,1739.3,662.5,,-100.0,24.8,214
36.513,SIGUE_MURO,1,6,1,-10.43,540.0,-165.08,410.7,914.5,1692.3,641.2,1345.6,-100.0,24.8,214
36.532,SIGUE_MURO,1,6,1,-10.43,540.0,-164.71,419.9,914.5,1666.5,641.2,1345.6,-100.0,24.8,214
36.562,SIGUE_MURO,1,6,1,-7.92,540.0,-166.58,435.7,,1646.9,617.0,,-100.0,24.8,214
36.588,SIGUE_MURO,1,6,1,-7.92,540.0,-144.41,745.9,967.4,1615.7,,2092.3,-100.0,24.8,214
36.607,SIGUE_MURO,1,6,1,-7.92,540.0,-144.41,916.4,967.4,1598.6,,2092.3,-100.0,24.8,214
36.637,SIGUE_MURO,1,6,1,-2.65,540.0,-166.68,,955.3,1577.0,,,-100.0,24.8,214
36.662,SIGUE_MURO,1,6,1,-2.65,540.0,-166.68,,944.6,1548.6,,,-100.0,24.8,214
36.682,SIGUE_MURO,1,6,1,0.1,540.0,-169.43,,938.7,1533.0,,,-100.0,24.8,214
36.712,SIGUE_MURO,1,6,1,0.1,540.0,-169.43,,921.4,1511.0,,,-100.0,24.8,214
36.737,SIGUE_MURO,1,6,1,5.55,540.0,-174.88,,891.1,1503.3,,,-100.0,24.8,214
36.757,SIGUE_MURO,1,6,1,5.55,540.0,-174.88,,874.4,1499.1,,,-100.0,24.8,214
36.787,SIGUE_MURO,1,6,1,8.26,540.0,-177.59,,866.0,1494.5,,,-100.0,24.8,214
36.812,SIGUE_MURO,1,6,1,8.26,540.0,-177.59,,854.4,1490.5,,,-100.0,24.8,214
36.838,SIGUE_MURO,1,6,1,10.83,540.0,179.84,,835.4,1489.1,,,-89.5,26.9,214
36.858,SIGUE_MURO,1,6,1,10.83,540.0,179.84,,825.0,1488.3,,,-79.0,29.0,214
36.887,SIGUE_MURO,1,6,1,16.28,540.0,174.39,,819.2,1479.8,,,-68.4,31.1,214
36.912,SIGUE_MURO,1,6,1,16.28,540.0,174.39,,821.2,1481.7,,,-57.9,33.3,214
36.933,SIGUE_MURO,1,6,1,16.28,540.0,174.39,,822.2,1482.8,,,-47.4,35.4,214
36.963,SIGUE_MURO,1,6,1,18.87,540.0,171.8,,824.7,1486.3,,,-36.9,37.5,214
36.988,SIGUE_MURO,1,6,1,18.87,540.0,171.8,,824.6,1485.3,,,-26.3,39.7,214
37.008,SIGUE_MURO,1,6,1,21.63,540.0,169.04,,824.5,1484.7,,,-15.8,41.8,214
37.038,SIGUE_MURO,1,6,1,21.63,540.0,169.04,,820.5,1485.9,,,-5.3,43.9,214
37.066,SIGUE_MURO,1,6,1,27.11,540.0,163.56,,817.7,1465.8,,,5.2,43.9,214
37.083,SIGUE_MURO,1,6,1,27.11,540.0,163.56,,816.2,1454.8,,,15.8,41.8,214
37.113,SIGUE_MURO,1,6,1,29.92,540.0,160.75,,815.3,1790.1,,,26.3,39.7,214
37.137,SIGUE_MURO,1,6,1,29.92,540.0,151.75,,,1420.7,,,36.8,37.5,214
37.158,SIGUE_MURO,1,6,1,33.25,540.0,148.42,,,1217.5,,,47.4,35.4,214
37.187,SIGUE_MURO,1,6,1,33.25,540.0,148.42,,,1077.6,,,57.9,33.3,214
37.212,SIGUE_MURO,1,6,1,37.7,540.0,143.97,,,983.7,,,68.4,31.1,214
37.237,SIGUE_MURO,1,6,1,37.7,540.0,143.97,,,924.2,,,78.9,29.0,214
37.259,SIGUE_MURO,1,6,1,37.7,540.0,143.97,,,891.5,,,89.5,26.9,214
37.287,SIGUE_MURO,1,6,1,38.77,540.0,142.9,,,869.8,,,100.0,24.8,214
37.312,SIGUE_MURO,1,6,1,38.77,540.0,142.9,,,854.1,,,100.0,24.8,214
37.334,SIGUE_MURO,1,6,1,38.96,540.0,142.71,,,845.4,,,100.0,24.8,214
37.362,SIGUE_MURO,1,6,1,38.96,540.0,142.71,,,836.8,,,100.0,24.8,214
37.387,SIGUE_MURO,1,6,1,37.5,540.0,144.17,,,836.0,,,100.0,24.8,214
37.409,SIGUE_MURO,1,6,1,37.5,540.0,144.17,,,835.5,,,100.0,24.8,214
37.437,SIGUE_MURO,1,6,1,35.92,540.0,145.75,,,842.7,,,100.0,24.8,214
37.464,SIGUE_MURO,1,6,1,35.92,540.0,154.75,,689.6,1453.5,,,100.0,24.8,214
37.484,SIGUE_MURO,1,6,1,31.6,540.0,159.07,,689.6,1789.4,,,100.0,24.8,214
37.514,SIGUE_MURO,1,6,1,31.6,540.0,159.07,,683.8,1974.2,,,100.0,24.8,214
37.539,SIGUE_MURO,1,6,1,29.01,540.0,161.66,,675.8,2075.8,,,100.0,24.8,214
37.559,SIGUE_MURO,1,6,1,29.01,540.0,161.66,,671.5,2131.7,,,100.0,24.8,214
37.589,SIGUE_MURO,1,6,1,26.45,540.0,164.22,,667.7,1798.3,,,100.0,24.8,214
37.614,SIGUE_MURO,1,6,1,26.45,540.0,164.22,,663.3,1616.9,,,100.0,24.8,214
37.639,SIGUE_MURO,1,6,1,26.45,540.0,164.22,,660.1,1514.5,,,100.0,24.8,214
37.66,SIGUE_MURO,1,6,1,21.28,540.0,169.39,,658.3,1458.2,,,100.0,24.8,214
37.689,SIGUE_MURO,1,6,1,21.28,540.0,169.39,,656.3,1420.3,,,100.0,24.8,214
37.714,SIGUE_MURO,1,6,1,18.8,540.0,171.87,,654.0,1385.3,,,100.0,24.8,214
37.735,SIGUE_MURO,1,6,1,18.8,540.0,171.87,,652.8,1366.0,,,100.0,24.8,214
37.764,SIGUE_MURO,1,6,1,16.29,540.0,174.38,,656.6,1343.6,,,100.0,24.8,214
37.79,SIGUE_MURO,1,6,1,16.29,540.0,174.38,,669.3,1324.5,,,100.0,24.8,214
37.81,SIGUE_MURO,1,6,1,11.19,540.0,179.48,,676.3,1314.0,,,100.0,24.8,214
37.839,SIGUE_MURO,1,6,1,11.19,540.0,179.48,,682.5,1300.4,,,100.0,24.8,214
37.865,SIGUE_MURO,1,6,1,8.63,540.0,-177.96,,690.3,1291.9,,,89.5,26.9,214
37.885,SIGUE_MURO,1,6,1,8.63,540.0,-177.96,,694.5,1287.2,,,79.0,29.0,214
37.915,SIGUE_MURO,1,6,1,6.07,540.0,-175.4,,708.7,1281.4,,,68.4,31.1,214
37.94,SIGUE_MURO,1,6,1,6.07,540.0,-175.4,,723.1,1282.5,,,57.9,33.3,214
37.965,SIGUE_MURO,1,6,1,6.07,540.0,-175.4,,731.4,1282.0,,,47.4,35.4,214
37.985,SIGUE_MURO,1,6,1,1.01,540.0,-170.34,,736.0,1281.8,,,36.8,37.5,214
38.015,SIGUE_MURO,1,6,1,1.01,540.0,-170.34,,742.9,1281.1,,,26.3,39.7,214
38.04,SIGUE_MURO,1,6,1,-1.55,540.0,-167.78,,956.9,1278.5,,,15.8,41.8,214
38.061,SIGUE_MURO,1,6,1,-1.55,540.0,-167.78,,1074.7,1277.1,,,5.3,43.9,214
38.089,SIGUE_MURO,1,6,1,-3.99,540.0,-174.34,,,1272.5,,,-5.3,43.9,214
38.114,SIGUE_MURO,1,6,1,-3.99,540.0,-174.34,,,1266.3,,,-15.8,41.8,214
38.136,SIGUE_MURO,1,6,1,-9.1,540.0,-169.23,,,1262.9,,,-26.3,39.7,214
38.164,SIGUE_MURO,1,6,1,-9.1,540.0,-169.23,,,1264.2,,,-36.8,37.5,214
38.189,SIGUE_MURO,1,6,1,-11.18,540.0,-167.15,,,1254.4,,,-47.4,35.4,214
38.211,SIGUE_MURO,1,6,1,-11.18,540.0,-167.15,,,1249.1,,,-57.9,33.3,214
38.239,SIGUE_MURO,1,6,1,-13.81,540.0,-164.52,,,1254.4,,,-68.4,31.1,214
38.264,SIGUE_MURO,1,6,1,-13.81,540.0,-164.52,,,1249.1,,,-78.9,29.0,214
38.286,SIGUE_MURO,1,6,1,-13.81,540.0,-164.52,,,1246.1,,,-89.5,26.9,214
38.314,SIGUE_MURO,1,6,1,-13.99,540.0,-164.34,,,1244.5,,,-100.0,24.8,214
38.339,SIGUE_MURO,1,6,1,-13.99,540.0,-164.34,,,1235.5,,,-100.0,24.8,214
38.365,SIGUE_MURO,1,6,1,-13.61,540.0,-164.72,,,1222.7,,,-100.0,24.8,214
38.386,SIGUE_MURO,1,6,1,-13.61,540.0,-164.72,,,1215.7,,,-100.0,24.8,214
38.415,SIGUE_MURO,1,6,1,-11.11,540.0,-167.22,,,1190.0,,,-100.0,24.8,214
38.44,SIGUE_MURO,1,6,1,-11.11,540.0,-167.22,,,1168.8,,,-100.0,24.8,214
38.462,SIGUE_MURO,1,6,1,-8.66,540.0,-169.67,,,1157.2,,,-100.0,24.8,214
38.49,SIGUE_MURO,1,6,1,-8.66,540.0,-169.67,,,1137.7,,,-100.0,24.8,214
38.515,SIGUE_MURO,1,6,1,-5.63,540.0,-172.7,,,1120.5,,,-100.0,24.8,214
38.537,SIGUE_MURO,1,6,1,-5.63,540.0,-172.7,,,1111.0,,,-100.0,24.8,214
38.565,SIGUE_MURO,1,6,1,0.59,540.0,-178.92,,,1103.4,,,-100.0,24.8,214
38.591,SIGUE_MURO,1,6,1,0.59,540.0,-169.92,,822.2,1095.7,,,-100.0,24.8,214
38.612,SIGUE_MURO,1,6,1,0.59,540.0,-169.92,,822.2,1091.5,,,-100.0,24.8,214
38.642,SIGUE_MURO,1,6,1,3.44,540.0,-172.77,,807.3,1085.6,,,-100.0,24.8,214
38.667,SIGUE_MURO,1,6,1,3.44,540.0,-172.77,,792.7,1080.9,,,-100.0,24.8,214
38.687,SIGUE_MURO,1,6,1,6.38,540.0,-175.71,,784.6,1078.3,,,-100.0,24.8,214
38.717,SIGUE_MURO,1,6,1,6.38,540.0,-175.71,,767.0,1078.4,,,-100.0,24.8,214
38.742,SIGUE_MURO,1,6,1,12.29,540.0,178.38,,752.4,1082.7,,,-89.5,26.9,214
38.767,SIGUE_MURO,1,6,1,12.29,540.0,178.38,,739.3,1085.5,,,-78.9,29.0,214
38.787,SIGUE_MURO,1,6,1,15.19,540.0,175.48,,732.1,1087.0,,,-68.4,31.1,214
38.817,SIGUE_MURO,1,6,1,15.19,540.0,175.48,,722.1,1087.9,,,-57.9,33.3,214
38.842,SIGUE_MURO,1,6,1,18.05,540.0,172.62,,699.5,1093.9,,,-47.4,35.4,214
38.863,SIGUE_MURO,1,6,1,18.05,540.0,172.62,,687.1,1097.2,,,-36.8,37.5,214
38.892,SIGUE_MURO,1,6,1,23.89,540.0,166.78,,677.3,1099.8,,,-26.3,39.7,214
38.917,SIGUE_MURO,1,6,1,23.89,540.0,166.78,,669.8,1109.1,,,-15.8,41.8,214
38.938,SIGUE_MURO,1,6,1,23.89,540.0,166.78,,665.6,1114.2,,,-5.3,43.9,214
38.967,SIGUE_MURO,1,6,1,26.7,540.0,163.97,,652.9,1121.6,,,5.2,43.9,214
38.992,SIGUE_MURO,1,6,1,26.7,540.0,163.97,,638.2,1129.5,,,15.8,41.8,214
39.013,SIGUE_MURO,1,6,1,32.44,540.0,158.23,,630.1,1133.9,,,26.3,39.7,214
39.044,SIGUE_MURO,1,6,1,32.44,540.0,162.83,425.0,612.2,1129.5,,1015.3,36.8,37.5,214
39.07,SIGUE_MURO,1,6,1,35.87,540.0,154.8,,596.9,1611.2,,,47.4,35.4,214
39.088,SIGUE_MURO,1,6,1,35.87,540.0,154.8,,588.4,1876.2,,,57.9,33.3,214
39.117,SIGUE_MURO,1,6,1,38.72,540.0,142.95,,,1370.5,,,68.4,31.1,214
39.142,SIGUE_MURO,1,6,1,38.72,540.0,142.95,,,1072.7,,,79.0,29.0,214
39.167,SIGUE_MURO,1,6,1,41.75,540.0,139.92,,,891.1,,,89.5,26.9,214
39.188,SIGUE_MURO,1,6,1,41.75,540.0,139.92,,,791.2,,,100.0,24.8,214
39.217,SIGUE_MURO,1,6,1,41.87,540.0,139.8,,,731.1,,,100.0,24.4,214
39.242,GIRO,1,7,1,41.87,630.0,-130.2,,,696.5,,,89.5,22.0,214
39.264,GIRO,1,7,1,41.87,630.0,-130.2,,,677.4,,,78.9,22.0,214
39.292,GIRO,1,7,1,41.38,630.0,-129.71,,,666.8,,,68.4,22.1,214
39.317,GIRO,1,7,1,41.38,630.0,-129.71,,,660.8,,,57.9,23.7,214
39.339,GIRO,1,7,1,38.37,630.0,-126.7,,,657.5,,,47.4,25.2,214
39.367,GIRO,1,7,1,38.37,630.0,-126.7,,,665.1,,,36.9,26.7,214
39.395,GIRO,1,7,1,36.12,630.0,-124.45,,483.9,1355.8,,,26.3,28.2,214
39.414,GIRO,1,7,1,36.12,630.0,-124.45,,483.9,1735.7,,,15.8,29.7,214
39.445,GIRO,1,7,1,33.29,630.0,-121.62,,483.2,1405.6,,,5.3,31.2,214
39.471,GIRO,1,7,1,33.29,630.0,-121.62,184.9,487.0,1205.6,,676.6,-5.3,31.2,214
39.494,GIRO,1,7,1,28.64,630.0,-116.97,,487.9,1085.7,,,-15.8,29.7,214
39.514,GIRO,1,7,1,28.64,630.0,-116.97,,488.4,1019.7,,,-26.3,28.2,214
39.544,GIRO,1,7,1,26.54,630.0,-114.87,,486.8,980.9,,,-36.8,26.7,214
39.569,GIRO,1,7,1,26.54,630.0,-114.87,,485.0,947.5,,,-47.4,25.2,214
39.589,GIRO,1,7,1,26.54,630.0,-114.87,,484.0,929.1,,,-57.9,23.7,214
39.619,GIRO,1,7,1,25.05,630.0,-113.38,,481.7,914.7,,,-68.4,22.1,214
39.644,GIRO,1,7,1,25.05,630.0,-113.38,,477.5,902.3,,,-78.9,22.0,214
39.665,GIRO,1,7,1,23.69,630.0,-112.02,,475.1,895.5,,,-89.5,22.0,214
39.694,GIRO,1,7,1,23.69,630.0,-112.02,,470.9,887.6,,,-100.0,22.0,214
39.719,GIRO,1,7,1,23.64,630.0,-111.97,,463.2,872.2,,,-100.0,22.0,214
39.74,GIRO,1,7,1,23.64,630.0,-111.97,,459.0,863.7,,,-100.0,22.0,214
39.769,GIRO,1,7,1,24.8,630.0,-113.13,,450.2,855.4,,,-100.0,22.0,214
39.794,GIRO,1,7,1,24.8,630.0,-113.13,,440.1,850.4,,,-100.0,22.0,214
39.815,GIRO,1,7,1,26.25,630.0,-114.58,,434.5,847.7,,,-100.0,22.0,214
39.845,GIRO,1,7,1,26.25,630.0,-114.58,,423.1,841.3,,,-100.0,22.0,214
39.869,GIRO,1,7,1,28.27,630.0,-116.6,,407.2,826.4,,,-100.0,22.0,214
39.894,GIRO,1,7,1,28.27,630.0,-116.6,,386.1,821.5,,,-100.0,22.0,214
39.915,GIRO,1,7,1,28.27,630.0,-116.6,,374.5,818.8,,,-100.0,22.0,214
39.945,GIRO,1,7,1,33.42,630.0,-121.75,,358.8,817.6,,,-100.0,22.0,214
39.97,GIRO,1,7,1,33.42,630.0,-121.75,171.8,,674.6,,,-100.0,22.0,214
39.99,GIRO,1,7,1,36.09,630.0,-124.42,171.8,,596.0,,,-100.0,22.0,214
40.019,GIRO,1,7,1,36.09,630.0,-124.42,,,533.6,,,-100.0,22.0,214
40.044,GIRO,1,7,1,38.67,630.0,-127.0,,,483.1,,,-100.0,22.0,214
40.065,GIRO,1,7,1,38.67,630.0,-127.0,,,455.4,,,-100.0,22.0,214
40.094,GIRO,1,7,1,43.93,630.0,-132.26,,,424.8,,,-100.0,22.0,214
40.119,GIRO,1,7,1,43.93,630.0,-132.26,,,395.8,,,-100.0,22.0,214
40.146,GIRO,1,7,1,46.62,630.0,-134.95,288.9,,369.7,,,-100.0,22.0,214
40.166,GIRO,1,7,1,46.62,630.0,-134.95,288.9,,355.4,,,-100.0,22.0,214
40.195,GIRO,1,7,1,49.04,630.0,-137.37,,,341.1,,,-100.0,22.0,214
40.219,GIRO,1,7,1,49.04,630.0,-137.37,,,317.2,,,-100.0,22.0,214
40.241,GIRO,1,7,1,49.04,630.0,-137.37,,,304.0,,,-100.0,22.0,214
40.27,GIRO,1,7,1,54.19,630.0,-142.52,,,288.1,,,-100.0,22.0,214
40.295,GIRO,1,7,1,54.19,630.0,-142.52,,,272.1,,,-100.0,22.0,214
40.317,GIRO,1,7,1,56.81,630.0,-145.14,,,263.4,,,-100.0,22.0,214
40.346,GIRO,1,7,1,56.81,630.0,-145.14,,,252.2,,,-100.0,22.0,214
40.37,GIRO,1,7,1,59.33,630.0,-147.66,,,241.2,,,-100.0,22.0,214
40.392,GIRO,1,7,1,59.33,630.0,-147.66,,,235.2,,,-100.0,22.0,214
40.42,GIRO,1,7,1,64.34,630.0,-152.67,,,231.9,,,-100.0,22.0,214
40.445,GIRO,1,7,1,64.34,630.0,-152.67,,,230.1,,,-100.0,22.0,214
40.467,GIRO,1,7,1,66.72,630.0,-155.05,,,229.1,,,-100.0,22.0,214
40.495,GIRO,1,7,1,66.72,630.0,-155.05,,,228.6,,,-100.0,22.0,214
40.52,GIRO,1,7,1,71.37,630.0,-159.7,,,228.3,,,-100.0,22.0,214
40.545,GIRO,1,7,1,71.37,630.0,-159.7,,,228.2,,,-100.0,22.0,214
40.567,GIRO,1,7,1,71.37,630.0,-159.7,,,228.1,,,-100.0,22.0,214
40.597,GIRO,1,7,1,73.62,630.0,-161.95,75.2,,228.0,,,-100.0,22.0,214
40.623,GIRO,1,7,1,73.62,630.0,-161.95,95.0,,227.8,,,-100.0,22.0,212
40.642,GIRO,1,7,1,76.25,630.0,-164.58,105.8,,227.6,,,-100.0,22.0,212
40.674,GIRO,1,7,1,76.25,630.0,-164.58,131.6,163.8,397.8,,326.9,-100.0,22.0,199
40.698,GIRO,1,7,1,81.8,630.0,-170.13,257.2,,463.9,,,-100.0,22.0,205
40.718,GIRO,1,7,1,81.8,630.0,-170.13,326.2,,500.2,,,-100.0,22.0,205
40.748,GIRO,1,7,1,84.88,630.0,-173.21,266.4,142.7,480.6,,335.9,-100.0,22.0,194
40.774,GIRO,1,7,1,84.88,630.0,-173.21,237.6,138.4,932.8,411.1,335.6,-100.0,22.0,172
40.793,GIRO,1,7,1,87.97,630.0,-176.3,221.8,136.0,1181.5,411.1,335.6,-100.0,22.0,172
40.824,GIRO,1,7,1,87.97,630.0,-176.3,,139.8,1413.3,,,-100.0,22.0,157
40.849,GIRO,1,7,1,86.6,630.0,-174.93,233.9,,964.5,,,-100.0,22.0,163
40.868,GIRO,1,7,1,86.6,630.0,-174.93,233.9,,717.7,,,-100.0,22.0,163
40.897,GIRO,1,7,1,86.6,630.0,-174.93,,,1158.2,,,-100.0,22.0,173
40.924,GIRO,1,7,1,88.6,630.0,-176.93,839.7,184.1,1627.0,,1023.9,-100.0,22.0,91
40.943,GIRO,1,7,1,88.6,630.0,-176.93,839.7,184.1,1884.9,,1023.9,-100.0,22.0,91
40.973,GIRO,1,7,1,89.18,630.0,-177.51,543.7,185.4,2026.7,,368.8,-100.0,22.0,35
40.997,GIRO,1,7,1,89.18,630.0,-177.51,,,2104.7,,,-100.0,22.0,82
41.022,GIRO,1,7,1,88.32,630.0,-176.65,,,2147.6,,,-100.0,22.0,103
41.044,GIRO,1,7,1,88.32,630.0,-176.65,,,2171.2,,,-100.0,22.0,103
41.072,GIRO,1,7,1,85.51,630.0,-173.84,,,1432.8,,,-100.0,22.0,149
41.097,GIRO,1,7,1,85.51,630.0,-173.84,,,1070.7,,,-100.0,22.0,149
41.119,GIRO,1,7,1,80.94,630.0,-169.27,,,871.6,,,-100.0,22.0,149
41.148,GIRO,1,7,1,80.94,630.0,-169.27,178.8,,834.3,,,-100.0,22.0,130
41.174,GIRO,1,7,1,79.09,630.0,-167.42,172.1,,1448.9,312.6,,-100.0,22.0,68
41.194,GIRO,1,7,1,79.09,630.0,-167.42,168.4,,1786.9,312.6,,-100.0,22.0,68
41.224,GIRO,1,7,1,79.09,630.0,-167.42,165.7,,1086.6,426.9,,-100.0,22.0,66
41.249,GIRO,1,7,1,78.06,630.0,-166.39,161.6,,701.9,,,-100.0,22.0,98
41.274,GIRO,1,7,1,78.06,630.0,-166.39,154.3,,491.2,,,-100.0,22.0,96
41.294,GIRO,1,7,1,75.88,630.0,-164.21,150.2,,375.2,,,-100.0,22.0,96
41.324,GIRO,1,7,1,75.88,630.0,-164.21,143.9,,311.4,,,-100.0,22.0,109
41.344,GIRO,1,7,1,75.1,630.0,-163.43,140.5,,276.3,,,-100.0,22.0,109
