t,state,dir,corners,laps,yaw,target_yaw,head_err,d_inner,d_outer,front,inner_end,corridor,steer,speed,n_pts
0.008,SIGUE_MURO,0,0,0,-101.44,0.0,101.44,,,2200.0,,,10.5,42.9,62
0.032,SIGUE_MURO,0,0,0,-101.44,0.0,101.44,,,2200.0,,,21.1,40.7,62
0.057,SIGUE_MURO,0,0,0,-101.44,0.0,101.44,,,2200.0,,,31.6,38.6,64
0.082,SIGUE_MURO,0,0,0,-101.44,0.0,101.44,,,2200.0,,,42.1,36.5,64
0.108,SIGUE_MURO,0,0,0,-101.44,0.0,101.44,,,2200.0,,,52.6,34.3,64
0.134,SIGUE_MURO,0,0,0,-101.44,0.0,101.44,,,2200.0,,,63.2,32.2,64
0.158,SIGUE_MURO,0,0,0,-101.44,0.0,101.44,,,2200.0,,,73.7,30.1,62
0.183,SIGUE_MURO,0,0,0,-101.44,0.0,101.44,,,2200.0,,,84.2,27.9,63
0.208,SIGUE_MURO,0,0,0,-101.44,0.0,101.44,,,2200.0,,,94.7,25.8,63
0.233,SIGUE_MURO,0,0,0,-101.44,0.0,101.44,,,2200.0,,,100.0,24.8,63
0.257,SIGUE_MURO,0,0,0,-101.44,0.0,101.44,,,2200.0,,,100.0,24.8,63
0.282,SIGUE_MURO,0,0,0,-101.44,0.0,101.44,,,2200.0,,,100.0,24.8,64
0.307,SIGUE_MURO,0,0,0,-101.44,0.0,101.44,,,2200.0,,,100.0,24.8,63
0.333,SIGUE_MURO,0,0,0,-101.44,0.0,101.44,,,2200.0,,,100.0,24.8,63
0.358,SIGUE_MURO,0,0,0,-101.44,0.0,101.44,,,2200.0,,,100.0,24.8,65
0.383,SIGUE_MURO,0,0,0,-101.44,0.0,101.44,,,2200.0,,,100.0,24.8,64
0.408,SIGUE_MURO,0,0,0,-101.44,0.0,101.44,,,2200.0,,,100.0,24.8,63
0.433,SIGUE_MURO,0,0,0,-101.44,0.0,101.44,,,2200.0,,,100.0,24.8,63
0.459,SIGUE_MURO,0,0,0,-101.44,0.0,101.44,,,2200.0,,,100.0,24.8,62
0.483,SIGUE_MURO,0,0,0,-101.44,0.0,101.44,,,2200.0,,,100.0,24.8,63
0.508,SIGUE_MURO,0,0,0,-101.44,0.0,101.44,,,2200.0,,,100.0,24.8,63
0.533,SIGUE_MURO,0,0,0,-101.44,0.0,101.44,,,2200.0,,,100.0,24.8,63
0.558,SIGUE_MURO,0,0,0,-101.44,0.0,101.44,,,2200.0,,,100.0,24.8,63
0.583,SIGUE_MURO,0,0,0,-101.44,0.0,101.44,,,2200.0,,,100.0,24.8,64
0.608,SIGUE_MURO,0,0,0,-101.44,0.0,101.44,,,2200.0,,,100.0,24.8,63
0.634,SIGUE_MURO,0,0,0,-101.44,0.0,101.44,,,2200.0,,,100.0,24.8,63
0.658,SIGUE_MURO,0,0,0,-101.44,0.0,101.44,,,2200.0,,,100.0,24.8,63
0.684,SIGUE_MURO,0,0,0,-101.44,0.0,101.44,,,2200.0,,,100.0,24.8,65
0.708,SIGUE_MURO,0,0,0,-101.44,0.0,101.44,,,2200.0,,,100.0,24.8,64
0.734,SIGUE_MURO,0,0,0,-101.44,0.0,101.44,,,2200.0,,,100.0,24.8,64
0.758,SIGUE_MURO,0,0,0,-101.44,0.0,101.44,,,2200.0,,,100.0,24.8,65
0.784,SIGUE_MURO,0,0,0,-101.44,0.0,101.44,,,2200.0,,,100.0,24.8,63
0.809,SIGUE_MURO,0,0,0,-101.44,0.0,101.44,,,2200.0,,,100.0,24.8,62
0.834,SIGUE_MURO,0,0,0,-101.44,0.0,101.44,,,2200.0,,,100.0,24.8,62
0.859,SIGUE_MURO,0,0,0,-101.44,0.0,101.44,,,2200.0,,,100.0,24.8,64
0.884,SIGUE_MURO,0,0,0,-101.44,0.0,101.44,,,2200.0,,,100.0,24.8,63
0.909,SIGUE_MURO,0,0,0,-101.44,0.0,101.44,,,2200.0,,,100.0,24.8,63
0.934,SIGUE_MURO,0,0,0,-101.44,0.0,101.44,,,2200.0,,,100.0,24.8,63
0.959,SIGUE_MURO,0,0,0,-101.44,0.0,101.44,,,2200.0,,,100.0,24.8,62
0.985,SIGUE_MURO,0,0,0,-101.44,0.0,101.44,,,2200.0,,,100.0,24.8,63
1.009,SIGUE_MURO,0,0,0,-101.44,0.0,101.44,,,2200.0,,,100.0,24.8,63
1.034,SIGUE_MURO,0,0,0,-101.44,0.0,101.44,,,2200.0,,,100.0,24.8,63
1.059,SIGUE_MURO,0,0,0,-101.44,0.0,101.44,,,2200.0,,,100.0,24.8,63
1.084,SIGUE_MURO,0,0,0,-101.44,0.0,101.44,,,2200.0,,,100.0,24.8,62
1.11,SIGUE_MURO,0,0,0,-101.44,0.0,101.44,,,2200.0,,,100.0,24.8,64
1.135,SIGUE_MURO,0,0,0,-101.44,0.0,101.44,,,2200.0,,,100.0,24.8,64
1.159,SIGUE_MURO,0,0,0,-101.44,0.0,101.44,,,2200.0,,,100.0,24.8,62
1.185,SIGUE_MURO,0,0,0,-101.44,0.0,101.44,,,2200.0,,,100.0,24.8,62
1.21,SIGUE_MURO,0,0,0,-101.44,0.0,101.44,,,2200.0,,,100.0,24.8,64
1.235,SIGUE_MURO,0,0,0,-101.44,0.0,101.44,,,2200.0,,,100.0,24.8,64
1.26,SIGUE_MURO,0,0,0,-101.44,0.0,101.44,,,2200.0,,,100.0,24.8,63
1.285,SIGUE_MURO,0,0,0,-101.44,0.0,101.44,,,2200.0,,,100.0,24.8,64
1.31,SIGUE_MURO,0,0,0,-101.44,0.0,101.44,,,2200.0,,,100.0,24.8,64
1.337,SIGUE_MURO,0,0,0,-101.44,0.0,101.44,,,2200.0,,,100.0,24.8,64
1.36,SIGUE_MURO,0,0,0,-101.44,0.0,101.44,,,2200.0,,,100.0,24.8,64
1.385,SIGUE_MURO,0,0,0,-101.44,0.0,101.44,,,2200.0,,,100.0,24.8,64
1.41,SIGUE_MURO,0,0,0,-101.44,0.0,101.44,,,2200.0,,,100.0,24.8,64
1.435,SIGUE_MURO,0,0,0,-101.44,0.0,101.44,,,2200.0,,,100.0,24.8,64
1.46,SIGUE_MURO,0,0,0,-101.44,0.0,101.44,,,2200.0,,,100.0,24.8,63
1.485,SIGUE_MURO,0,0,0,-101.44,0.0,101.44,,,2200.0,,,100.0,24.8,63
1.51,SIGUE_MURO,0,0,0,0.0,0.0,0.0,,,2200.0,,,89.5,26.9,62
1.536,SIGUE_MURO,0,0,0,0.0,0.0,0.0,,,2200.0,,,79.0,29.0,62
1.56,SIGUE_MURO,0,0,0,0.0,0.0,0.0,,,2200.0,,,68.4,31.1,63
1.586,SIGUE_MURO,0,0,0,0.0,0.0,0.0,,,2200.0,,,57.9,33.3,63
1.611,SIGUE_MURO,0,0,0,0.0,0.0,0.0,,,2200.0,,,47.4,35.4,64
1.636,SIGUE_MURO,0,0,0,0.0,0.0,0.0,,,2200.0,,,36.9,37.5,64
1.661,SIGUE_MURO,0,0,0,0.0,0.0,0.0,,,2200.0,,,26.3,39.7,64
1.686,SIGUE_MURO,0,0,0,0.0,0.0,0.0,,,2200.0,,,15.8,41.8,66
1.711,SIGUE_MURO,0,0,0,-0.4,0.0,0.4,,,2200.0,,,5.3,43.9,67
1.736,SIGUE_MURO,0,0,0,-0.4,0.0,0.4,,,2200.0,,,1.0,44.8,67
1.761,SIGUE_MURO,0,0,0,-0.91,0.0,0.91,,,2200.0,,,2.2,44.6,66
1.786,SIGUE_MURO,0,0,0,-0.91,0.0,0.91,,,2200.0,,,2.2,44.6,68
1.811,SIGUE_MURO,0,0,0,-0.91,0.0,0.91,,,2200.0,,,2.2,44.6,70
1.836,SIGUE_MURO,0,0,0,-1.18,0.0,1.18,,,2200.0,,,2.8,44.4,70
1.861,SIGUE_MURO,0,0,0,-1.18,0.0,1.18,,,2200.0,,,2.8,44.4,72
1.886,SIGUE_MURO,0,0,0,-1.65,0.0,1.65,,,2200.0,,,4.0,44.2,75
1.911,SIGUE_MURO,0,0,0,-1.65,0.0,1.65,,,2200.0,,,4.0,44.2,72
1.937,SIGUE_MURO,0,0,0,-1.87,0.0,1.87,,,2200.0,,,4.5,44.1,72
1.961,SIGUE_MURO,0,0,0,-1.87,0.0,1.87,,,2200.0,,,4.5,44.1,73
1.987,SIGUE_MURO,0,0,0,-2.04,0.0,2.04,,,2200.0,,,4.9,44.0,74
2.013,SIGUE_MURO,0,0,0,-2.04,0.0,2.04,,,2200.0,,,4.9,44.0,73
2.037,SIGUE_MURO,0,0,0,-2.25,0.0,2.25,,,2200.0,,,5.4,43.9,73
2.062,SIGUE_MURO,0,0,0,-2.25,0.0,2.25,,,2200.0,,,5.4,43.9,74
2.087,SIGUE_MURO,0,0,0,-2.38,0.0,2.38,,,2200.0,,,5.7,43.8,74
2.112,SIGUE_MURO,0,0,0,-2.38,0.0,2.38,,,2200.0,,,5.7,43.8,77
2.137,SIGUE_MURO,0,0,0,-2.38,0.0,2.38,,,2200.0,,,5.7,43.8,77
2.162,SIGUE_MURO,0,0,0,-2.62,0.0,2.62,,,2200.0,,,6.3,43.7,77
2.187,SIGUE_MURO,0,0,0,-2.62,0.0,2.62,,,2200.0,,,6.3,43.7,76
2.213,SIGUE_MURO,0,0,0,-2.72,0.0,2.72,,,2200.0,,,6.5,43.7,77
2.237,SIGUE_MURO,0,0,0,-2.72,0.0,2.72,,,2200.0,,,6.5,43.7,77
2.262,SIGUE_MURO,0,0,0,-2.84,0.0,2.84,,,2200.0,,,6.8,43.6,78
2.287,SIGUE_MURO,0,0,0,-2.84,0.0,2.84,,,2200.0,,,6.8,43.6,77
2.312,SIGUE_MURO,0,0,0,-3.05,0.0,3.05,,,2200.0,,,7.3,43.5,76
2.339,SIGUE_MURO,0,0,0,-3.05,0.0,3.05,,,2200.0,,,7.3,43.5,76
2.363,SIGUE_MURO,0,0,0,-3.14,0.0,3.14,,,2200.0,,,7.5,43.5,80
2.388,SIGUE_MURO,0,0,0,-3.14,0.0,3.14,,,2200.0,,,7.5,43.5,78
2.413,SIGUE_MURO,0,0,0,-3.22,0.0,3.22,,,2200.0,,,7.7,43.4,78
2.439,SIGUE_MURO,0,0,0,-3.22,0.0,3.22,,,2200.0,,,7.7,43.4,78
2.463,SIGUE_MURO,0,0,0,-3.22,0.0,3.22,,,2200.0,,,7.7,43.4,82
2.488,SIGUE_MURO,0,0,0,-3.45,0.0,3.45,,,2200.0,,,8.3,43.3,80
2.513,SIGUE_MURO,0,0,0,-3.45,0.0,3.45,,,2200.0,,,8.3,43.3,81
2.538,SIGUE_MURO,0,0,0,-3.59,0.0,3.59,,,2200.0,,,8.6,43.3,81
2.564,SIGUE_MURO,0,0,0,-3.59,0.0,3.59,,,2200.0,,,8.6,43.3,81
2.588,SIGUE_MURO,0,0,0,-3.71,0.0,3.71,,,2200.0,,,8.9,43.2,82
2.613,SIGUE_MURO,0,0,0,-3.71,0.0,3.71,,,2200.0,,,8.9,43.2,83
2.638,SIGUE_MURO,0,0,0,-4.01,0.0,4.01,,,2200.0,,,9.6,43.1,83
2.663,SIGUE_MURO,0,0,0,-4.01,0.0,4.01,,,2200.0,,,9.6,43.1,84
2.688,SIGUE_MURO,1,0,0,-4.11,0.0,28.6,493.4,,2200.0,1182.3,,20.1,40.9,85
2.713,SIGUE_MURO,1,0,0,-4.11,0.0,28.45,492.9,,2200.0,1182.3,,30.7,38.8,85
2.739,SIGUE_MURO,1,0,0,-4.14,0.0,28.37,492.6,,2200.0,1182.3,,41.2,36.7,85
2.763,SIGUE_MURO,1,0,0,-4.14,0.0,28.4,493.1,,2200.0,1207.6,,51.7,34.5,86
2.789,SIGUE_MURO,1,0,0,-4.14,0.0,28.26,492.7,,2200.0,1207.6,,62.3,32.4,87
2.814,SIGUE_MURO,1,0,0,-4.39,0.0,28.17,490.9,,2200.0,1182.3,,67.6,31.3,87
2.839,SIGUE_MURO,1,0,0,-4.39,0.0,27.95,490.0,,2200.0,1182.3,,67.1,31.4,87
2.864,SIGUE_MURO,1,0,0,-4.51,0.0,27.78,488.6,,2200.0,1182.3,,66.7,31.5,90
2.889,SIGUE_MURO,1,0,0,-4.51,0.0,27.69,488.4,,2200.0,1207.6,,66.5,31.5,89
2.914,SIGUE_MURO,1,0,0,-5.0,0.0,27.86,486.9,,2200.0,1207.6,,66.9,31.5,90
2.939,SIGUE_MURO,1,0,0,-5.0,0.0,27.47,484.9,,2200.0,1158.0,,65.9,31.7,92
2.964,SIGUE_MURO,1,0,0,-5.3,0.0,27.51,483.8,,2200.0,1158.0,,66.0,31.6,92
2.989,SIGUE_MURO,1,0,0,-5.3,0.0,26.95,480.7,,2200.0,1158.0,,64.7,31.9,94
3.014,SIGUE_MURO,1,0,0,-5.58,0.0,26.63,477.4,,2200.0,1134.7,,63.9,32.1,99
3.039,SIGUE_MURO,1,0,0,-5.58,0.0,25.73,472.3,,2200.0,1134.7,,61.7,32.5,102
3.064,SIGUE_MURO,1,0,0,-6.21,0.0,25.83,469.4,,2200.0,1134.7,,62.0,32.4,102
3.089,SIGUE_MURO,1,0,0,-6.21,0.0,25.16,465.7,,2200.0,1112.4,,60.4,32.8,111
3.115,SIGUE_MURO,1,0,0,-6.21,0.0,24.35,461.1,,2200.0,1112.4,,58.4,33.2,118
3.14,SIGUE_MURO,1,0,0,-6.78,0.0,24.17,456.9,,2200.0,1112.4,,58.0,33.3,120
3.164,SIGUE_MURO,1,0,0,-6.78,0.0,23.72,454.6,,2200.0,1112.4,,56.9,33.5,120
3.19,SIGUE_MURO,1,0,0,-7.27,0.0,23.76,452.2,,2200.0,1134.7,,57.0,33.5,117
3.215,SIGUE_MURO,1,0,0,-7.27,0.0,23.38,450.3,,2200.0,1134.7,,56.1,33.6,118
3.24,SIGUE_MURO,1,0,0,-8.35,0.0,24.68,452.1,,2200.0,1134.7,,59.2,33.0,104
3.265,SIGUE_MURO,1,0,0,-8.35,0.0,24.76,453.2,,2200.0,1134.7,,59.4,33.0,104
3.29,SIGUE_MURO,1,0,0,-8.57,0.0,24.73,452.1,,2200.0,1158.0,,59.4,33.0,108
3.315,SIGUE_MURO,1,0,0,-8.57,0.0,24.35,450.1,,2200.0,1158.0,,58.4,33.2,105
3.341,SIGUE_MURO,1,0,0,-8.95,0.0,24.33,448.1,,2200.0,1207.6,,58.4,33.2,112
3.365,SIGUE_MURO,1,0,0,-8.95,0.0,24.07,446.9,,2200.0,1207.6,,57.8,33.3,112
3.39,SIGUE_MURO,1,0,0,-10.27,0.0,24.93,444.5,,2200.0,1158.0,,59.8,32.9,109
3.415,SIGUE_MURO,1,0,0,-10.27,0.0,24.23,440.7,,2200.0,1158.0,,58.2,33.2,111
3.44,SIGUE_MURO,1,0,0,-10.27,0.0,23.58,437.0,,2200.0,1158.0,,56.6,33.5,114
3.465,SIGUE_MURO,1,0,0,-10.77,0.0,23.68,435.0,,2200.0,1158.0,,56.8,33.5,114
3.49,SIGUE_MURO,1,0,0,-10.77,0.0,23.35,433.4,,2200.0,1158.0,,56.0,33.7,110
3.515,SIGUE_MURO,1,0,0,-11.28,0.0,23.15,429.5,,2200.0,1158.0,,55.6,33.7,111
3.54,SIGUE_MURO,1,0,0,-11.28,0.0,22.64,426.7,,2200.0,1182.3,,54.3,34.0,108
3.565,SIGUE_MURO,1,0,0,-12.32,0.0,23.36,425.2,,2200.0,1182.3,,56.1,33.6,108
3.591,SIGUE_MURO,1,0,0,-12.32,0.0,22.93,423.0,,2200.0,1158.0,,55.0,33.9,107
3.616,SIGUE_MURO,1,0,0,-12.89,0.0,23.0,420.4,,2200.0,1182.3,,55.2,33.8,104
3.641,SIGUE_MURO,1,0,0,-12.89,0.0,22.82,419.7,,2200.0,1158.0,,54.8,33.9,100
3.666,SIGUE_MURO,1,0,0,-13.88,0.0,23.67,419.3,,2200.0,1158.0,,56.8,33.5,100
3.691,SIGUE_MURO,1,0,0,-13.88,0.0,23.39,418.0,,2200.0,1207.6,,56.1,33.6,101
3.716,SIGUE_MURO,1,0,0,-14.46,0.0,23.57,416.0,,2200.0,1207.6,,56.6,33.5,99
3.741,SIGUE_MURO,1,0,0,-14.46,0.0,23.29,414.7,,2200.0,1207.6,,55.9,33.7,97
3.766,SIGUE_MURO,1,0,0,-14.46,0.0,23.1,414.0,,2200.0,1207.6,,55.4,33.8,97
3.791,SIGUE_MURO,1,0,0,-15.0,0.0,23.38,412.8,,2200.0,1207.6,,56.1,33.6,98
3.816,SIGUE_MURO,1,0,0,-15.0,0.0,23.29,412.7,,2200.0,1207.6,,55.9,33.7,98
3.841,SIGUE_MURO,1,0,0,-15.72,0.0,23.92,412.6,,2200.0,1207.6,,57.4,33.4,97
3.867,SIGUE_MURO,1,0,0,-15.72,0.0,23.84,412.6,,2200.0,1207.6,,57.2,33.4,97
3.891,SIGUE_MURO,1,0,0,-16.06,0.0,24.24,413.5,,2200.0,1207.6,,58.2,33.2,95
3.916,SIGUE_MURO,1,0,0,-16.06,0.0,24.16,413.4,,2200.0,,,58.0,33.3,96
3.941,SIGUE_MURO,1,0,0,-16.42,0.0,24.6,414.4,,2200.0,,,59.0,33.0,97
3.967,SIGUE_MURO,1,0,0,-16.42,0.0,24.6,414.9,,2200.0,,,59.0,33.0,97
3.992,SIGUE_MURO,1,0,0,-17.52,0.0,25.64,414.9,,2200.0,,,61.5,32.5,98
4.017,SIGUE_MURO,1,0,0,-17.52,0.0,25.87,416.9,,2200.0,,,62.1,32.4,100
4.042,SIGUE_MURO,1,0,0,-17.99,0.0,25.28,410.7,,2200.0,,,60.7,32.7,101
4.067,SIGUE_MURO,1,0,0,-17.99,0.0,24.66,407.3,,2200.0,,,59.2,33.0,101
4.092,SIGUE_MURO,1,0,0,-17.99,0.0,25.08,410.4,,2200.0,,,60.2,32.8,102
4.117,SIGUE_MURO,1,0,0,-18.42,0.0,24.61,405.2,,2200.0,,,59.1,33.0,104
4.142,SIGUE_MURO,1,0,0,-18.42,0.0,24.39,404.3,,2200.0,,,58.5,33.1,105
4.167,SIGUE_MURO,1,0,0,-19.66,0.0,25.48,403.8,,2200.0,,,61.1,32.6,105
4.193,SIGUE_MURO,1,0,0,-19.66,0.0,25.49,404.4,,2200.0,,,61.2,32.6,106
4.217,SIGUE_MURO,1,0,0,-20.09,0.0,25.8,404.1,,2200.0,,,61.9,32.5,107
4.242,SIGUE_MURO,1,0,0,-20.09,0.0,24.26,395.0,,2200.0,,,58.2,33.2,109
4.267,SIGUE_MURO,1,0,0,-20.37,0.0,23.66,389.9,,2200.0,,,56.8,33.5,109
4.292,SIGUE_MURO,1,0,0,-20.37,0.0,24.25,394.1,,2200.0,,,58.2,33.2,110
4.318,SIGUE_MURO,1,0,0,-21.26,0.0,24.86,392.8,,2200.0,,,59.7,32.9,111
4.342,SIGUE_MURO,1,0,0,-21.26,0.0,24.82,393.0,,2200.0,,,59.6,32.9,113
4.368,SIGUE_MURO,1,0,0,-21.9,0.0,25.4,393.1,,2200.0,,,61.0,32.7,113
4.393,SIGUE_MURO,1,0,0,-21.9,0.0,25.1,391.7,,2200.0,,,60.3,32.8,114
4.419,SIGUE_MURO,1,0,0,-21.9,0.0,24.31,387.2,,2200.0,,,58.3,33.2,116
4.443,SIGUE_MURO,1,0,0,-23.06,0.0,23.87,377.7,,2200.0,,,57.3,33.4,117
4.468,SIGUE_MURO,1,0,0,-23.06,0.0,22.96,372.5,,2200.0,,,55.1,33.8,117
4.493,SIGUE_MURO,1,0,0,-23.57,0.0,23.64,373.6,,2200.0,,,56.7,33.5,118
4.518,SIGUE_MURO,1,0,0,-23.57,0.0,23.84,374.8,,2200.0,,,57.2,33.4,120
4.543,SIGUE_MURO,1,0,0,-24.16,0.0,23.3,367.7,,2200.0,,,55.9,33.7,122
4.568,SIGUE_MURO,1,0,0,-24.16,0.0,22.67,363.8,,2200.0,,,54.4,34.0,122
4.593,SIGUE_MURO,1,0,0,-25.34,0.0,23.98,364.6,,2200.0,,,57.6,33.3,123
4.618,SIGUE_MURO,1,0,0,-25.34,0.0,24.07,365.2,,2200.0,,,57.8,33.3,125
4.643,SIGUE_MURO,1,0,0,-26.03,0.0,24.31,362.3,,2200.0,,,58.3,33.2,127
4.669,SIGUE_MURO,1,0,0,-26.03,0.0,24.05,360.8,,2200.0,,,57.7,33.3,127
4.693,SIGUE_MURO,1,0,0,-26.63,0.0,24.51,359.9,,2200.0,,,58.8,33.1,129
4.719,SIGUE_MURO,1,0,0,-26.63,0.0,23.36,352.7,,1491.8,,,56.1,33.6,131
4.746,SIGUE_MURO,1,0,0,-27.82,0.0,15.96,299.5,,1099.2,,,45.5,35.8,133
4.77,SIGUE_MURO,1,0,0,-27.82,0.0,11.21,270.3,,883.3,,,35.0,37.9,133
4.794,SIGUE_MURO,1,0,0,-27.82,0.0,7.97,250.5,,1475.8,,,24.5,40.0,135
4.82,SIGUE_MURO,1,0,0,-28.42,0.0,6.9,240.5,,1079.1,,,16.6,41.6,136
4.845,SIGUE_MURO,1,0,0,-28.42,0.0,5.26,230.7,,863.6,,,12.6,42.4,138
4.871,SIGUE_MURO,1,0,0,-29.06,0.0,4.96,225.3,,745.1,,,11.9,42.5,138
4.894,GIRO,1,1,0,-29.06,90.0,113.31,,,680.0,,,22.4,28.8,140
4.919,GIRO,1,1,0,-30.29,90.0,114.54,,,1364.0,,,32.9,27.3,142
4.945,GIRO,1,1,0,-30.29,90.0,114.54,227.9,,1740.2,900.5,,43.5,25.7,143
4.973,GIRO,1,1,0,-30.84,90.0,115.09,227.9,,1947.1,900.5,,54.0,24.2,143
4.995,GIRO,1,1,0,-30.84,90.0,115.09,220.5,,1338.3,788.7,,64.5,22.7,145
5.019,GIRO,1,1,0,-31.73,90.0,115.98,,,1726.1,,,75.0,22.0,146
5.044,GIRO,1,1,0,-31.73,90.0,115.98,,,1939.3,,,85.6,22.0,147
5.07,GIRO,1,1,0,-31.73,90.0,115.98,,,2056.6,,,96.1,22.0,147
5.096,GIRO,1,1,0,-32.2,90.0,116.45,206.0,,2121.1,,,100.0,22.0,147
5.119,GIRO,1,1,0,-32.2,90.0,116.45,,,2156.6,,,100.0,22.0,146
5.144,GIRO,1,1,0,-32.22,90.0,116.47,,,1453.5,,,100.0,22.0,148
5.17,GIRO,1,1,0,-32.22,90.0,116.47,,,1066.8,,,100.0,22.0,148
5.195,GIRO,1,1,0,-32.83,90.0,117.08,,,1576.8,,,100.0,22.0,149
5.221,GIRO,1,1,0,-32.83,90.0,117.08,,,1857.2,,,100.0,22.0,148
5.246,GIRO,1,1,0,-33.16,90.0,117.41,,,2011.5,,,100.0,22.0,147
5.271,GIRO,1,1,0,-33.16,90.0,117.41,,,2096.3,,,100.0,22.0,147
5.297,GIRO,1,1,0,-33.68,90.0,117.93,,,1409.9,,,100.0,22.0,150
5.32,GIRO,1,1,0,-33.68,90.0,117.93,,,1025.1,,,100.0,22.0,152
5.345,GIRO,1,1,0,-34.92,90.0,119.17,,,813.4,,,100.0,22.0,153
5.37,GIRO,1,1,0,-34.92,90.0,119.17,,,697.0,,,100.0,22.0,153
5.396,GIRO,1,1,0,-34.92,90.0,119.17,,,1373.3,,,100.0,22.0,149
5.422,GIRO,1,1,0,-35.55,90.0,119.8,,,1745.3,,,100.0,22.0,146
5.445,GIRO,1,1,0,-35.55,90.0,119.8,,,1202.7,,,100.0,22.0,162
5.47,GIRO,1,1,0,-36.22,90.0,120.47,,,904.2,,,100.0,22.0,162
5.496,GIRO,1,1,0,-36.22,90.0,120.47,,,1487.3,,,100.0,22.0,158
5.522,GIRO,1,1,0,-37.63,90.0,121.88,,,1808.0,,,100.0,22.0,154
5.545,GIRO,1,1,0,-37.63,90.0,121.88,,,1226.5,,,100.0,22.0,136
5.571,GIRO,1,1,0,-38.32,90.0,122.57,,,906.7,,,100.0,22.0,136
5.595,GIRO,1,1,0,-38.32,90.0,122.57,,,1488.7,,,100.0,22.0,147
5.619,GIRO,1,1,0,-39.07,90.0,123.32,,,1048.9,,,100.0,22.0,151
5.647,GIRO,1,1,0,-39.07,90.0,123.32,,,807.0,,,100.0,22.0,160
5.671,GIRO,1,1,0,-40.54,90.0,124.79,,,673.9,,,100.0,22.0,160
5.695,GIRO,1,1,0,-40.54,90.0,124.79,,,593.0,,,100.0,22.0,158
5.72,GIRO,1,1,0,-40.54,90.0,124.79,,,546.7,,,100.0,22.0,161
5.745,GIRO,1,1,0,-41.34,90.0,125.59,,,515.9,,,100.0,22.0,172
5.77,GIRO,1,1,0,-41.34,90.0,125.59,,,498.9,,,100.0,22.0,172
5.795,GIRO,1,1,0,-43.16,90.0,127.41,,,484.5,,,100.0,22.0,172
5.82,GIRO,1,1,0,-43.16,90.0,127.41,,,470.2,,,100.0,22.0,178
5.845,GIRO,1,1,0,-43.93,90.0,128.18,,,462.4,,,100.0,22.0,181
5.87,GIRO,1,1,0,-43.93,90.0,128.18,,,458.0,,,100.0,22.0,181
5.896,GIRO,1,1,0,-44.84,90.0,129.09,,,468.9,,,100.0,22.0,188
5.921,GIRO,1,1,0,-44.84,90.0,129.09,,,474.8,,,100.0,22.0,193
5.946,GIRO,1,1,0,-46.93,90.0,131.18,,,464.9,,,100.0,22.0,202
5.972,GIRO,1,1,0,-46.93,90.0,131.18,,,459.4,,,100.0,22.0,202
5.997,GIRO,1,1,0,-48.04,90.0,132.29,137.7,,454.9,,,100.0,22.0,210
6.022,GIRO,1,1,0,-48.04,90.0,132.29,134.2,,446.5,,,100.0,22.0,210
6.047,GIRO,1,1,0,-48.04,90.0,132.29,129.2,,446.2,,,100.0,22.0,210
6.072,GIRO,1,1,0,-49.29,90.0,133.54,126.4,,446.1,,,100.0,22.0,210
6.097,GIRO,1,1,0,-49.29,90.0,133.54,122.0,,425.9,,,100.0,22.0,207
6.122,GIRO,1,1,0,-51.72,90.0,135.97,118.8,,410.1,,,100.0,22.0,204
6.147,GIRO,1,1,0,-51.72,90.0,135.97,111.8,,409.8,,,100.0,22.0,202
6.173,GIRO,1,1,0,-53.03,90.0,137.28,108.0,,409.6,,,100.0,22.0,202
6.197,GIRO,1,1,0,-53.03,90.0,137.28,106.0,,395.7,,,100.0,22.0,199
6.222,GIRO,1,1,0,-54.32,90.0,138.57,103.1,,384.9,381.0,,100.0,22.0,205
6.246,GIRO,1,1,0,-54.32,90.0,138.57,,,368.4,,,100.0,22.0,214
6.271,GIRO,1,1,0,-57.09,90.0,141.34,,,359.4,,,100.0,22.0,214
6.296,GIRO,1,1,0,-57.09,90.0,141.34,,,347.6,,,100.0,22.0,212
6.321,GIRO,1,1,0,-58.37,90.0,142.62,,,344.5,,,100.0,22.0,211
6.346,GIRO,1,1,0,-58.37,90.0,142.62,,,337.8,,,100.0,22.0,202
6.372,GIRO,1,1,0,-58.37,90.0,142.62,,,334.2,,,100.0,22.0,202
6.396,GIRO,1,1,0,-59.71,90.0,143.96,,,340.5,,,100.0,22.0,195
6.423,GIRO,1,1,0,-59.71,90.0,143.96,,,327.4,,,100.0,22.0,191
6.447,GIRO,1,1,0,-62.47,90.0,146.72,,,346.3,,,100.0,22.0,181
6.471,GIRO,1,1,0,-62.47,90.0,146.72,,,356.7,,,100.0,22.0,181
6.497,GIRO,1,1,0,-63.84,90.0,148.09,,,362.4,,,100.0,22.0,181
6.523,GIRO,1,1,0,-63.84,90.0,148.09,,,331.0,,,100.0,22.0,203
6.548,GIRO,1,1,0,-65.23,90.0,149.48,,,313.6,,,100.0,22.0,203
6.573,GIRO,1,1,0,-65.23,90.0,149.48,,,299.4,,,100.0,22.0,212
6.598,GIRO,1,1,0,-67.85,90.0,152.1,,,291.6,,,100.0,22.0,212
6.623,GIRO,1,1,0,-67.85,90.0,152.1,,,287.3,,,100.0,22.0,212
6.648,GIRO,1,1,0,-69.08,90.0,153.33,,,280.0,,,100.0,22.0,200
6.673,GIRO,1,1,0,-69.08,90.0,153.33,,,276.0,,,100.0,22.0,200
6.699,GIRO,1,1,0,-69.08,90.0,153.33,,,273.8,,,100.0,22.0,200
6.723,GIRO,1,1,0,-71.68,90.0,155.93,,,267.1,,,100.0,22.0,192
6.749,GIRO,1,1,0,-71.68,90.0,155.93,,,263.5,,,100.0,22.0,192
6.774,GIRO,1,1,0,-73.0,90.0,157.25,,117.3,256.1,,,100.0,22.0,181
6.799,GIRO,1,1,0,-73.0,90.0,157.25,,117.3,252.0,,,100.0,22.0,181
6.824,GIRO,1,1,0,-74.35,90.0,158.6,,117.3,249.8,,,100.0,22.0,181
6.849,GIRO,1,1,0,-74.35,90.0,158.6,,125.0,1127.4,,,100.0,22.0,170
6.873,GIRO,1,1,0,-76.99,90.0,161.24,,129.2,1610.1,,,100.0,22.0,170
6.899,GIRO,1,1,0,-76.99,90.0,161.24,,131.5,1875.5,,,100.0,22.0,170
6.924,GIRO,1,1,0,-78.24,90.0,162.49,,136.5,2021.5,,,100.0,22.0,143
6.949,GIRO,1,1,0,-78.24,90.0,162.49,,139.2,2101.8,,,100.0,22.0,143
6.974,GIRO,1,1,0,-79.49,90.0,163.74,,146.5,2146.0,,,100.0,22.0,123
6.999,GIRO,1,1,0,-79.49,90.0,163.74,,150.5,2170.3,,,100.0,22.0,123
7.024,GIRO,1,1,0,-79.49,90.0,163.74,,152.8,2183.7,,,100.0,22.0,123
7.049,GIRO,1,1,0,-82.08,90.0,166.33,,159.9,2191.0,,,100.0,22.0,114
7.074,GIRO,1,1,0,-82.08,90.0,166.33,,163.9,2195.1,,,100.0,22.0,114
7.099,GIRO,1,1,0,-83.21,90.0,167.46,,166.1,2197.3,,,100.0,22.0,114
7.124,GIRO,1,1,0,-83.21,90.0,167.46,,173.4,2198.5,,,100.0,22.0,110
7.149,GIRO,1,1,0,-84.5,90.0,168.75,,177.4,2199.2,,,100.0,22.0,110
7.174,GIRO,1,1,0,-84.5,90.0,168.75,,186.7,2199.5,,,100.0,22.0,105
7.199,GIRO,1,1,0,-87.0,90.0,171.25,,191.8,2199.8,,,100.0,22.0,105
7.224,GIRO,1,1,0,-87.0,90.0,171.25,,194.7,2199.9,,,100.0,22.0,105
7.249,GIRO,1,1,0,-88.17,90.0,172.42,,204.0,2199.9,,,100.0,22.0,94
7.275,GIRO,1,1,0,-88.17,90.0,172.42,,209.2,2200.0,,,100.0,22.0,94
7.3,GIRO,1,1,0,-89.32,90.0,173.57,,219.2,2200.0,,,100.0,22.0,79
7.324,GIRO,1,1,0,-89.32,90.0,173.57,,224.8,2200.0,,,100.0,22.0,79
7.349,GIRO,1,1,0,-89.32,90.0,173.57,,227.8,2200.0,,,100.0,22.0,79
7.375,GIRO,1,1,0,-91.27,90.0,175.52,,234.0,2200.0,,,100.0,22.0,60
7.4,GIRO,1,1,0,-91.27,90.0,175.52,,237.3,2200.0,,,100.0,22.0,60
7.425,GIRO,1,1,0,-92.43,90.0,176.68,,239.2,2200.0,,,100.0,22.0,60
7.45,GIRO,1,1,0,-92.43,90.0,176.68,,246.8,2200.0,,,100.0,22.0,67
7.475,GIRO,1,1,0,-94.48,90.0,178.73,,251.0,2200.0,,,100.0,22.0,67
7.501,GIRO,1,1,0,-94.48,90.0,178.73,,260.6,2200.0,,,100.0,22.0,62
7.525,GIRO,1,1,0,-95.98,90.0,-179.77,,265.9,2200.0,,,89.5,22.0,62
7.55,GIRO,1,1,0,-95.98,90.0,-179.77,,268.8,2200.0,,,79.0,22.0,62
7.575,GIRO,1,1,0,-97.16,90.0,-178.59,,279.4,2200.0,,,68.4,22.1,50
7.6,GIRO,1,1,0,-97.16,90.0,-178.59,,285.2,2200.0,,,57.9,23.7,50
7.625,GIRO,1,1,0,-99.7,90.0,-176.05,,288.5,2200.0,,,47.4,25.2,50
7.65,GIRO,1,1,0,-99.7,90.0,-176.05,,301.0,2200.0,,,36.8,26.7,41
7.675,GIRO,1,1,0,-99.7,90.0,-176.05,,308.0,2200.0,,,26.3,28.2,41
7.699,GIRO,1,1,0,-101.05,90.0,-174.7,,,2200.0,,,15.8,29.7,32
7.725,GIRO,1,1,0,-101.05,90.0,-174.7,,,2200.0,,,5.3,31.2,32
7.749,GIRO,1,1,0,-102.25,90.0,-173.5,,,2200.0,,,-5.2,31.2,32
7.774,GIRO,1,1,0,-102.25,90.0,-173.5,,,2200.0,,,-15.8,29.7,22
7.799,GIRO,1,1,0,-105.0,90.0,-170.75,,,2200.0,,,-26.3,28.2,22
7.824,GIRO,1,1,0,-105.0,90.0,-170.75,,,2200.0,,,-36.8,26.7,22
7.849,GIRO,1,1,0,-105.93,90.0,-169.82,,,2200.0,,,-47.4,25.2,14
7.874,GIRO,1,1,0,-105.93,90.0,-169.82,,,2200.0,,,-57.9,23.7,14
7.899,GIRO,1,1,0,-106.59,90.0,-169.16,,,2200.0,,,-68.4,22.2,10
7.924,GIRO,1,1,0,-106.59,90.0,-169.16,,,2200.0,,,-78.9,22.0,10
7.95,GIRO,1,1,0,-107.04,90.0,-168.71,,,2200.0,,,-89.5,22.0,10
7.975,GIRO,1,1,0,-107.04,90.0,-168.71,,,2200.0,,,-100.0,22.0,8
8.0,GIRO,1,1,0,-107.04,90.0,-168.71,,,2200.0,,,-100.0,22.0,8
8.025,GIRO,1,1,0,-106.91,90.0,-168.84,,,2200.0,,,-100.0,22.0,8
8.05,GIRO,1,1,0,-106.91,90.0,-168.84,,,2200.0,,,-100.0,22.0,8
8.075,GIRO,1,1,0,-106.66,90.0,-169.09,,,2200.0,,,-100.0,22.0,8
8.1,GIRO,1,1,0,-106.66,90.0,-169.09,,,2200.0,,,-100.0,22.0,11
8.125,GIRO,1,1,0,-105.46,90.0,-170.29,,,2200.0,,,-100.0,22.0,11
8.15,GIRO,1,1,0,-105.46,90.0,-170.29,,,2200.0,,,-100.0,22.0,11
8.175,GIRO,1,1,0,-104.61,90.0,-171.14,,,2200.0,,,-100.0,22.0,18
8.2,GIRO,1,1,0,-104.61,90.0,-171.14,,,2200.0,,,-100.0,22.0,18
8.225,GIRO,1,1,0,-102.09,90.0,-173.66,,,2200.0,,,-100.0,22.0,18
8.25,GIRO,1,1,0,-102.09,90.0,-173.66,,,2200.0,,,-100.0,22.0,33
8.276,GIRO,1,1,0,-100.98,90.0,-174.77,,,2200.0,,,-100.0,22.0,33
8.301,GIRO,1,1,0,-100.98,90.0,-174.77,,,2200.0,,,-100.0,22.0,40
8.325,GIRO,1,1,0,-100.98,90.0,-174.77,,,2200.0,,,-100.0,22.0,40
8.351,GIRO,1,1,0,-99.98,90.0,-175.77,,,2200.0,,,-100.0,22.0,40
8.378,GIRO,1,1,0,-99.98,90.0,-175.77,,335.8,2200.0,,,-100.0,22.0,54
8.402,GIRO,1,1,0,-97.81,90.0,-177.94,,335.8,2200.0,,,-100.0,22.0,54
8.427,GIRO,1,1,0,-97.81,90.0,-177.94,,335.8,2200.0,,,-100.0,22.0,54
8.452,GIRO,1,1,0,-96.74,90.0,-179.01,,328.1,2200.0,,,-100.0,22.0,63
8.477,GIRO,1,1,0,-96.74,90.0,-179.01,,323.8,2200.0,,,-100.0,22.0,63
8.502,GIRO,1,1,0,-95.74,90.0,179.99,,312.6,2200.0,,,-89.5,22.0,77
8.527,GIRO,1,1,0,-95.74,90.0,179.99,,306.4,2200.0,,,-78.9,22.0,77
8.552,GIRO,1,1,0,-94.12,90.0,178.37,,303.1,2200.0,,,-68.4,22.1,77
8.576,GIRO,1,1,0,-94.12,90.0,178.37,,,2200.0,,,-57.9,23.7,85
8.602,GIRO,1,1,0,-93.25,90.0,177.5,,,2200.0,,,-47.4,25.2,85
8.626,GIRO,1,1,0,-93.25,90.0,177.5,,,2200.0,,,-36.8,26.7,85
8.651,GIRO,1,1,0,-93.25,90.0,177.5,,,2200.0,,,-26.3,28.2,91
8.676,GIRO,1,1,0,-92.43,90.0,176.68,,,2200.0,,,-15.8,29.7,91
8.702,GIRO,1,1,0,-92.43,90.0,176.68,,,2200.0,,,-5.3,31.2,99
8.727,GIRO,1,1,0,-91.11,90.0,175.36,,,2200.0,,,5.3,31.2,99
8.752,GIRO,1,1,0,-91.11,90.0,175.36,,,2200.0,,,15.8,29.7,99
8.777,GIRO,1,1,0,-90.77,90.0,175.02,,,2200.0,,,26.3,28.2,95
8.802,GIRO,1,1,0,-90.77,90.0,175.02,,,2200.0,,,36.8,26.7,95
8.827,GIRO,1,1,0,-90.77,90.0,175.02,,,2200.0,,,47.3,25.2,95
8.852,GIRO,1,1,0,-90.77,90.0,175.02,,,2200.0,,,57.9,23.7,99
8.877,GIRO,1,1,0,-90.22,90.0,174.47,,,2200.0,,,68.4,22.2,99
8.902,GIRO,1,1,0,-90.22,90.0,174.47,,,2200.0,,,78.9,22.0,93
8.928,GIRO,1,1,0,-90.25,90.0,174.5,,,2200.0,,,89.4,22.0,93
8.952,GIRO,1,1,0,-90.25,90.0,174.5,,,2200.0,,,100.0,22.0,93
8.978,GIRO,1,1,0,-90.25,90.0,174.5,,,2200.0,,,100.0,22.0,97
9.002,GIRO,1,1,0,-90.38,90.0,174.63,,,2200.0,,,100.0,22.0,97
9.027,GIRO,1,1,0,-90.38,90.0,174.63,,,2200.0,,,100.0,22.0,97
9.054,GIRO,1,1,0,-90.52,90.0,174.77,,348.8,2200.0,,,100.0,22.0,83
9.079,GIRO,1,1,0,-90.52,90.0,174.77,,348.8,2200.0,,,100.0,22.0,83
9.104,GIRO,1,1,0,-90.71,90.0,174.96,,361.0,2200.0,,,100.0,22.0,89
9.129,GIRO,1,1,0,-90.71,90.0,174.96,,367.6,2200.0,,,100.0,22.0,89
9.154,GIRO,1,1,0,-91.15,90.0,175.4,,371.3,2200.0,,,100.0,22.0,89
9.178,GIRO,1,1,0,-91.15,90.0,175.4,,,2200.0,,,100.0,22.0,63
9.203,GIRO,1,1,0,-91.44,90.0,175.69,,,2200.0,,,100.0,22.0,63
9.228,GIRO,1,1,0,-91.44,90.0,175.69,,,2200.0,,,100.0,22.0,63
9.253,GIRO,1,1,0,-91.52,90.0,175.77,,,2200.0,,,100.0,22.0,61
9.278,GIRO,1,1,0,-91.52,90.0,175.77,,,2200.0,,,100.0,22.0,61
9.303,GIRO,1,1,0,-91.52,90.0,175.77,,,2200.0,,,100.0,22.0,55
9.328,GIRO,1,1,0,-92.11,90.0,176.36,,,2200.0,,,100.0,22.0,55
9.353,GIRO,1,1,0,-92.11,90.0,176.36,,,2200.0,,,100.0,22.0,55
9.378,GIRO,1,1,0,-92.53,90.0,176.78,,,2200.0,,,100.0,22.0,64
9.403,SIGUE_MURO,1,1,0,-92.53,90.0,176.78,,,2200.0,,,100.0,24.8,64
9.428,SIGUE_MURO,1,1,0,-92.91,90.0,177.16,,,2200.0,,,100.0,24.8,64
9.453,SIGUE_MURO,1,1,0,-92.91,90.0,177.16,,,2200.0,,,100.0,24.8,59
9.479,SIGUE_MURO,1,1,0,-93.88,90.0,178.13,,,2200.0,,,100.0,24.8,59
9.503,SIGUE_MURO,1,1,0,-93.88,90.0,178.13,,,2200.0,,,100.0,24.8,50
9.528,SIGUE_MURO,1,1,0,-94.46,90.0,178.71,,,2200.0,,,100.0,24.8,50
9.553,SIGUE_MURO,1,1,0,-94.46,90.0,178.71,,,2200.0,,,100.0,24.8,50
9.579,SIGUE_MURO,1,1,0,-95.0,90.0,179.25,,,2200.0,,,100.0,24.8,55
9.604,SIGUE_MURO,1,1,0,-95.0,90.0,179.25,,,2200.0,,,100.0,24.8,55
9.629,SIGUE_MURO,1,1,0,-95.0,90.0,179.25,,,2200.0,,,100.0,24.8,55
9.654,SIGUE_MURO,1,1,0,-96.29,90.0,-179.46,,,2200.0,,,89.5,26.9,49
9.679,SIGUE_MURO,1,1,0,-96.29,90.0,-179.46,,,2200.0,,,79.0,29.0,49
9.704,SIGUE_MURO,1,1,0,-96.98,90.0,-178.77,,,2200.0,,,68.4,31.1,46
9.729,SIGUE_MURO,1,1,0,-96.98,90.0,-178.77,,,2200.0,,,57.9,33.3,46
9.754,SIGUE_MURO,1,1,0,-98.64,90.0,-177.11,,,2200.0,,,47.4,35.4,46
9.779,SIGUE_MURO,1,1,0,-98.64,90.0,-177.11,,,2200.0,,,36.9,37.5,53
9.804,SIGUE_MURO,1,1,0,-99.41,90.0,-176.34,,,2200.0,,,26.3,39.7,53
9.83,SIGUE_MURO,1,1,0,-99.41,90.0,-176.34,,,2200.0,,,15.8,41.8,53
9.854,SIGUE_MURO,1,1,0,-100.41,90.0,-175.34,,,2200.0,,,5.3,43.9,47
9.879,SIGUE_MURO,1,1,0,-100.41,90.0,-175.34,,,2200.0,,,-5.3,43.9,47
9.904,SIGUE_MURO,1,1,0,-102.09,90.0,-173.66,,,2200.0,,,-15.8,41.8,42
9.929,SIGUE_MURO,1,1,0,-102.09,90.0,-173.66,,,2200.0,,,-26.3,39.7,42
9.954,SIGUE_MURO,1,1,0,-102.09,90.0,-173.66,,,2200.0,,,-36.8,37.5,42
9.98,SIGUE_MURO,1,1,0,-102.4,90.0,-173.35,,,2200.0,,,-47.4,35.4,42
10.005,SIGUE_MURO,1,1,0,-102.4,90.0,-173.35,,,2200.0,,,-57.9,33.3,42
10.03,SIGUE_MURO,1,1,0,-102.76,90.0,-172.99,,,2200.0,,,-68.4,31.1,42
10.055,SIGUE_MURO,1,1,0,-102.76,90.0,-172.99,,,2200.0,,,-78.9,29.0,36
10.08,SIGUE_MURO,1,1,0,-103.38,90.0,-172.37,,,2200.0,,,-89.4,26.9,36
10.105,SIGUE_MURO,1,1,0,-103.38,90.0,-172.37,,,2200.0,,,-100.0,24.8,39
10.13,SIGUE_MURO,1,1,0,-103.27,90.0,-172.48,,,2200.0,,,-100.0,24.8,39
10.155,SIGUE_MURO,1,1,0,-103.27,90.0,-172.48,,,2200.0,,,-100.0,24.8,39
10.18,SIGUE_MURO,1,1,0,-103.01,90.0,-172.74,,,2200.0,,,-100.0,24.8,49
10.205,SIGUE_MURO,1,1,0,-103.01,90.0,-172.74,,,2200.0,,,-100.0,24.8,49
10.23,SIGUE_MURO,1,1,0,-102.38,90.0,-173.37,,,2200.0,,,-100.0,24.8,49
10.255,SIGUE_MURO,1,1,0,-102.38,90.0,-173.37,,,2200.0,,,-100.0,24.8,80
10.28,SIGUE_MURO,1,1,0,-102.38,90.0,-173.37,,,2200.0,,,-100.0,24.8,80
10.305,SIGUE_MURO,1,1,0,-101.81,90.0,-173.94,,,2200.0,,,-100.0,24.8,93
10.331,SIGUE_MURO,1,1,0,-101.81,90.0,-173.94,,,2200.0,,,-100.0,24.8,93
10.356,SIGUE_MURO,1,1,0,-101.28,90.0,-174.47,,,2200.0,,,-100.0,24.8,93
10.381,SIGUE_MURO,1,1,0,-101.28,90.0,-174.47,,,2200.0,,,-100.0,24.8,90
10.406,SIGUE_MURO,1,1,0,-100.24,90.0,-175.51,,,2200.0,,,-100.0,24.8,90
10.431,SIGUE_MURO,1,1,0,-100.24,90.0,-175.51,,,2200.0,,,-100.0,24.8,90
10.456,SIGUE_MURO,1,1,0,-99.64,90.0,-176.11,,,2200.0,,,-100.0,24.8,108
10.481,SIGUE_MURO,1,1,0,-99.64,90.0,-176.11,,,2200.0,,,-100.0,24.8,108
10.508,SIGUE_MURO,1,1,0,-98.03,90.0,-151.65,646.8,,2200.0,,,-100.0,24.8,118
10.532,SIGUE_MURO,1,1,0,-98.03,90.0,-151.57,646.8,,2200.0,,,-100.0,24.8,118
10.557,SIGUE_MURO,1,1,0,-97.16,90.0,-152.37,646.8,,2200.0,,,-100.0,24.8,118
10.583,SIGUE_MURO,1,1,0,-97.16,90.0,-152.29,646.7,,2039.7,1628.4,,-100.0,24.8,155
10.608,SIGUE_MURO,1,1,0,-96.25,90.0,-153.12,646.7,,1951.5,1628.4,,-100.0,24.8,155
10.633,SIGUE_MURO,1,1,0,-96.25,90.0,-153.05,646.7,,1903.0,1628.4,,-100.0,24.8,155
10.658,SIGUE_MURO,1,1,0,-96.25,90.0,-152.97,649.2,,2036.7,1628.4,,-100.0,24.8,150
10.683,SIGUE_MURO,1,1,0,-94.63,90.0,-154.52,650.6,,2110.2,1628.4,,-100.0,24.8,150
10.708,SIGUE_MURO,1,1,0,-94.63,90.0,-154.44,655.6,,2150.6,,,-100.0,24.8,154
10.733,SIGUE_MURO,1,1,0,-93.76,90.0,-155.39,658.3,,2172.8,,,-100.0,24.8,154
10.758,SIGUE_MURO,1,1,0,-93.76,90.0,-155.46,659.8,,2185.1,,,-100.0,24.8,154
10.783,SIGUE_MURO,1,1,0,-92.9,90.0,-156.4,660.5,,2004.9,,,-100.0,24.8,153
10.808,SIGUE_MURO,1,1,0,-92.9,90.0,-156.47,660.9,,1905.8,,,-100.0,24.8,153
10.834,SIGUE_MURO,1,1,0,-91.5,90.0,-157.95,661.1,,1851.3,,,-100.0,24.8,153
10.859,SIGUE_MURO,1,1,0,-91.5,90.0,-158.03,660.5,,1796.4,,,-100.0,24.8,149
10.883,SIGUE_MURO,1,1,0,-91.02,90.0,-158.58,660.2,,1766.2,,,-100.0,24.8,149
10.907,SIGUE_MURO,1,1,0,-91.02,90.0,175.42,,,1749.6,,,-89.5,26.9,155
10.932,SIGUE_MURO,1,1,0,-91.02,90.0,175.42,,,1740.5,,,-79.0,29.0,155
10.958,SIGUE_MURO,1,1,0,-90.45,90.0,174.85,,,1735.5,,,-68.4,31.1,155
10.982,SIGUE_MURO,1,1,0,-90.45,90.0,174.85,,,1709.3,,,-57.9,33.3,158
11.007,SIGUE_MURO,1,1,0,-89.84,90.0,174.24,,,1694.9,,,-47.4,35.4,158
11.033,SIGUE_MURO,1,1,0,-89.84,90.0,174.24,,,1687.0,,,-36.8,37.5,158
11.058,SIGUE_MURO,1,1,0,-89.18,90.0,173.58,,,1682.6,,,-26.3,39.7,153
11.082,SIGUE_MURO,1,1,0,-89.18,90.0,173.58,,,1680.3,,,-15.8,41.8,153
11.108,SIGUE_MURO,1,1,0,-88.62,90.0,173.02,,,1678.9,,,-5.3,43.9,159
11.133,SIGUE_MURO,1,1,0,-88.62,90.0,173.02,,,1678.2,,,5.3,43.9,159
11.158,SIGUE_MURO,1,1,0,-88.45,90.0,172.85,,,1677.8,,,15.8,41.8,159
11.184,SIGUE_MURO,1,1,0,-88.45,90.0,172.85,,315.3,1912.8,,,26.3,39.7,157
11.209,SIGUE_MURO,1,1,0,-88.64,90.0,173.04,,315.3,2042.0,,,36.8,37.5,157
11.234,SIGUE_MURO,1,1,0,-88.64,90.0,173.04,,315.3,2113.1,,,47.4,35.4,157
11.259,SIGUE_MURO,1,1,0,-88.64,90.0,173.04,,305.1,1917.0,,,57.9,33.3,167
11.284,SIGUE_MURO,1,1,0,-88.33,90.0,172.73,,299.4,1809.2,,,68.4,31.1,167
11.309,SIGUE_MURO,1,1,0,-88.33,90.0,172.73,,304.2,1749.8,,,78.9,29.0,173
11.334,SIGUE_MURO,1,1,0,-88.38,90.0,172.78,,306.8,1717.2,,,89.5,26.9,173
11.359,SIGUE_MURO,1,1,0,-88.38,90.0,172.78,,308.2,1699.3,,,100.0,24.8,173
11.385,SIGUE_MURO,1,1,0,-88.5,90.0,172.9,,305.2,1924.6,,,100.0,24.8,136
11.409,SIGUE_MURO,1,1,0,-88.5,90.0,172.9,,303.6,2048.5,,,100.0,24.8,136
11.435,SIGUE_MURO,1,1,0,-88.59,90.0,172.99,,302.7,2116.7,,,100.0,24.8,136
11.46,SIGUE_MURO,1,1,0,-88.59,90.0,172.99,,,1897.0,,,100.0,24.8,130
11.485,SIGUE_MURO,1,1,0,-88.95,90.0,173.35,,,1776.1,,,100.0,24.8,130
11.509,SIGUE_MURO,1,1,0,-88.95,90.0,173.35,,,1731.7,,,100.0,24.8,140
11.534,SIGUE_MURO,1,1,0,-89.19,90.0,173.59,,,1707.2,,,100.0,24.8,140
11.56,SIGUE_MURO,1,1,0,-89.19,90.0,173.59,,,1693.8,,,100.0,24.8,140
11.584,SIGUE_MURO,1,1,0,-89.19,90.0,173.59,,,1709.8,,,100.0,24.8,130
11.609,SIGUE_MURO,1,1,0,-89.78,90.0,174.18,,,1718.6,,,100.0,24.8,130
11.634,SIGUE_MURO,1,1,0,-89.78,90.0,174.18,,,1723.4,,,100.0,24.8,130
11.659,SIGUE_MURO,1,1,0,-90.21,90.0,174.61,,,1702.7,,,100.0,24.8,128
11.684,SIGUE_MURO,1,1,0,-90.21,90.0,174.61,,,1691.3,,,100.0,24.8,128
11.709,SIGUE_MURO,1,1,0,-90.57,90.0,174.97,,,1685.0,,,100.0,24.8,131
11.735,SIGUE_MURO,1,1,0,-90.57,90.0,174.97,,,1681.5,,,100.0,24.8,131
11.759,SIGUE_MURO,1,1,0,-91.48,90.0,175.88,,,1679.6,,,100.0,24.8,131
11.784,SIGUE_MURO,1,1,0,-91.48,90.0,175.88,,,1678.6,,,100.0,24.8,132
11.809,SIGUE_MURO,1,1,0,-91.99,90.0,176.39,,,1678.0,,,100.0,24.8,132
11.836,SIGUE_MURO,1,1,0,-91.99,90.0,-157.69,644.2,,1655.7,,,89.5,26.9,145
11.861,SIGUE_MURO,1,1,0,-92.45,90.0,-157.3,644.2,,1643.4,,,79.0,29.0,145
11.886,SIGUE_MURO,1,1,0,-92.45,90.0,-157.38,644.2,,1636.7,,,68.4,31.1,145
11.911,SIGUE_MURO,1,1,0,-92.45,90.0,-157.45,641.1,,1655.0,1458.5,,57.9,33.3,143
11.936,SIGUE_MURO,1,1,0,-93.51,90.0,-156.47,639.5,,1665.0,1458.5,,47.4,35.4,143
11.961,SIGUE_MURO,1,1,0,-93.51,90.0,-156.54,638.5,,1670.6,1458.5,,36.9,37.5,143
11.986,SIGUE_MURO,1,1,0,-94.02,90.0,-155.96,640.8,,1673.6,1458.5,,26.3,39.7,149
12.011,SIGUE_MURO,1,1,0,-94.02,90.0,-155.88,642.0,,1675.3,1458.5,,15.8,41.8,149
12.036,SIGUE_MURO,1,1,0,-95.06,90.0,-154.77,625.5,,1676.2,,,5.3,43.9,165
12.062,SIGUE_MURO,1,1,0,-95.06,90.0,-154.69,616.4,,1676.7,,,-5.2,43.9,165
12.087,SIGUE_MURO,1,1,0,-95.51,90.0,-154.17,611.4,,1677.0,,,-15.8,41.8,165
12.111,SIGUE_MURO,1,1,0,-95.51,90.0,-154.09,611.8,,1677.1,1421.5,,-26.3,39.7,162
12.136,SIGUE_MURO,1,1,0,-95.74,90.0,-153.79,612.0,,1677.2,1421.5,,-36.8,37.5,162
12.162,SIGUE_MURO,1,1,0,-95.74,90.0,-153.71,612.1,,1677.3,1421.5,,-47.3,35.4,162
12.187,SIGUE_MURO,1,1,0,-95.97,90.0,-153.4,612.7,,1677.3,1497.5,,-57.9,33.3,166
12.212,SIGUE_MURO,1,1,0,-95.97,90.0,-153.33,613.0,,1677.3,1497.5,,-68.4,31.1,166
12.239,SIGUE_MURO,1,1,0,-96.13,90.0,-153.09,618.4,,1677.3,1497.5,,-78.9,29.0,164
12.262,SIGUE_MURO,1,1,0,-96.13,90.0,-153.02,621.4,,1677.3,1497.5,,-89.4,26.9,164
12.287,SIGUE_MURO,1,1,0,-96.13,90.0,-152.94,623.1,,1677.3,1497.5,,-100.0,24.8,164
12.312,SIGUE_MURO,1,1,0,-96.19,90.0,-152.81,625.7,,1912.5,1497.5,,-100.0,24.8,163
12.337,SIGUE_MURO,1,1,0,-96.19,90.0,-152.73,627.1,,2041.9,1497.5,,-100.0,24.8,163
12.362,SIGUE_MURO,1,1,0,-96.14,90.0,-152.71,627.9,,2113.0,1497.5,,-100.0,24.8,163
12.387,SIGUE_MURO,1,1,0,-96.14,90.0,-152.63,623.4,,2152.2,,,-100.0,24.8,135
12.412,SIGUE_MURO,1,1,0,-95.81,90.0,-152.89,620.9,,2173.7,,,-100.0,24.8,135
12.437,SIGUE_MURO,1,1,0,-95.81,90.0,-152.81,626.6,,1950.3,1538.7,,-100.0,24.8,140
12.462,SIGUE_MURO,1,1,0,-95.55,90.0,-153.0,629.8,,1827.5,1538.7,,-100.0,24.8,140
12.487,SIGUE_MURO,1,1,0,-95.55,90.0,-152.92,631.5,,1759.9,1538.7,,-100.0,24.8,140
12.512,SIGUE_MURO,1,1,0,-94.28,90.0,-154.27,637.4,,1957.9,,,-100.0,24.8,135
12.537,SIGUE_MURO,1,1,0,-94.28,90.0,-154.34,640.6,,2066.9,,,-100.0,24.8,135
12.562,SIGUE_MURO,1,1,0,-94.28,90.0,-154.42,642.4,,2126.8,,,-100.0,24.8,135
12.588,SIGUE_MURO,1,1,0,-93.55,90.0,-155.22,649.6,,1924.5,,,-100.0,24.8,147
12.613,SIGUE_MURO,1,1,0,-93.55,90.0,-155.3,653.6,,1813.3,,,-100.0,24.8,147
12.636,SIGUE_MURO,1,1,0,-92.01,90.0,177.16,,,1752.1,,,-89.5,26.9,151
12.661,SIGUE_MURO,1,1,0,-92.01,90.0,177.16,,,1718.5,,,-79.0,29.0,151
12.686,SIGUE_MURO,1,1,0,-91.24,90.0,176.39,,,1699.9,,,-68.4,31.1,151
12.711,SIGUE_MURO,1,1,0,-91.24,90.0,176.39,,,1925.0,,,-57.9,33.3,144
12.736,SIGUE_MURO,1,1,0,-90.54,90.0,175.69,,,2048.7,,,-47.4,35.4,144
12.761,SIGUE_MURO,1,1,0,-90.54,90.0,175.69,,,2116.8,,,-36.9,37.5,144
12.787,SIGUE_MURO,1,1,0,-89.28,90.0,174.43,,,1919.0,,,-26.3,39.7,148
12.812,SIGUE_MURO,1,1,0,-89.28,90.0,174.43,,,1810.3,,,-15.8,41.8,148
12.837,SIGUE_MURO,1,1,0,-88.74,90.0,173.89,,,1728.4,,,-5.3,43.9,143
12.862,SIGUE_MURO,1,1,0,-88.74,90.0,173.89,,,1683.4,,,5.2,43.9,143
12.887,SIGUE_MURO,1,1,0,-88.74,90.0,173.89,,,1658.7,,,15.8,41.8,143
12.912,SIGUE_MURO,1,1,0,-88.48,90.0,173.63,,,1624.3,,,26.3,39.7,133
12.937,SIGUE_MURO,1,1,0,-88.48,90.0,173.63,,,1605.4,,,36.8,37.5,133
12.962,SIGUE_MURO,1,1,0,-88.12,90.0,173.27,,,1595.0,,,47.4,35.4,133
12.987,SIGUE_MURO,1,1,0,-88.12,90.0,173.27,,,1589.3,,,57.9,33.3,158
13.012,SIGUE_MURO,1,1,0,-88.0,90.0,173.15,,,1586.1,,,68.4,31.1,158
13.037,SIGUE_MURO,1,1,0,-88.0,90.0,173.15,,,1584.4,,,78.9,29.0,164
13.063,SIGUE_MURO,1,1,0,-87.78,90.0,172.93,,,1583.4,,,89.5,26.9,164
13.088,SIGUE_MURO,1,1,0,-87.78,90.0,172.93,,,1582.9,,,100.0,24.8,164
13.114,SIGUE_MURO,1,1,0,-87.95,90.0,173.1,,296.3,1582.6,,,100.0,24.8,148
13.139,SIGUE_MURO,1,1,0,-87.95,90.0,173.1,,296.3,1582.5,,,100.0,24.8,148
13.164,SIGUE_MURO,1,1,0,-88.32,90.0,173.47,,296.3,1582.4,,,100.0,24.8,148
13.188,SIGUE_MURO,1,1,0,-88.32,90.0,173.47,,,1582.3,,,100.0,24.8,120
13.213,SIGUE_MURO,1,1,0,-88.32,90.0,173.47,,,1582.3,,,100.0,24.8,120
13.238,SIGUE_MURO,1,1,0,-88.53,90.0,173.68,,,1562.7,,,100.0,24.8,140
13.263,SIGUE_MURO,1,1,0,-88.53,90.0,173.68,,,1551.9,,,100.0,24.8,140
13.288,SIGUE_MURO,1,1,0,-89.28,90.0,174.43,,,1546.0,,,100.0,24.8,140
13.313,SIGUE_MURO,1,1,0,-89.28,90.0,174.43,,,1562.3,,,100.0,24.8,137
13.339,SIGUE_MURO,1,1,0,-89.76,90.0,174.91,,,1571.3,,,100.0,24.8,137
13.363,SIGUE_MURO,1,1,0,-89.76,90.0,174.91,,,1576.2,,,100.0,24.8,137
13.388,SIGUE_MURO,1,1,0,-91.08,90.0,176.23,,,1559.4,,,100.0,24.8,140
13.413,SIGUE_MURO,1,1,0,-91.08,90.0,176.23,,,1550.1,,,100.0,24.8,140
13.439,SIGUE_MURO,1,1,0,-91.63,90.0,176.78,,,1564.6,,,100.0,24.8,135
13.463,SIGUE_MURO,1,1,0,-91.63,90.0,176.78,,,1572.5,,,100.0,24.8,135
13.489,SIGUE_MURO,1,1,0,-92.4,90.0,177.55,,,1576.9,,,100.0,24.8,135
13.514,SIGUE_MURO,1,1,0,-92.4,90.0,177.55,,,1559.7,,,100.0,24.8,140
13.539,SIGUE_MURO,1,1,0,-92.4,90.0,177.55,,,1550.3,,,100.0,24.8,140
13.564,SIGUE_MURO,1,1,0,-93.91,90.0,179.06,,,1545.1,,,100.0,24.8,140
13.59,SIGUE_MURO,1,1,0,-93.91,90.0,-155.01,635.4,,1561.8,1538.7,,89.5,26.9,154
13.615,SIGUE_MURO,1,1,0,-94.6,90.0,-154.4,635.4,,1571.0,1538.7,,78.9,29.0,154
13.64,SIGUE_MURO,1,1,0,-94.6,90.0,-154.47,630.7,,1596.8,,,68.4,31.1,154
13.665,SIGUE_MURO,1,1,0,-95.24,90.0,-153.91,628.2,,1611.0,,,57.9,33.3,154
13.69,SIGUE_MURO,1,1,0,-95.24,90.0,-153.98,626.7,,1618.8,,,47.4,35.4,154
13.715,SIGUE_MURO,1,1,0,-96.94,90.0,-152.21,622.7,,1880.4,1582.3,,36.9,37.5,162
13.74,SIGUE_MURO,1,1,0,-96.94,90.0,-152.13,620.5,,2024.2,1582.3,,26.3,39.7,162
13.766,SIGUE_MURO,1,1,0,-97.81,90.0,-151.19,619.3,,2103.3,1582.3,,15.8,41.8,162
13.79,SIGUE_MURO,1,1,0,-97.81,90.0,-151.11,612.6,,2146.8,,,5.3,43.9,165
13.815,SIGUE_MURO,1,1,0,-98.59,90.0,-150.26,608.9,,2170.8,,,-5.2,43.9,165
13.841,SIGUE_MURO,1,1,0,-98.59,90.0,-150.18,605.6,,2183.9,1497.5,,-15.8,41.8,153
13.866,SIGUE_MURO,1,1,0,-98.59,90.0,-150.11,603.8,,2191.2,1497.5,,-26.3,39.7,153
13.891,SIGUE_MURO,1,1,0,-99.68,90.0,-148.94,602.8,,2195.1,1497.5,,-36.8,37.5,153
13.916,SIGUE_MURO,1,1,0,-99.68,90.0,-148.87,603.4,,2197.3,1538.7,,-47.3,35.4,151
13.942,SIGUE_MURO,1,1,0,-99.91,90.0,-148.56,603.8,,2198.5,1538.7,,-57.9,33.3,151
13.966,SIGUE_MURO,1,1,0,-99.91,90.0,-148.49,603.9,,2199.2,1538.7,,-68.4,31.1,151
13.991,SIGUE_MURO,1,1,0,-100.5,90.0,-147.82,603.4,,2199.6,,,-78.9,29.0,117
14.016,SIGUE_MURO,1,1,0,-100.5,90.0,-147.75,603.2,,2199.8,,,-89.4,26.9,117
14.041,SIGUE_MURO,1,1,0,-100.84,90.0,-147.33,606.0,,2199.9,1628.4,,-100.0,24.8,82
14.066,SIGUE_MURO,1,1,0,-100.84,90.0,-147.26,607.6,,2199.9,1628.4,,-100.0,24.8,82
14.091,SIGUE_MURO,1,1,0,-100.71,90.0,-147.31,608.5,,2200.0,1628.4,,-100.0,24.8,82
14.116,SIGUE_MURO,1,1,0,-100.71,90.0,-147.24,605.2,,2200.0,1582.3,,-100.0,24.8,100
14.141,SIGUE_MURO,1,1,0,-100.3,90.0,-147.57,603.4,,2200.0,1582.3,,-100.0,24.8,100
14.166,SIGUE_MURO,1,1,0,-100.3,90.0,-147.5,602.4,,2200.0,1582.3,,-100.0,24.8,100
14.191,SIGUE_MURO,1,1,0,-100.3,90.0,-147.42,604.6,,2200.0,1628.4,,-100.0,24.8,126
14.216,SIGUE_MURO,1,1,0,-100.0,90.0,-147.65,605.9,,2200.0,1628.4,,-100.0,24.8,126
14.241,SIGUE_MURO,1,1,0,-100.0,90.0,-147.57,612.2,,2200.0,,,-100.0,24.8,126
14.266,SIGUE_MURO,1,1,0,-99.64,90.0,-147.86,615.6,,2200.0,,,-100.0,24.8,126
14.292,SIGUE_MURO,1,1,0,-99.64,90.0,-147.78,617.5,,2200.0,,,-100.0,24.8,126
14.318,SIGUE_MURO,1,1,0,-99.05,90.0,-148.3,612.1,,2200.0,,,-100.0,24.8,135
14.342,SIGUE_MURO,1,1,0,-99.05,90.0,-148.22,609.2,,2200.0,,,-100.0,24.8,135
14.369,SIGUE_MURO,1,1,0,-98.87,90.0,-148.32,607.5,,2200.0,,,-100.0,24.8,135
14.393,SIGUE_MURO,1,1,0,-98.87,90.0,-148.25,602.4,,2200.0,,,-100.0,24.8,137
14.417,SIGUE_MURO,1,1,0,-98.26,90.0,-148.78,599.5,,2200.0,,,-100.0,24.8,137
14.442,SIGUE_MURO,1,1,0,-98.26,90.0,-148.71,606.8,,2200.0,1538.7,,-100.0,24.8,134
14.467,SIGUE_MURO,1,1,0,-98.17,90.0,-148.72,610.8,,2200.0,1538.7,,-100.0,24.8,134
14.492,SIGUE_MURO,1,1,0,-98.17,90.0,-148.65,613.0,,2200.0,1538.7,,-100.0,24.8,134
14.517,SIGUE_MURO,1,1,0,-98.17,90.0,-148.57,612.2,,2200.0,,,-100.0,24.8,140
14.542,SIGUE_MURO,1,1,0,-98.17,90.0,-148.5,611.8,,2200.0,,,-100.0,24.8,140
14.568,SIGUE_MURO,1,1,0,-98.17,90.0,-148.42,611.6,,2200.0,,,-100.0,24.8,140
14.592,SIGUE_MURO,1,1,0,-98.2,90.0,-148.32,612.2,,2200.0,,,-100.0,24.8,135
14.618,SIGUE_MURO,1,1,0,-98.2,90.0,-148.24,612.5,,2200.0,,,-100.0,24.8,135
14.642,SIGUE_MURO,1,1,0,-98.15,90.0,-148.22,615.2,,2200.0,1517.8,,-100.0,24.8,132
14.668,SIGUE_MURO,1,1,0,-98.15,90.0,-148.14,616.7,,2200.0,1517.8,,-100.0,24.8,132
14.693,SIGUE_MURO,1,1,0,-98.2,90.0,-148.02,617.5,,2200.0,1517.8,,-100.0,24.8,132
14.718,SIGUE_MURO,1,1,0,-98.2,90.0,-147.94,617.3,,2200.0,,,-100.0,24.8,141
14.743,SIGUE_MURO,1,1,0,-98.2,90.0,-147.87,617.1,,2200.0,,,-100.0,24.8,141
14.768,SIGUE_MURO,1,1,0,-98.2,90.0,-147.79,619.5,,2200.0,1538.7,,-100.0,24.8,141
14.793,SIGUE_MURO,1,1,0,-98.2,90.0,-147.72,620.9,,2200.0,1538.7,,-100.0,24.8,141
14.818,SIGUE_MURO,1,1,0,-98.19,90.0,-147.65,621.6,,2200.0,1538.7,,-100.0,24.8,141
14.843,SIGUE_MURO,1,1,0,-98.19,90.0,-147.58,618.9,,2200.0,,,-100.0,24.8,136
14.868,SIGUE_MURO,1,1,0,-98.2,90.0,-147.49,617.4,,2200.0,,,-100.0,24.8,136
14.893,SIGUE_MURO,1,1,0,-98.2,90.0,-147.42,616.6,,2200.0,,,-100.0,24.8,136
14.918,SIGUE_MURO,1,1,0,-98.22,90.0,-147.32,616.8,,2200.0,1582.3,,-100.0,24.8,131
14.943,SIGUE_MURO,1,1,0,-98.22,90.0,-147.25,617.0,,2200.0,1582.3,,-100.0,24.8,131
14.969,SIGUE_MURO,1,1,0,-98.22,90.0,-147.17,615.4,,2200.0,,,-100.0,24.8,133
14.994,SIGUE_MURO,1,1,0,-98.22,90.0,-147.09,614.5,,2200.0,,,-100.0,24.8,133
15.019,SIGUE_MURO,1,1,0,-98.22,90.0,-147.02,614.0,,2200.0,,,-100.0,24.8,133
15.044,SIGUE_MURO,1,1,0,-98.22,90.0,-146.94,614.9,,2200.0,,,-100.0,24.8,125
15.069,SIGUE_MURO,1,1,0,-98.22,90.0,-146.87,615.3,,2200.0,,,-100.0,24.8,125
15.095,SIGUE_MURO,1,1,0,-98.22,90.0,-146.79,615.6,,2200.0,,,-100.0,24.8,125
15.119,SIGUE_MURO,1,1,0,-98.22,90.0,-146.72,609.6,,2200.0,,,-100.0,24.8,137
15.145,SIGUE_MURO,1,1,0,-98.22,90.0,-146.64,606.4,,2200.0,,,-100.0,24.8,137
15.17,SIGUE_MURO,1,1,0,-98.22,90.0,-146.57,606.7,,2200.0,,,-100.0,24.8,139
15.195,SIGUE_MURO,1,1,0,-98.22,90.0,-146.49,606.8,,2200.0,,,-100.0,24.8,139
15.22,SIGUE_MURO,1,1,0,-98.22,90.0,-146.42,606.9,,2200.0,,,-100.0,24.8,139
15.245,SIGUE_MURO,1,1,0,-98.22,90.0,-146.34,605.2,,2200.0,,,-100.0,24.8,134
15.27,SIGUE_MURO,1,1,0,-98.22,90.0,-146.27,604.3,,2200.0,,,-100.0,24.8,134
15.295,SIGUE_MURO,1,1,0,-98.22,90.0,-146.19,603.7,,2200.0,,,-100.0,24.8,134
15.321,SIGUE_MURO,1,1,0,-98.22,90.0,-146.12,607.6,,2200.0,1497.5,,-100.0,24.8,140
15.345,SIGUE_MURO,1,1,0,-98.22,90.0,-146.04,609.8,,2200.0,1497.5,,-100.0,24.8,140
15.37,SIGUE_MURO,1,1,0,-98.22,90.0,-145.97,610.5,,2200.0,,,-100.0,24.8,138
15.395,SIGUE_MURO,1,1,0,-98.22,90.0,-145.89,610.9,,2200.0,,,-100.0,24.8,138
15.422,SIGUE_MURO,1,1,0,-98.22,90.0,-145.82,611.1,,2200.0,,,-100.0,24.8,138
15.446,SIGUE_MURO,1,1,0,-98.22,90.0,-145.74,610.8,,2200.0,,,-100.0,24.8,141
15.471,SIGUE_MURO,1,1,0,-98.22,90.0,-145.66,610.7,,2200.0,,,-100.0,24.8,141
15.496,SIGUE_MURO,1,1,0,-98.22,90.0,-145.59,610.6,,2200.0,,,-100.0,24.8,141
15.52,SIGUE_MURO,1,1,0,-98.22,90.0,-145.51,611.8,,2200.0,1538.7,,-100.0,24.8,138
15.546,SIGUE_MURO,1,1,0,-98.22,90.0,-145.44,612.5,,2200.0,1538.7,,-100.0,24.8,138
15.57,SIGUE_MURO,1,1,0,-98.22,90.0,-145.36,608.2,,2200.0,1605.0,,-100.0,24.8,142
15.595,SIGUE_MURO,1,1,0,-98.22,90.0,-145.29,605.9,,2200.0,1605.0,,-100.0,24.8,142
15.62,SIGUE_MURO,1,1,0,-98.22,90.0,-145.21,604.6,,2200.0,1605.0,,-100.0,24.8,142
15.646,SIGUE_MURO,1,1,0,-98.22,90.0,-145.14,611.5,,2200.0,1517.8,,-100.0,24.8,133
15.671,SIGUE_MURO,1,1,0,-98.22,90.0,-145.06,615.4,,2200.0,1517.8,,-100.0,24.8,133
15.696,SIGUE_MURO,1,1,0,-98.22,90.0,-144.99,617.5,,2200.0,1517.8,,-100.0,24.8,133
15.721,SIGUE_MURO,1,1,0,-98.22,90.0,-144.91,608.8,,2200.0,1677.3,,-100.0,24.8,139
15.747,SIGUE_MURO,1,1,0,-98.22,90.0,-144.84,604.0,,2200.0,1677.3,,-100.0,24.8,139
15.771,SIGUE_MURO,1,1,0,-98.22,90.0,-144.76,599.1,,2200.0,,,-100.0,24.8,137
15.796,SIGUE_MURO,1,1,0,-98.22,90.0,-144.69,596.5,,2200.0,,,-100.0,24.8,137
15.821,SIGUE_MURO,1,1,0,-98.22,90.0,-144.61,595.0,,2200.0,,,-100.0,24.8,137
15.846,SIGUE_MURO,1,1,0,-98.22,90.0,-144.54,600.6,,2200.0,1497.5,,-100.0,24.8,138
15.871,SIGUE_MURO,1,1,0,-98.22,90.0,-144.46,603.6,,2200.0,1497.5,,-100.0,24.8,138
15.896,SIGUE_MURO,1,1,0,-98.22,90.0,-144.39,605.3,,2200.0,1497.5,,-100.0,24.8,138
15.921,SIGUE_MURO,1,1,0,-98.22,90.0,-144.31,607.9,,2200.0,,,-100.0,24.8,138
15.946,SIGUE_MURO,1,1,0,-98.22,90.0,-144.24,609.3,,2200.0,,,-100.0,24.8,138
15.972,SIGUE_MURO,1,1,0,-98.22,90.0,-144.16,609.3,,2200.0,1497.5,,-100.0,24.8,139
15.996,SIGUE_MURO,1,1,0,-98.22,90.0,-144.09,609.2,,2200.0,1497.5,,-100.0,24.8,139
16.021,SIGUE_MURO,1,1,0,-98.22,90.0,-144.01,609.2,,2200.0,1497.5,,-100.0,24.8,139
16.046,SIGUE_MURO,1,1,0,-98.22,90.0,-143.94,610.4,,2200.0,,,-100.0,24.8,136
16.071,SIGUE_MURO,1,1,0,-98.22,90.0,-143.86,611.0,,2200.0,,,-100.0,24.8,136
16.097,SIGUE_MURO,1,1,0,-98.22,90.0,-143.79,611.3,,2200.0,,,-100.0,24.8,136
16.122,SIGUE_MURO,1,1,0,-98.22,90.0,-143.71,610.8,,2200.0,,,-100.0,24.8,140
16.147,SIGUE_MURO,1,1,0,-98.22,90.0,-143.63,610.5,,2200.0,,,-100.0,24.8,140
16.172,SIGUE_MURO,1,1,0,-98.22,90.0,-143.56,608.7,,2200.0,1605.0,,-100.0,24.8,134
16.197,SIGUE_MURO,1,1,0,-98.22,90.0,-143.48,607.8,,2200.0,1605.0,,-100.0,24.8,134
16.222,SIGUE_MURO,1,1,0,-98.22,90.0,-143.41,607.3,,2200.0,1605.0,,-100.0,24.8,134
16.247,SIGUE_MURO,1,1,0,-98.22,90.0,-143.33,607.5,,2200.0,1605.0,,-100.0,24.8,136
16.272,SIGUE_MURO,1,1,0,-98.22,90.0,-143.26,607.6,,2200.0,1605.0,,-100.0,24.8,136
16.297,SIGUE_MURO,1,1,0,-98.22,90.0,-143.18,607.6,,2200.0,1605.0,,-100.0,24.8,136
16.322,SIGUE_MURO,1,1,0,-98.22,90.0,-143.11,610.6,,2200.0,,,-100.0,24.8,130
16.347,SIGUE_MURO,1,1,0,-98.22,90.0,-143.03,612.2,,2200.0,,,-100.0,24.8,130
16.372,SIGUE_MURO,1,1,0,-98.22,90.0,-142.96,615.6,,2200.0,,,-100.0,24.8,141
16.397,SIGUE_MURO,1,1,0,-98.22,90.0,-142.88,617.5,,2200.0,,,-100.0,24.8,141
16.422,SIGUE_MURO,1,1,0,-98.22,90.0,-142.81,618.6,,2200.0,,,-100.0,24.8,141
16.447,SIGUE_MURO,1,1,0,-98.22,90.0,-142.73,614.0,,2200.0,,,-100.0,24.8,142
16.472,SIGUE_MURO,1,1,0,-98.22,90.0,-142.66,611.6,,2200.0,,,-100.0,24.8,142
16.498,SIGUE_MURO,1,1,0,-98.22,90.0,-142.58,610.2,,2200.0,,,-100.0,24.8,142
16.523,SIGUE_MURO,1,1,0,-98.22,90.0,-142.51,610.0,,2200.0,,,-100.0,24.8,141
16.548,SIGUE_MURO,1,1,0,-98.22,90.0,-142.43,609.9,,2200.0,,,-100.0,24.8,141
16.573,SIGUE_MURO,1,1,0,-98.22,90.0,-142.36,601.4,,2200.0,,,-100.0,24.8,138
16.598,SIGUE_MURO,1,1,0,-98.22,90.0,-142.28,596.8,,2200.0,,,-100.0,24.8,138
16.623,SIGUE_MURO,1,1,0,-98.22,90.0,-142.21,594.2,,2200.0,,,-100.0,24.8,138
16.648,SIGUE_MURO,1,1,0,-98.22,90.0,-142.13,601.7,,2200.0,,,-100.0,24.8,143
16.673,SIGUE_MURO,1,1,0,-98.22,90.0,-142.06,605.8,,2200.0,,,-100.0,24.8,143
16.699,SIGUE_MURO,1,1,0,-98.22,90.0,-141.98,608.1,,2200.0,,,-100.0,24.8,143
16.723,SIGUE_MURO,1,1,0,-98.22,90.0,-141.91,604.3,,2200.0,1652.5,,-100.0,24.8,141
16.748,SIGUE_MURO,1,1,0,-98.22,90.0,-141.83,602.3,,2200.0,1652.5,,-100.0,24.8,141
16.773,SIGUE_MURO,1,1,0,-98.22,90.0,-141.76,599.4,,2200.0,,,-100.0,24.8,140
16.798,SIGUE_MURO,1,1,0,-98.22,90.0,-141.68,597.7,,2200.0,,,-100.0,24.8,140
16.823,SIGUE_MURO,1,1,0,-98.22,90.0,-141.6,596.9,,2200.0,,,-100.0,24.8,140
16.848,SIGUE_MURO,1,1,0,-98.22,90.0,-141.53,602.7,,2200.0,1497.5,,-100.0,24.8,143
16.873,SIGUE_MURO,1,1,0,-98.22,90.0,-141.45,605.9,,2200.0,1497.5,,-100.0,24.8,143
16.899,SIGUE_MURO,1,1,0,-98.22,90.0,-141.38,607.7,,2200.0,1497.5,,-100.0,24.8,143
16.923,SIGUE_MURO,1,1,0,-98.22,90.0,-141.3,609.0,,2200.0,,,-100.0,24.8,131
16.949,SIGUE_MURO,1,1,0,-98.22,90.0,-141.23,609.7,,2200.0,,,-100.0,24.8,131
16.974,SIGUE_MURO,1,1,0,-98.22,90.0,-141.15,609.9,,2200.0,1582.3,,-100.0,24.8,141
16.999,SIGUE_MURO,1,1,0,-98.22,90.0,-141.08,610.0,,2200.0,1582.3,,-100.0,24.8,141
17.024,SIGUE_MURO,1,1,0,-98.22,90.0,-141.0,610.1,,2200.0,1582.3,,-100.0,24.8,141
17.049,SIGUE_MURO,1,1,0,-98.22,90.0,-140.93,610.1,,2200.0,,,-100.0,24.8,134
17.075,SIGUE_MURO,1,1,0,-98.22,90.0,-140.85,610.1,,2200.0,,,-100.0,24.8,134
17.099,SIGUE_MURO,1,1,0,-98.22,90.0,-140.78,610.1,,2200.0,,,-100.0,24.8,134
17.124,SIGUE_MURO,1,1,0,-98.22,90.0,-140.7,609.6,,2200.0,,,-100.0,24.8,133
17.149,SIGUE_MURO,1,1,0,-98.22,90.0,-140.63,609.2,,2200.0,,,-100.0,24.8,133
17.175,SIGUE_MURO,1,1,0,-98.22,90.0,-140.55,611.1,,2200.0,1497.5,,-100.0,24.8,133
17.199,SIGUE_MURO,1,1,0,-98.22,90.0,-140.48,612.2,,2200.0,1497.5,,-100.0,24.8,133
17.224,SIGUE_MURO,1,1,0,-98.22,90.0,-140.4,612.8,,2200.0,1497.5,,-100.0,24.8,133
17.25,SIGUE_MURO,1,1,0,-98.22,90.0,-140.33,612.7,,2200.0,1538.7,,-100.0,24.8,139
17.275,SIGUE_MURO,1,1,0,-98.22,90.0,-140.25,612.7,,2200.0,1538.7,,-100.0,24.8,139
17.3,SIGUE_MURO,1,1,0,-98.22,90.0,-140.18,612.7,,2200.0,1538.7,,-100.0,24.8,139
17.325,SIGUE_MURO,1,1,0,-98.22,90.0,-140.1,611.2,,2200.0,,,-100.0,24.8,139
17.35,SIGUE_MURO,1,1,0,-98.22,90.0,-140.03,610.4,,2200.0,,,-100.0,24.8,139
17.375,SIGUE_MURO,1,1,0,-98.22,90.0,-139.95,602.7,,2200.0,,,-100.0,24.8,135
17.401,SIGUE_MURO,1,1,0,-98.22,90.0,-139.88,598.4,,2200.0,,,-100.0,24.8,135
17.425,SIGUE_MURO,1,1,0,-98.22,90.0,-139.8,596.1,,2200.0,,,-100.0,24.8,135
17.45,SIGUE_MURO,1,1,0,-98.22,90.0,-139.72,597.8,,2200.0,,,-100.0,24.8,130
17.475,SIGUE_MURO,1,1,0,-98.22,90.0,-139.65,598.8,,2200.0,,,-100.0,24.8,130
17.502,SIGUE_MURO,1,1,0,-98.22,90.0,-139.57,596.0,,2200.0,,,-100.0,24.8,137
17.525,SIGUE_MURO,1,1,0,-98.22,90.0,-139.5,594.5,,2200.0,,,-100.0,24.8,137
17.55,SIGUE_MURO,1,1,0,-98.22,90.0,-139.42,593.7,,2200.0,,,-100.0,24.8,137
17.575,SIGUE_MURO,1,1,0,-98.22,90.0,-139.35,599.9,,2200.0,,,-100.0,24.8,132
17.6,SIGUE_MURO,1,1,0,-98.22,90.0,-139.27,603.3,,2200.0,,,-100.0,24.8,132
17.626,SIGUE_MURO,1,1,0,-98.22,90.0,-139.2,605.2,,2200.0,,,-100.0,24.8,132
17.651,SIGUE_MURO,1,1,0,-98.22,90.0,-139.12,604.8,,2200.0,,,-100.0,24.8,142
17.676,SIGUE_MURO,1,1,0,-98.22,90.0,-139.05,604.5,,2200.0,,,-100.0,24.8,142
17.701,SIGUE_MURO,1,1,0,-98.22,90.0,-138.97,603.9,,2200.0,,,-100.0,24.8,142
17.727,SIGUE_MURO,1,1,0,-98.22,90.0,-138.9,603.5,,2200.0,,,-100.0,24.8,142
17.751,SIGUE_MURO,1,1,0,-98.22,90.0,-138.82,603.3,,2200.0,,,-100.0,24.8,142
17.776,SIGUE_MURO,1,1,0,-98.22,90.0,-138.75,607.1,,2200.0,,,-100.0,24.8,137
17.801,SIGUE_MURO,1,1,0,-98.22,90.0,-138.67,609.2,,2200.0,,,-100.0,24.8,137
17.828,SIGUE_MURO,1,1,0,-98.22,90.0,-138.6,610.4,,2200.0,,,-100.0,24.8,137
17.851,SIGUE_MURO,1,1,0,-98.22,90.0,-138.52,609.1,,2200.0,,,-100.0,24.8,141
17.876,SIGUE_MURO,1,1,0,-98.22,90.0,-138.45,608.3,,2200.0,,,-100.0,24.8,141
17.901,SIGUE_MURO,1,1,0,-98.22,90.0,-138.37,610.2,,2200.0,,,-100.0,24.8,130
17.926,SIGUE_MURO,1,1,0,-98.22,90.0,-138.3,611.3,,2200.0,,,-100.0,24.8,130
17.951,SIGUE_MURO,1,1,0,-98.22,90.0,-138.22,611.8,,2200.0,,,-100.0,24.8,130
17.977,SIGUE_MURO,1,1,0,-98.22,90.0,-138.15,611.0,,2200.0,1605.0,,-100.0,24.8,139
18.001,SIGUE_MURO,1,1,0,-98.22,90.0,-138.07,610.6,,2200.0,1605.0,,-100.0,24.8,139
18.026,SIGUE_MURO,1,1,0,-98.22,90.0,-138.0,610.3,,2200.0,1605.0,,-100.0,24.8,139
18.052,SIGUE_MURO,1,1,0,-98.22,90.0,-137.92,601.3,,2200.0,,,-100.0,24.8,133
18.078,SIGUE_MURO,1,1,0,-98.22,90.0,-137.84,596.3,,2200.0,,,-100.0,24.8,133
18.102,SIGUE_MURO,1,1,0,-98.22,90.0,-137.77,603.2,,2200.0,,,-100.0,24.8,143
18.127,SIGUE_MURO,1,1,0,-98.22,90.0,-137.69,607.0,,2200.0,,,-100.0,24.8,143
18.152,SIGUE_MURO,1,1,0,-98.22,90.0,-137.62,609.1,,2200.0,,,-100.0,24.8,143
18.178,SIGUE_MURO,1,1,0,-98.22,90.0,-137.54,608.9,,2200.0,1582.3,,-100.0,24.8,135
18.202,SIGUE_MURO,1,1,0,-98.22,90.0,-137.47,608.7,,2200.0,1582.3,,-100.0,24.8,135
18.227,SIGUE_MURO,1,1,0,-98.22,90.0,-137.39,608.7,,2200.0,1582.3,,-100.0,24.8,135
18.252,SIGUE_MURO,1,1,0,-98.22,90.0,-137.32,609.3,,2200.0,1538.7,,-100.0,24.8,139
18.278,SIGUE_MURO,1,1,0,-98.22,90.0,-137.24,609.6,,2200.0,1538.7,,-100.0,24.8,139
18.302,SIGUE_MURO,1,1,0,-98.22,90.0,-137.17,614.1,,2200.0,1538.7,,-100.0,24.8,135
18.328,SIGUE_MURO,1,1,0,-98.22,90.0,-137.09,616.6,,2200.0,1538.7,,-100.0,24.8,135
18.352,SIGUE_MURO,1,1,0,-98.22,90.0,-137.02,618.0,,2200.0,1538.7,,-100.0,24.8,135
18.377,SIGUE_MURO,1,1,0,-98.22,90.0,-136.94,613.5,,2200.0,,,-100.0,24.8,138
18.404,SIGUE_MURO,1,1,0,-98.22,90.0,-136.87,611.1,,2200.0,,,-100.0,24.8,138
18.428,SIGUE_MURO,1,1,0,-98.22,90.0,-136.79,609.8,,2200.0,,,-100.0,24.8,138
18.453,SIGUE_MURO,1,1,0,-98.22,90.0,-136.72,609.3,,2200.0,,,-100.0,24.8,136
18.478,SIGUE_MURO,1,1,0,-98.22,90.0,-136.64,609.0,,2200.0,,,-100.0,24.8,136
18.503,SIGUE_MURO,1,1,0,-98.22,90.0,-136.57,603.0,,2200.0,,,-100.0,24.8,136
18.528,SIGUE_MURO,1,1,0,-98.22,90.0,-136.49,599.8,,2200.0,,,-100.0,24.8,136
18.553,SIGUE_MURO,1,1,0,-98.22,90.0,-136.42,598.0,,2200.0,,,-100.0,24.8,136
18.578,SIGUE_MURO,1,1,0,-98.22,90.0,-136.34,604.1,,2200.0,1497.5,,-100.0,24.8,135
18.603,SIGUE_MURO,1,1,0,-98.22,90.0,-136.27,607.5,,2200.0,1497.5,,-100.0,24.8,135
18.628,SIGUE_MURO,1,1,0,-98.22,90.0,-136.19,609.4,,2200.0,1497.5,,-100.0,24.8,135
18.653,SIGUE_MURO,1,1,0,-98.22,90.0,-136.12,610.3,,2200.0,1582.3,,-100.0,24.8,132
18.678,SIGUE_MURO,1,1,0,-98.22,90.0,-136.04,610.9,,2200.0,1582.3,,-100.0,24.8,132
18.703,SIGUE_MURO,1,1,0,-98.22,90.0,-135.97,606.8,,2200.0,,,-100.0,24.8,132
18.728,SIGUE_MURO,1,1,0,-98.22,90.0,-135.89,604.5,,2200.0,,,-100.0,24.8,132
18.753,SIGUE_MURO,1,1,0,-98.22,90.0,-135.81,603.3,,2200.0,,,-100.0,24.8,132
18.778,SIGUE_MURO,1,1,0,-98.22,90.0,-135.74,606.0,,2200.0,,,-100.0,24.8,131
18.803,SIGUE_MURO,1,1,0,-98.22,90.0,-135.66,607.5,,2200.0,,,-100.0,24.8,131
18.828,SIGUE_MURO,1,1,0,-98.22,90.0,-135.59,608.3,,2200.0,,,-100.0,24.8,131
18.854,SIGUE_MURO,1,1,0,-98.22,90.0,-135.51,600.8,,2200.0,,,-100.0,24.8,137
18.879,SIGUE_MURO,1,1,0,-98.22,90.0,-135.44,596.6,,2200.0,,,-100.0,24.8,137
18.904,SIGUE_MURO,1,1,0,-98.22,90.0,-135.36,599.9,,2200.0,,,-100.0,24.8,134
18.929,SIGUE_MURO,1,1,0,-98.22,90.0,-135.29,601.8,,2200.0,,,-100.0,24.8,134
18.954,SIGUE_MURO,1,1,0,-98.22,90.0,-135.21,602.8,,2200.0,,,-100.0,24.8,134
18.979,SIGUE_MURO,1,1,0,-98.22,90.0,-135.14,601.9,,2200.0,,,-100.0,24.8,135
19.004,SIGUE_MURO,1,1,0,-98.22,90.0,-135.06,601.4,,2200.0,,,-100.0,24.8,135
19.029,SIGUE_MURO,1,1,0,-98.22,90.0,-134.99,601.1,,2200.0,,,-100.0,24.8,135
19.054,SIGUE_MURO,1,1,0,-98.22,90.0,-134.91,604.5,,2200.0,1582.3,,-100.0,24.8,132
19.079,SIGUE_MURO,1,1,0,-98.22,90.0,-134.84,606.4,,2200.0,1582.3,,-100.0,24.8,132
19.104,SIGUE_MURO,1,1,0,-98.22,90.0,-134.76,608.1,,2200.0,,,-100.0,24.8,138
19.129,SIGUE_MURO,1,1,0,-98.22,90.0,-134.69,609.0,,2200.0,,,-100.0,24.8,138
19.154,SIGUE_MURO,1,1,0,-98.22,90.0,-134.61,609.5,,2200.0,,,-100.0,24.8,138
19.179,SIGUE_MURO,1,1,0,-98.22,90.0,-134.54,606.1,,2200.0,1605.0,,-100.0,24.8,139
19.204,SIGUE_MURO,1,1,0,-98.22,90.0,-134.46,604.2,,2200.0,1605.0,,-100.0,24.8,139
19.229,SIGUE_MURO,1,1,0,-98.22,90.0,-134.39,603.2,,2200.0,1605.0,,-100.0,24.8,139
19.255,SIGUE_MURO,1,1,0,-98.22,90.0,-134.31,606.4,,2200.0,,,-100.0,24.8,135
19.28,SIGUE_MURO,1,1,0,-98.22,90.0,-134.24,608.1,,2200.0,,,-100.0,24.8,135
19.305,SIGUE_MURO,1,1,0,-98.22,90.0,-134.16,607.4,,2200.0,1497.5,,-100.0,24.8,128
19.33,SIGUE_MURO,1,1,0,-98.22,90.0,-134.09,607.0,,2200.0,1497.5,,-100.0,24.8,128
19.355,SIGUE_MURO,1,1,0,-98.22,90.0,-134.01,606.8,,2200.0,1497.5,,-100.0,24.8,128
19.38,SIGUE_MURO,1,1,0,-98.22,90.0,-133.94,608.2,,2200.0,1497.5,,-100.0,24.8,138
19.405,SIGUE_MURO,1,1,0,-98.22,90.0,-133.86,609.0,,2200.0,1497.5,,-100.0,24.8,138
19.43,SIGUE_MURO,1,1,0,-98.22,90.0,-133.79,609.4,,2200.0,1497.5,,-100.0,24.8,138
19.455,SIGUE_MURO,1,1,0,-98.22,90.0,-133.71,607.0,,2200.0,,,-100.0,24.8,137
19.48,SIGUE_MURO,1,1,0,-98.22,90.0,-133.63,605.8,,2200.0,,,-100.0,24.8,137
19.505,SIGUE_MURO,1,1,0,-98.22,90.0,-133.56,609.0,,2200.0,1517.8,,-100.0,24.8,133
19.53,SIGUE_MURO,1,1,0,-98.22,90.0,-133.48,610.8,,2200.0,1517.8,,-100.0,24.8,133
19.555,SIGUE_MURO,1,1,0,-98.22,90.0,-133.41,611.8,,2200.0,1517.8,,-100.0,24.8,133
19.58,SIGUE_MURO,1,1,0,-98.22,90.0,-133.33,611.2,,2200.0,,,-100.0,24.8,132
19.605,SIGUE_MURO,1,1,0,-98.22,90.0,-133.26,610.8,,2200.0,,,-100.0,24.8,132
19.63,SIGUE_MURO,1,1,0,-98.22,90.0,-133.18,610.6,,2200.0,,,-100.0,24.8,132
19.655,SIGUE_MURO,1,1,0,-98.22,90.0,-133.11,606.3,,2200.0,,,-100.0,24.8,131
19.68,SIGUE_MURO,1,1,0,-98.22,90.0,-133.03,603.9,,2200.0,,,-100.0,24.8,131
19.706,SIGUE_MURO,1,1,0,-98.22,90.0,-132.96,605.1,,2200.0,,,-100.0,24.8,135
19.731,SIGUE_MURO,1,1,0,-98.22,90.0,-132.88,605.8,,2200.0,,,-100.0,24.8,135
19.756,SIGUE_MURO,1,1,0,-98.22,90.0,-132.81,606.2,,2200.0,,,-100.0,24.8,135
19.781,SIGUE_MURO,1,1,0,-98.22,90.0,-132.73,606.9,,2200.0,,,-100.0,24.8,131
19.806,SIGUE_MURO,1,1,0,-98.22,90.0,-132.66,607.3,,2200.0,,,-100.0,24.8,131
19.831,SIGUE_MURO,1,1,0,-98.22,90.0,-132.58,607.6,,2200.0,,,-100.0,24.8,131
19.857,SIGUE_MURO,1,1,0,-98.22,90.0,-132.51,605.1,,2200.0,,,-100.0,24.8,129
19.881,SIGUE_MURO,1,1,0,-98.22,90.0,-132.43,603.8,,2200.0,,,-100.0,24.8,129
19.906,SIGUE_MURO,1,1,0,-98.22,90.0,-132.36,604.5,,2200.0,,,-100.0,24.8,133
19.931,SIGUE_MURO,1,1,0,-98.22,90.0,-132.28,604.9,,2200.0,,,-100.0,24.8,133
19.956,SIGUE_MURO,1,1,0,-98.22,90.0,-132.21,605.1,,2200.0,,,-100.0,24.8,133
19.982,SIGUE_MURO,1,1,0,-98.22,90.0,-132.13,609.1,,2200.0,1517.8,,-100.0,24.8,126
20.006,SIGUE_MURO,1,1,0,-98.22,90.0,-132.06,611.3,,2200.0,1517.8,,-100.0,24.8,126
20.031,SIGUE_MURO,1,1,0,-98.22,90.0,-131.98,612.5,,2200.0,1517.8,,-100.0,24.8,126
20.056,SIGUE_MURO,1,1,0,-98.22,90.0,-131.91,610.3,,2200.0,,,-100.0,24.8,140
20.081,SIGUE_MURO,1,1,0,-98.22,90.0,-131.83,609.2,,2200.0,,,-100.0,24.8,140
20.107,SIGUE_MURO,1,1,0,-98.22,90.0,-131.76,609.5,,2200.0,1497.5,,-100.0,24.8,129
20.132,SIGUE_MURO,1,1,0,-98.22,90.0,-131.68,609.7,,2200.0,1497.5,,-100.0,24.8,129
20.157,SIGUE_MURO,1,1,0,-98.22,90.0,-131.6,609.8,,2200.0,1497.5,,-100.0,24.8,129
20.182,SIGUE_MURO,1,1,0,-98.22,90.0,-131.53,612.0,,2200.0,,,-100.0,24.8,137
20.207,SIGUE_MURO,1,1,0,-98.22,90.0,-131.45,613.1,,2200.0,,,-100.0,24.8,137
20.234,SIGUE_MURO,1,1,0,-98.22,90.0,-131.38,606.4,314.2,2200.0,,912.3,-100.0,24.8,137
20.26,SIGUE_MURO,1,1,0,-98.22,90.0,-131.3,602.6,314.2,2200.0,,912.3,-100.0,24.8,137
20.284,SIGUE_MURO,1,1,0,-98.22,90.0,-131.23,600.6,314.2,2200.0,,912.3,-100.0,24.8,137
20.308,SIGUE_MURO,1,1,0,-98.22,90.0,-131.15,599.4,314.2,2200.0,,912.3,-100.0,24.8,137
20.333,SIGUE_MURO,1,1,0,-98.22,90.0,-131.23,618.0,494.4,2200.0,,1355.3,-100.0,24.8,30
20.358,SIGUE_MURO,1,1,0,-98.22,90.0,-131.3,628.2,593.5,2200.0,,1355.3,-100.0,24.8,30
20.383,SIGUE_MURO,1,1,0,-98.22,90.0,-131.38,633.8,648.0,2200.0,,1355.3,-100.0,24.8,30
20.408,SIGUE_MURO,1,1,0,-98.22,90.0,-131.45,636.9,678.0,2200.0,,1355.3,-100.0,24.8,30
20.433,SIGUE_MURO,1,1,0,-98.22,90.0,-131.53,638.6,694.4,2200.0,,1355.3,-100.0,24.8,30
20.458,SIGUE_MURO,1,1,0,-98.22,90.0,-131.6,639.5,703.5,2200.0,,1355.3,-100.0,24.8,30
20.483,SIGUE_MURO,1,1,0,-98.22,90.0,-131.68,640.0,708.5,2200.0,,1355.3,-100.0,24.8,30
20.508,SIGUE_MURO,1,1,0,-98.22,90.0,-131.76,640.3,711.2,2200.0,,1355.3,-100.0,24.8,30
20.534,SIGUE_MURO,1,1,0,-98.22,90.0,-131.83,640.5,712.8,2200.0,,1355.3,-100.0,24.8,30
20.56,SIGUE_MURO,1,1,0,-98.22,90.0,-131.91,640.6,713.6,2200.0,,1355.3,-100.0,24.8,30
20.584,SIGUE_MURO,1,1,0,-98.25,90.0,-131.95,640.6,714.0,2200.0,,1355.3,-100.0,24.8,30
20.61,SIGUE_MURO,1,1,0,-98.25,90.0,-132.03,640.6,714.3,2200.0,,1355.3,-100.0,24.8,30
20.633,SIGUE_MURO,1,1,0,-98.05,90.0,-132.3,640.6,714.4,2200.0,,1355.3,-100.0,24.8,30
20.659,SIGUE_MURO,1,1,0,-98.05,90.0,-132.38,640.7,714.5,2200.0,,1355.3,-100.0,24.8,30
20.684,SIGUE_MURO,1,1,0,-98.21,90.0,-132.29,640.7,714.5,2200.0,,1355.3,-100.0,24.8,30
20.709,SIGUE_MURO,1,1,0,-98.21,90.0,-132.37,640.7,714.6,2200.0,,1355.3,-100.0,24.8,30
20.734,SIGUE_MURO,1,1,0,-98.21,90.0,-132.44,640.7,714.6,2200.0,,1355.3,-100.0,24.8,30
20.759,SIGUE_MURO,1,1,0,-98.15,90.0,-132.58,640.7,714.6,2200.0,,1355.3,-100.0,24.8,30
20.784,SIGUE_MURO,1,1,0,-98.15,90.0,-132.65,640.7,714.6,2200.0,,1355.3,-100.0,24.8,30
20.81,SIGUE_MURO,1,1,0,-98.19,90.0,-132.69,640.7,714.6,2200.0,,1355.3,-100.0,24.8,30
20.834,SIGUE_MURO,1,1,0,-98.19,90.0,-132.76,640.7,714.6,2200.0,,1355.3,-100.0,24.8,30
20.859,SIGUE_MURO,1,1,0,-98.78,90.0,-132.25,640.7,714.6,2200.0,,1355.3,-100.0,24.8,30
20.884,SIGUE_MURO,1,1,0,-98.78,90.0,-132.32,640.7,714.6,2200.0,,1355.3,-100.0,24.8,30
20.912,SIGUE_MURO,1,1,0,-99.31,90.0,-131.87,640.7,714.6,2200.0,,1355.3,-100.0,24.8,30
20.934,SIGUE_MURO,1,1,0,-99.31,90.0,-131.94,640.7,714.6,2200.0,,1355.3,-100.0,24.8,30
20.96,SIGUE_MURO,1,1,0,-99.92,90.0,-131.41,640.7,714.6,2200.0,,1355.3,-100.0,24.8,30
20.984,SIGUE_MURO,1,1,0,-99.92,90.0,-131.48,640.7,714.6,2200.0,,1355.3,-100.0,24.8,30
21.009,SIGUE_MURO,1,1,0,-101.15,90.0,-130.33,640.7,714.6,2200.0,,1355.3,-100.0,24.8,30
21.035,SIGUE_MURO,1,1,0,-101.15,90.0,-130.4,640.7,714.6,2200.0,,1355.3,-100.0,24.8,30
21.06,SIGUE_MURO,1,1,0,-101.15,90.0,-130.48,640.7,714.6,2200.0,,1355.3,-100.0,24.8,30
21.085,SIGUE_MURO,1,1,0,-101.75,90.0,-129.95,640.7,714.6,2200.0,,1355.3,-100.0,24.8,30
21.11,SIGUE_MURO,1,1,0,-101.75,90.0,-130.03,640.7,714.6,2200.0,,1355.3,-100.0,24.8,30
21.133,SIGUE_MURO,1,1,0,-102.39,90.0,-155.39,,,2200.0,,,-100.0,24.8,8
21.158,SIGUE_MURO,1,1,0,-102.39,90.0,-155.39,,,2200.0,,,-100.0,24.8,14
21.183,SIGUE_MURO,1,1,0,-103.43,90.0,-154.35,,,2200.0,,,-100.0,24.8,14
21.209,SIGUE_MURO,1,1,0,-103.43,90.0,179.65,38.4,,2200.0,1109.5,,-89.5,26.9,16
21.234,SIGUE_MURO,1,1,0,-103.96,90.0,-153.82,,,2200.0,,,-100.0,24.8,19
21.259,SIGUE_MURO,1,1,0,-103.96,90.0,-147.39,380.2,,1297.3,,,-100.0,24.8,39
21.284,SIGUE_MURO,1,1,0,-104.48,90.0,-146.87,380.2,,800.9,,,-100.0,24.8,39
21.31,SIGUE_MURO,1,1,0,-104.48,90.0,-143.09,314.3,147.2,1430.5,561.9,380.9,-100.0,24.8,41
21.335,SIGUE_MURO,1,1,0,-105.6,90.0,-153.93,296.3,,872.5,573.0,,-100.0,24.8,74
21.36,GIRO,1,2,0,-105.6,180.0,-62.18,271.0,,562.1,573.0,,-100.0,22.0,47
21.385,GIRO,1,2,0,-105.6,180.0,-62.18,257.1,,391.4,573.0,,-100.0,22.0,47
21.41,GIRO,1,2,0,-106.18,180.0,-61.6,,,299.2,,,-100.0,22.0,70
21.435,GIRO,1,2,0,-106.18,180.0,-61.6,281.9,,248.9,531.3,,-100.0,22.0,81
21.461,GIRO,1,2,0,-107.29,180.0,-60.49,258.3,470.7,220.2,622.1,700.0,-100.0,22.0,109
21.487,GIRO,1,2,0,-107.29,180.0,-60.49,245.2,470.7,204.4,622.1,700.0,-100.0,22.0,109
21.511,GIRO,1,2,0,-107.64,180.0,-60.14,,,194.6,,,-100.0,22.0,126
21.536,GIRO,1,2,0,-107.64,180.0,-60.14,243.8,172.9,537.8,,416.6,-100.0,22.0,115
21.561,GIRO,1,2,0,-108.13,180.0,-59.65,236.8,369.0,1285.8,,837.1,-100.0,22.0,100
21.587,GIRO,1,2,0,-108.13,180.0,-59.65,233.0,476.9,1697.2,,837.1,-100.0,22.0,100
21.611,GIRO,1,2,0,-109.22,180.0,-58.56,244.2,408.4,1350.0,,582.8,-100.0,22.0,97
21.637,GIRO,1,2,0,-109.22,180.0,-58.56,257.6,465.1,1732.5,806.4,808.2,-100.0,22.0,105
21.662,GIRO,1,2,0,-109.76,180.0,-58.02,438.5,629.8,1942.9,1066.9,1490.8,-100.0,22.0,74
21.687,GIRO,1,2,0,-109.76,180.0,-58.02,538.0,720.4,2058.6,1066.9,1490.8,-100.0,22.0,74
21.711,GIRO,1,2,0,-109.76,180.0,-58.02,,1097.9,2122.2,,,-100.0,22.0,84
21.736,GIRO,1,2,0,-110.38,180.0,-57.4,228.8,,2157.2,,,-100.0,22.0,72
21.761,GIRO,1,2,0,-110.38,180.0,-57.4,,,2176.5,,,-100.0,22.0,67
21.786,GIRO,1,2,0,-111.57,180.0,-56.21,,,2187.1,,,-100.0,22.0,67
21.809,GIRO,1,2,0,-111.57,180.0,-56.21,,,2192.9,,,-100.0,22.0,51
21.836,GIRO,1,2,0,-112.17,180.0,-55.61,276.3,,2196.1,,,-100.0,22.0,83
21.861,GIRO,1,2,0,-112.17,180.0,-55.61,265.3,,2197.8,1109.5,,-100.0,22.0,61
21.886,GIRO,1,2,0,-113.0,180.0,-54.78,259.2,,2198.8,1109.5,,-100.0,22.0,61
21.912,GIRO,1,2,0,-113.0,180.0,-54.78,391.4,,2199.3,1321.4,,-100.0,22.0,71
21.936,GIRO,1,2,0,-114.49,180.0,-53.29,,,2199.6,,,-100.0,22.0,86
21.961,GIRO,1,2,0,-114.49,180.0,-53.29,358.4,,2199.8,1321.4,,-100.0,22.0,59
21.986,GIRO,1,2,0,-115.28,180.0,-52.5,358.4,,2199.9,1321.4,,-100.0,22.0,59
22.013,GIRO,1,2,0,-115.28,180.0,-52.5,295.8,,2199.9,,,-100.0,22.0,73
22.037,GIRO,1,2,0,-115.28,180.0,-52.5,299.6,,2200.0,1321.4,,-100.0,22.0,72
22.062,GIRO,1,2,0,-116.74,180.0,-51.04,775.3,,2200.0,,,-100.0,22.0,70
22.087,GIRO,1,2,0,-116.74,180.0,-51.04,1036.9,,2200.0,,,-100.0,22.0,70
22.112,GIRO,1,2,0,-117.17,180.0,-50.61,888.2,,2200.0,1109.5,,-100.0,22.0,67
22.137,GIRO,1,2,0,-117.17,180.0,-50.61,647.5,,2200.0,,,-100.0,22.0,66
22.162,GIRO,1,2,0,-117.64,180.0,-50.14,,,2200.0,,,-100.0,22.0,77
22.187,GIRO,1,2,0,-117.64,180.0,-50.14,,,2200.0,,,-100.0,22.0,77
22.211,GIRO,1,2,0,-118.78,180.0,-49.0,422.4,,2200.0,,,-100.0,22.0,53
22.238,GIRO,1,2,0,-118.78,180.0,-49.0,418.1,,2200.0,,,-100.0,22.0,82
22.262,GIRO,1,2,0,-119.31,180.0,-48.47,651.0,,2200.0,,,-100.0,22.0,72
22.287,GIRO,1,2,0,-119.31,180.0,-48.47,779.1,,2200.0,,,-100.0,22.0,72
22.312,GIRO,1,2,0,-119.82,180.0,-47.96,577.8,,2200.0,1321.4,,-100.0,22.0,74
22.337,GIRO,1,2,0,-119.82,180.0,-47.96,497.1,,2200.0,,,-100.0,22.0,82
22.363,GIRO,1,2,0,-119.82,180.0,-47.96,441.1,,2200.0,,,-100.0,22.0,80
22.387,GIRO,1,2,0,-120.89,180.0,-46.89,410.3,,2200.0,,,-100.0,22.0,80
22.412,GIRO,1,2,0,-120.89,180.0,-46.89,444.3,,2200.0,,,-100.0,22.0,72
22.437,GIRO,1,2,0,-121.42,180.0,-46.36,512.2,,2200.0,,,-100.0,22.0,80
22.462,GIRO,1,2,0,-121.42,180.0,-46.36,387.5,,2200.0,,,-100.0,22.0,79
22.487,GIRO,1,2,0,-121.94,180.0,-45.84,319.0,,2200.0,,,-100.0,22.0,79
22.512,GIRO,1,2,0,-121.94,180.0,-45.84,417.4,,2200.0,,,-100.0,22.0,78
22.538,GIRO,1,2,0,-123.1,180.0,-44.68,369.5,,2200.0,957.2,,-100.0,22.0,75
22.564,GIRO,1,2,0,-123.1,180.0,-44.68,329.6,,2200.0,,,-100.0,22.0,78
22.588,GIRO,1,2,0,-123.61,180.0,-44.17,307.7,,2200.0,,,-100.0,22.0,78
22.613,GIRO,1,2,0,-123.61,180.0,-44.17,367.8,,2200.0,,,-100.0,22.0,68
22.638,GIRO,1,2,0,-124.08,180.0,-43.7,418.4,,2200.0,,,-100.0,22.0,77
22.662,GIRO,1,2,0,-124.08,180.0,-43.7,,,2200.0,,,-100.0,22.0,78
22.689,GIRO,1,2,0,-124.08,180.0,-43.7,,,2200.0,,,-100.0,22.0,78
22.713,GIRO,1,2,0,-125.11,180.0,-42.67,300.0,,2200.0,1636.4,,-100.0,22.0,72
22.738,GIRO,1,2,0,-125.11,180.0,-42.67,323.2,,2200.0,,,-100.0,22.0,77
22.763,GIRO,1,2,0,-125.63,180.0,-42.15,371.7,,2200.0,,,-100.0,22.0,78
22.79,GIRO,1,2,0,-125.63,180.0,-42.15,398.3,,2200.0,,,-100.0,22.0,78
22.813,GIRO,1,2,0,-126.56,180.0,-41.22,404.7,,2200.0,,,-98.9,22.0,76
22.838,GIRO,1,2,0,-126.56,180.0,-41.22,485.4,,2200.0,681.0,,-98.9,22.0,77
22.864,GIRO,1,2,0,-126.98,180.0,-40.8,397.0,,2200.0,925.6,,-97.9,22.0,83
22.889,GIRO,1,2,0,-126.98,180.0,-40.8,348.4,,2200.0,925.6,,-97.9,22.0,83
22.914,GIRO,1,2,0,-127.4,180.0,-40.38,436.0,,2200.0,806.4,,-96.9,22.0,68
22.938,GIRO,1,2,0,-127.4,180.0,-40.38,433.1,,2200.0,,,-96.9,22.0,57
22.963,GIRO,1,2,0,-128.09,180.0,-39.69,387.4,,2200.0,,,-95.3,22.0,57
22.989,GIRO,1,2,0,-128.09,180.0,-39.69,362.3,,2200.0,,,-95.3,22.0,57
23.015,GIRO,1,2,0,-128.09,180.0,-39.69,388.2,,2200.0,,,-95.3,22.0,73
23.039,GIRO,1,2,0,-128.4,180.0,-39.38,464.7,,2200.0,,,-94.5,22.0,80
23.064,GIRO,1,2,0,-128.4,180.0,-39.38,,,2200.0,,,-94.5,22.0,82
23.089,GIRO,1,2,0,-128.72,180.0,-39.06,,,2200.0,,,-93.7,22.0,82
23.115,GIRO,1,2,0,-128.72,180.0,-39.06,277.3,,2200.0,,,-93.7,22.0,71
23.14,GIRO,1,2,0,-129.37,180.0,-38.41,351.7,460.7,2200.0,752.9,903.3,-92.2,22.0,75
23.164,GIRO,1,2,0,-129.37,180.0,-38.41,324.5,,2200.0,806.4,,-92.2,22.0,73
23.19,GIRO,1,2,0,-129.72,180.0,-38.06,309.6,,2200.0,806.4,,-91.3,22.0,73
23.214,GIRO,1,2,0,-129.72,180.0,-38.06,295.8,,2200.0,,,-91.3,22.0,78
23.241,GIRO,1,2,0,-130.02,180.0,-37.76,399.8,,2200.0,,,-90.6,22.0,82
23.265,GIRO,1,2,0,-130.02,180.0,-37.76,429.8,,2200.0,,,-90.6,22.0,81
23.29,GIRO,1,2,0,-130.61,180.0,-37.17,446.3,,2200.0,,,-89.2,22.0,81
23.314,GIRO,1,2,0,-130.61,180.0,-37.17,,,2200.0,,,-89.2,22.0,77
23.34,GIRO,1,2,0,-130.61,180.0,-37.17,,,2200.0,,,-89.2,22.0,68
23.365,GIRO,1,2,0,-130.83,180.0,-36.95,481.5,,2200.0,622.1,,-88.7,22.0,89
23.39,GIRO,1,2,0,-130.83,180.0,-36.95,481.5,,2200.0,622.1,,-88.7,22.0,89
23.414,GIRO,1,2,0,-131.06,180.0,-36.72,,,2200.0,,,-88.1,22.0,58
23.44,GIRO,1,2,0,-131.06,180.0,-36.72,469.0,,2200.0,657.6,,-88.1,22.0,81
23.465,GIRO,1,2,0,-131.5,180.0,-36.28,464.5,,2200.0,763.0,,-87.1,22.0,64
23.491,GIRO,1,2,0,-131.5,180.0,-36.28,462.0,,2200.0,763.0,,-87.1,22.0,64
23.514,GIRO,1,2,0,-131.69,180.0,-36.09,,,2200.0,,,-86.6,22.0,58
23.54,GIRO,1,2,0,-131.69,180.0,-36.09,,,2200.0,,,-86.6,22.0,69
23.565,GIRO,1,2,0,-132.13,180.0,-35.65,377.1,,2200.0,,,-85.6,22.0,50
23.59,GIRO,1,2,0,-132.13,180.0,-35.65,377.1,,2200.0,,,-85.6,22.0,50
23.615,GIRO,1,2,0,-132.41,180.0,-35.37,440.2,,2200.0,752.9,,-84.9,22.0,69
23.64,GIRO,1,2,0,-132.41,180.0,-35.37,,,2200.0,,,-84.9,22.0,66
23.666,GIRO,1,2,0,-132.41,180.0,-35.37,413.1,,2200.0,752.9,,-84.9,22.0,70
23.691,GIRO,1,2,0,-132.66,180.0,-35.12,413.1,,2200.0,752.9,,-84.3,22.0,70
23.716,GIRO,1,2,0,-132.66,180.0,-35.12,404.9,,2200.0,,,-84.3,22.0,74
23.74,GIRO,1,2,0,-133.29,180.0,-34.49,423.9,,2200.0,689.2,,-82.8,22.0,70
23.765,GIRO,1,2,0,-133.29,180.0,-34.49,467.7,,2200.0,,,-82.8,22.0,57
23.791,GIRO,1,2,0,-133.63,180.0,-34.15,491.9,,2200.0,,,-82.0,22.0,57
23.815,GIRO,1,2,0,-133.63,180.0,-34.15,534.8,,2200.0,763.0,,-82.0,22.0,77
23.841,GIRO,1,2,0,-133.98,180.0,-33.8,369.4,,2200.0,957.2,,-81.1,22.0,81
23.866,GIRO,1,2,0,-133.98,180.0,-33.8,,,2200.0,,,-81.1,22.0,75
23.892,GIRO,1,2,0,-134.69,180.0,-33.09,,,2200.0,,,-79.4,22.0,75
23.916,GIRO,1,2,0,-134.69,180.0,-33.09,430.0,,2200.0,573.0,,-79.4,22.0,81
23.941,GIRO,1,2,0,-134.69,180.0,-33.09,467.4,,2200.0,,,-79.4,22.0,82
23.966,GIRO,1,2,0,-135.01,180.0,-32.77,466.4,,1589.1,531.3,,-78.6,22.0,76
23.992,GIRO,1,2,0,-135.01,180.0,-32.77,465.9,,1253.1,531.3,,-78.6,22.0,76
24.016,GIRO,1,2,0,-135.61,180.0,-32.17,441.3,,1679.2,573.0,,-77.2,22.0,80
24.041,GIRO,1,2,0,-135.61,180.0,-32.17,428.6,,1913.6,,,-77.2,22.0,69
24.066,GIRO,1,2,0,-135.91,180.0,-31.87,464.1,,2042.5,689.2,,-76.5,22.0,72
24.091,GIRO,1,2,0,-135.91,180.0,-31.87,483.7,,2113.4,689.2,,-76.5,22.0,72
24.117,GIRO,1,2,0,-136.2,180.0,-31.58,467.7,1140.7,2152.3,650.2,1588.7,-75.8,22.0,92
24.141,GIRO,1,2,0,-136.2,180.0,-31.58,340.8,,2173.8,842.5,,-75.8,22.0,58
24.166,GIRO,1,2,0,-136.54,180.0,-31.24,,,2185.6,,,-75.0,22.0,54
24.193,GIRO,1,2,0,-136.54,180.0,-31.24,477.9,291.3,2192.1,681.0,769.1,-75.0,22.0,90
24.219,GIRO,1,2,0,-136.54,180.0,-31.24,477.9,291.3,2195.6,681.0,769.1,-75.0,22.0,90
24.241,GIRO,1,2,0,-136.72,180.0,-31.06,473.2,,2197.6,681.0,,-74.5,22.0,71
24.267,GIRO,1,2,0,-136.72,180.0,-31.06,401.7,,2198.7,,,-74.5,22.0,84
24.292,GIRO,1,2,0,-136.97,180.0,-30.81,426.3,,2199.3,,,-73.9,22.0,71
24.317,GIRO,1,2,0,-136.97,180.0,-30.81,439.9,,2199.6,,,-73.9,22.0,71
24.342,GIRO,1,2,0,-137.55,180.0,-30.23,451.3,,2199.8,,,-72.6,22.0,83
24.367,GIRO,1,2,0,-137.55,180.0,-30.23,478.5,,2199.9,622.1,,-72.6,22.0,67
24.392,GIRO,1,2,0,-137.93,180.0,-29.85,350.9,,2199.9,795.1,,-71.6,22.0,75
24.417,GIRO,1,2,0,-137.93,180.0,-29.85,280.8,,2200.0,795.1,,-71.6,22.0,75
24.443,GIRO,1,2,0,-138.31,180.0,-29.47,247.5,,2200.0,957.2,,-70.7,22.0,75
24.467,GIRO,1,2,0,-138.31,180.0,-29.47,303.7,,2200.0,,,-70.7,22.0,74
24.493,GIRO,1,2,0,-139.09,180.0,-28.69,180.0,,2200.0,,,-68.9,22.1,80
24.517,GIRO,1,2,0,-139.09,180.0,-28.69,112.0,,2200.0,,,-68.9,22.1,80
24.544,GIRO,1,2,0,-139.09,180.0,-28.69,265.8,268.0,2200.0,,721.9,-68.9,22.1,104
24.567,GIRO,1,2,0,-139.5,180.0,-28.28,303.4,,2200.0,628.9,,-67.9,22.2,59
24.593,GIRO,1,2,0,-139.5,180.0,-28.28,252.4,,2200.0,773.4,,-67.9,22.2,59
24.617,GIRO,1,2,0,-140.22,180.0,-27.56,224.4,,2200.0,773.4,,-66.1,22.5,59
24.642,GIRO,1,2,0,-140.22,180.0,-27.56,319.8,,2200.0,622.1,,-66.1,22.5,71
24.668,GIRO,1,2,0,-140.65,180.0,-27.13,,,2200.0,,,-65.1,22.6,78
24.694,GIRO,1,2,0,-140.65,180.0,-27.13,103.8,1139.5,2200.0,,1243.3,-65.1,22.6,87
24.719,GIRO,1,2,0,-141.05,180.0,-26.73,103.8,1139.5,2200.0,,1243.3,-64.2,22.8,87
24.743,GIRO,1,2,0,-141.05,180.0,-26.73,,,2200.0,,,-64.2,22.8,73
24.769,GIRO,1,2,0,-142.36,180.0,-25.42,235.3,478.8,2200.0,,714.1,-61.0,23.2,83
24.793,GIRO,1,2,0,-142.36,180.0,-25.42,,,2200.0,,,-61.0,23.2,60
24.818,GIRO,1,2,0,-142.93,180.0,-24.85,,,2200.0,,,-59.6,23.4,60
24.844,GIRO,1,2,0,-142.93,180.0,-24.85,224.4,698.2,2200.0,836.2,922.7,-59.6,23.4,63
24.87,GIRO,1,2,0,-142.93,180.0,-24.85,831.9,595.6,2200.0,,2044.5,-59.6,23.4,65
24.895,GIRO,1,2,0,-143.22,180.0,-24.56,536.9,548.7,2200.0,,667.8,-58.9,23.5,70
24.919,GIRO,1,2,0,-143.22,180.0,-24.56,374.7,523.0,2200.0,,667.8,-58.9,23.5,70
24.944,GIRO,1,2,0,-144.39,180.0,-23.39,297.4,535.6,2200.0,681.0,754.1,-56.1,23.9,60
24.969,GIRO,1,2,0,-144.39,180.0,-23.39,248.1,556.9,2200.0,,770.5,-56.1,23.9,54
24.994,GIRO,1,2,0,-144.95,180.0,-22.83,292.6,,2200.0,464.5,,-54.8,24.1,71
25.019,GIRO,1,2,0,-144.95,180.0,-22.83,317.0,,2200.0,464.5,,-54.8,24.1,71
25.045,GIRO,1,2,0,-145.35,180.0,-22.43,,304.5,2200.0,,,-53.8,24.2,94
25.07,GIRO,1,2,0,-145.35,180.0,-22.43,371.5,417.2,2200.0,468.1,926.3,-53.8,24.2,94
25.094,GIRO,1,2,0,-146.48,180.0,-21.3,,467.8,2200.0,,,-51.1,24.6,71
25.119,GIRO,1,2,0,-146.48,180.0,-21.3,,495.6,2200.0,,,-51.1,24.6,71
25.144,GIRO,1,2,0,-146.48,180.0,-21.3,232.9,,2200.0,669.1,,-51.1,24.6,76
25.169,GIRO,1,2,0,-147.09,180.0,-20.69,,,2200.0,,,-49.7,24.8,80
25.194,GIRO,1,2,0,-147.09,180.0,-20.69,,328.1,2200.0,,,-49.7,24.8,48
25.219,GIRO,1,2,0,-148.14,180.0,-19.64,,328.1,2200.0,,,-47.1,25.2,48
25.245,GIRO,1,2,0,-148.14,180.0,-19.64,282.4,339.6,2200.0,1353.9,636.1,-47.1,25.2,65
25.269,GIRO,1,2,0,-148.71,180.0,-19.07,,,2200.0,,,-45.8,25.4,42
25.295,GIRO,1,2,0,-148.71,180.0,-19.07,,663.2,2200.0,,,-45.8,25.4,80
25.32,GIRO,1,2,0,-149.03,180.0,-18.75,,663.2,2200.0,,,-45.0,25.5,80
25.345,GIRO,1,2,0,-149.03,180.0,-18.75,277.3,674.3,2200.0,464.5,965.2,-45.0,25.5,76
25.37,GIRO,1,2,0,-149.54,180.0,-18.24,290.3,,2200.0,,,-43.8,25.7,67
25.396,GIRO,1,2,0,-149.54,180.0,-18.24,232.7,438.1,1449.1,681.0,600.4,-43.8,25.7,85
25.421,GIRO,1,2,0,-149.69,180.0,-18.09,201.0,438.1,1036.1,681.0,600.4,-43.4,25.7,85
25.446,GIRO,1,2,0,-149.69,180.0,-18.09,183.6,438.1,808.9,681.0,600.4,-43.4,25.7,85
25.469,GIRO,1,2,0,-149.69,180.0,-18.09,,367.7,1434.9,,,-43.4,25.7,68
25.495,GIRO,1,2,0,-149.81,180.0,-17.97,,329.0,1779.2,,,-43.1,25.8,68
25.52,GIRO,1,2,0,-149.81,180.0,-17.97,,226.5,1331.4,,,-43.1,25.8,71
25.546,GIRO,1,2,0,-150.22,180.0,-17.56,,170.1,1085.1,,,-42.1,25.9,71
25.57,GIRO,1,2,0,-150.22,180.0,-17.56,,139.1,949.6,,,-42.1,25.9,71
25.595,GIRO,1,2,0,-150.44,180.0,-17.34,,316.8,861.1,,,-41.6,26.0,67
25.621,GIRO,1,2,0,-150.44,180.0,-17.34,,414.5,812.4,,,-41.6,26.0,67
25.647,GIRO,1,2,0,-150.8,180.0,-16.98,,468.3,785.6,,,-40.8,26.1,67
25.673,GIRO,1,2,0,-150.8,180.0,-16.98,307.1,,753.9,,,-40.8,26.1,173
25.698,GIRO,1,2,0,-151.77,180.0,-16.01,307.1,,736.4,,,-38.4,26.5,173
25.722,GIRO,1,2,0,-151.77,180.0,-16.01,208.9,541.5,487.3,,630.3,-38.4,26.5,197
25.747,GIRO,1,2,0,-152.18,180.0,-15.6,154.8,541.5,350.2,,630.3,-37.4,26.6,197
25.773,GIRO,1,2,0,-152.18,180.0,-15.6,125.1,541.5,274.9,,630.3,-37.4,26.6,197
25.797,GIRO,1,2,0,-152.18,180.0,-15.6,127.5,,233.4,,,-37.4,26.6,191
25.822,GIRO,1,2,0,-153.19,180.0,-14.59,128.8,,210.6,,,-35.0,27.0,191
25.847,GIRO,1,2,0,-153.19,180.0,-14.59,129.6,,198.1,,,-35.0,27.0,191
25.874,SIGUE_MURO,1,2,0,-153.72,180.0,-40.06,110.2,542.4,191.6,,628.9,-45.5,25.4,208
25.897,SIGUE_MURO,1,2,0,-153.72,180.0,-39.98,99.5,542.4,188.0,,628.9,-56.1,23.9,208
25.923,SIGUE_MURO,1,2,0,-154.09,180.0,-39.54,96.3,497.6,185.6,,535.2,-66.6,22.4,210
25.948,SIGUE_MURO,1,2,0,-154.09,180.0,-39.46,94.5,473.0,184.3,,535.2,-77.1,22.0,210
25.973,SIGUE_MURO,1,2,0,-155.01,180.0,-38.47,93.5,459.4,183.6,,535.2,-87.6,22.0,210
25.998,SIGUE_MURO,1,2,0,-155.01,180.0,-38.47,116.4,,183.2,,,-92.3,22.0,211
26.023,SIGUE_MURO,1,2,0,-155.32,180.0,-38.16,129.0,,183.0,,,-91.6,22.0,211
26.048,SIGUE_MURO,1,2,0,-155.32,180.0,-38.16,136.0,,182.9,,,-91.6,22.0,211
26.072,SIGUE_MURO,1,2,0,-155.59,180.0,-11.89,,,182.8,,,-81.1,22.0,208
26.098,SIGUE_MURO,1,2,0,-155.59,180.0,-11.89,,,182.8,,,-70.5,22.0,208
26.122,SIGUE_MURO,1,2,0,-155.59,180.0,-11.89,,,182.8,,,-60.0,23.4,206
26.147,SIGUE_MURO,1,2,0,-156.48,180.0,-11.0,,,182.7,,,-49.5,24.9,206
26.172,SIGUE_MURO,1,2,0,-156.48,180.0,-11.0,,,182.7,,,-39.0,26.4,206
26.199,SIGUE_MURO,1,2,0,-156.89,180.0,-10.59,,487.3,182.7,,,-28.4,27.9,203
26.222,SIGUE_MURO,1,2,0,-156.89,180.0,-10.59,,487.3,182.7,,,-25.4,28.3,203
26.247,SIGUE_MURO,1,2,0,-157.39,180.0,-10.09,,487.3,182.7,,,-24.2,28.5,203
26.272,SIGUE_MURO,1,2,0,-157.39,180.0,-10.09,,,182.7,,,-24.2,28.5,197
26.297,SIGUE_MURO,1,2,0,-158.42,180.0,-9.06,,,182.7,,,-21.7,28.9,197
26.324,SIGUE_MURO,1,2,0,-158.42,180.0,-9.06,,342.2,182.7,,,-21.7,28.9,191
26.348,SIGUE_MURO,1,2,0,-158.44,180.0,-9.04,,342.2,182.7,,,-21.7,28.9,191
26.373,SIGUE_MURO,1,2,0,-158.44,180.0,-9.04,,342.2,182.7,,,-21.7,28.9,191
26.399,SIGUE_MURO,1,2,0,-158.61,180.0,-34.87,25.4,,182.7,,,-32.2,27.4,200
26.424,SIGUE_MURO,1,2,0,-158.61,180.0,-34.87,25.4,,182.7,,,-42.7,25.8,200
26.449,SIGUE_MURO,1,2,0,-158.61,180.0,-34.87,25.4,,182.7,,,-53.3,24.3,200
26.474,SIGUE_MURO,1,2,0,-158.83,180.0,-3.73,,198.0,182.7,,,-42.7,25.8,198
26.499,SIGUE_MURO,1,2,0,-158.83,180.0,-3.73,,198.0,182.7,,,-32.2,27.4,198
26.524,SIGUE_MURO,1,2,0,-158.94,180.0,3.13,94.8,128.8,182.7,,138.9,-21.7,28.9,200
26.55,SIGUE_MURO,1,2,0,-158.94,180.0,11.73,94.8,90.7,182.7,,138.9,-11.2,30.4,200
26.574,SIGUE_MURO,1,2,0,-159.1,180.0,16.66,94.8,69.8,182.7,,138.9,-0.6,31.9,200
26.599,SIGUE_MURO,1,2,0,-159.1,180.0,-34.08,66.3,,182.7,,,-11.2,30.4,195
26.624,SIGUE_MURO,1,2,0,-159.17,180.0,-33.93,50.6,,182.7,,,-21.7,28.9,195
26.65,SIGUE_MURO,1,2,0,-159.17,180.0,-33.86,42.0,,182.7,,,-32.2,27.4,195
26.674,SIGUE_MURO,1,2,0,-159.3,180.0,14.3,38.1,42.1,182.7,,75.4,-21.7,28.9,194
26.699,SIGUE_MURO,1,2,0,-159.3,180.0,14.03,35.9,42.1,182.7,,75.4,-11.2,30.4,194
26.724,SIGUE_MURO,1,2,0,-159.54,180.0,2.39,,176.6,182.7,,,-0.7,31.9,192
26.749,SIGUE_MURO,1,2,0,-159.54,180.0,-7.34,,250.6,182.7,,,-11.2,30.4,192
26.774,SIGUE_MURO,1,2,0,-159.54,180.0,-7.34,,291.2,182.7,,,-17.6,29.5,192
26.799,SIGUE_MURO,1,2,0,-159.48,180.0,-7.4,,,182.7,,,-17.8,29.4,198
26.824,SIGUE_MURO,1,2,0,-159.48,180.0,-7.4,,,182.7,,,-17.8,29.4,198
26.849,SIGUE_MURO,1,2,0,-159.48,180.0,-7.4,,,182.7,,,-17.8,29.4,198
26.876,SIGUE_MURO,1,2,0,-159.48,180.0,-3.37,32.7,65.7,182.7,424.9,98.4,-8.1,30.8,185
26.899,SIGUE_MURO,1,2,0,-159.41,180.0,-3.37,32.7,65.7,182.7,424.9,98.4,-8.1,30.8,185
26.925,SIGUE_MURO,1,2,0,-159.41,180.0,-21.02,33.3,191.5,182.7,,379.4,-18.6,29.3,186
26.95,SIGUE_MURO,1,2,0,-159.37,180.0,-27.31,33.7,260.7,182.7,,379.4,-29.1,27.8,186
26.976,SIGUE_MURO,1,2,0,-159.37,180.0,-27.21,33.9,298.7,182.7,,379.4,-39.7,26.3,186
27.0,SIGUE_MURO,1,2,0,-159.28,180.0,-9.89,33.9,186.1,182.7,389.4,82.3,-29.1,27.8,178
27.025,SIGUE_MURO,1,2,0,-159.28,180.0,-6.34,33.9,124.1,182.7,389.4,82.3,-18.6,29.3,178
27.05,SIGUE_MURO,1,2,0,-159.33,180.0,-4.31,33.9,90.0,182.7,389.4,82.3,-10.3,30.5,178
27.075,SIGUE_MURO,1,2,0,-159.33,180.0,-9.44,31.6,181.3,182.7,546.1,321.6,-20.9,29.0,185
27.1,SIGUE_MURO,1,2,0,-159.33,180.0,-11.58,30.3,231.5,182.7,546.1,321.6,-27.8,28.0,185
27.125,SIGUE_MURO,1,2,0,-159.31,180.0,-7.4,30.9,146.7,182.7,405.0,74.6,-17.8,29.4,183
27.15,SIGUE_MURO,1,2,0,-159.31,180.0,-4.7,31.2,100.0,182.7,405.0,74.6,-11.3,30.4,183
27.175,SIGUE_MURO,1,2,0,-159.37,180.0,-3.12,31.4,74.4,182.7,405.0,74.6,-7.5,30.9,183
27.2,SIGUE_MURO,1,2,0,-159.37,180.0,-2.45,31.2,63.7,182.7,427.9,81.6,-5.9,31.2,184
27.225,SIGUE_MURO,1,2,0,-159.42,180.0,-2.01,31.0,57.8,182.7,427.9,81.6,-4.8,31.3,184
27.25,SIGUE_MURO,1,2,0,-159.42,180.0,-1.75,31.0,54.6,182.7,427.9,81.6,-4.2,31.4,184
27.275,SIGUE_MURO,1,2,0,-159.4,180.0,-1.18,31.1,45.5,182.7,427.9,65.6,-2.8,31.6,184
27.302,SIGUE_MURO,1,2,0,-159.4,180.0,-0.82,31.2,40.5,182.7,427.9,65.6,-2.0,31.7,184
27.325,SIGUE_MURO,1,2,0,-159.45,180.0,-16.4,31.7,,182.7,424.9,,-12.5,30.2,175
27.35,SIGUE_MURO,1,2,0,-159.45,180.0,-16.32,32.1,,182.7,424.9,,-23.0,28.7,175
27.375,SIGUE_MURO,1,2,0,-159.28,180.0,-16.42,32.2,,182.7,424.9,,-33.6,27.2,175
27.401,SIGUE_MURO,1,2,0,-159.28,180.0,0.48,31.8,20.9,182.7,440.5,52.3,-23.0,28.7,181
27.427,SIGUE_MURO,1,2,0,-159.31,180.0,0.57,31.6,20.9,182.7,440.5,52.3,-12.5,30.2,181
27.452,SIGUE_MURO,1,2,0,-159.31,180.0,0.64,31.5,20.9,182.7,440.5,52.3,-2.0,31.7,181
27.476,GIRO,1,3,0,-159.31,270.0,84.31,31.5,29.7,182.7,508.3,71.9,8.5,30.8,183
27.501,GIRO,1,3,0,-159.12,270.0,84.12,31.5,34.5,182.7,508.3,71.9,19.1,29.3,183
27.526,GIRO,1,3,0,-159.12,270.0,84.12,32.0,,182.7,,,29.6,27.7,181
27.55,GIRO,1,3,0,-158.94,270.0,83.94,32.4,,182.7,,,40.1,26.2,181
27.575,GIRO,1,3,0,-158.94,270.0,83.94,32.5,,182.7,,,50.6,24.7,181
27.602,GIRO,1,3,0,-159.04,270.0,84.04,34.3,36.2,182.7,,72.8,61.2,23.2,177
27.627,GIRO,1,3,0,-159.04,270.0,84.04,35.3,36.2,182.7,,72.8,71.7,22.0,177
27.652,GIRO,1,3,0,-159.08,270.0,84.08,35.9,36.2,182.7,,72.8,82.2,22.0,177
27.677,GIRO,1,3,0,-159.08,270.0,84.08,36.1,29.8,182.7,,58.2,92.7,22.0,177
27.702,GIRO,1,3,0,-159.02,270.0,84.02,36.2,26.2,182.7,,58.2,100.0,22.0,177
27.727,GIRO,1,3,0,-159.02,270.0,84.02,35.8,,182.7,,,100.0,22.0,178
27.752,GIRO,1,3,0,-159.02,270.0,84.02,35.6,,182.7,,,100.0,22.0,178
27.777,GIRO,1,3,0,-158.86,270.0,83.86,35.5,,182.7,,,100.0,22.0,178
27.802,GIRO,1,3,0,-158.86,270.0,83.86,60.9,30.4,182.7,,122.4,100.0,22.0,171
27.827,GIRO,1,3,0,-158.01,270.0,83.01,74.9,30.4,182.7,,122.4,100.0,22.0,171
27.853,GIRO,1,3,0,-158.01,270.0,83.01,82.6,30.4,182.7,,122.4,100.0,22.0,171
27.876,GIRO,1,3,0,-157.14,270.0,82.14,,30.3,182.7,,,100.0,22.0,175
27.901,GIRO,1,3,0,-157.14,270.0,82.14,,30.2,182.7,,,100.0,22.0,175
27.927,GIRO,1,3,0,-156.22,270.0,81.22,128.5,25.9,236.6,,149.2,100.0,22.0,176
27.953,GIRO,1,3,0,-156.22,270.0,81.22,128.5,23.6,266.2,,149.2,100.0,22.0,176
27.979,GIRO,1,3,0,-154.14,270.0,79.14,128.5,22.3,282.5,,149.2,100.0,22.0,176
28.003,GIRO,1,3,0,-154.14,270.0,79.14,132.3,,289.6,,,100.0,22.0,179
28.028,GIRO,1,3,0,-153.34,270.0,78.34,134.4,,293.4,,,100.0,22.0,179
28.053,GIRO,1,3,0,-153.34,270.0,78.34,135.6,,295.6,,,100.0,22.0,179
28.077,GIRO,1,3,0,-153.34,270.0,78.34,136.3,,296.7,,,100.0,22.0,177
28.102,GIRO,1,3,0,-152.45,270.0,77.45,136.8,,297.4,,,100.0,22.0,177
28.128,GIRO,1,3,0,-152.45,270.0,77.45,128.0,32.1,320.0,,149.5,100.0,22.0,176
28.154,GIRO,1,3,0,-152.5,270.0,77.5,123.2,32.1,332.4,,149.5,100.0,22.0,176
28.18,GIRO,1,3,0,-152.5,270.0,77.5,120.6,32.1,339.2,,149.5,100.0,22.0,176
28.204,GIRO,1,3,0,-152.48,270.0,77.48,89.3,30.7,269.7,,80.0,100.0,22.0,173
28.229,GIRO,1,3,0,-152.48,270.0,77.48,72.1,29.9,231.4,,80.0,100.0,22.0,173
28.254,GIRO,1,3,0,-152.44,270.0,77.44,62.6,29.5,210.3,,80.0,100.0,22.0,173
28.279,GIRO,1,3,0,-152.44,270.0,77.44,87.9,85.6,255.8,,272.9,100.0,22.0,165
28.305,GIRO,1,3,0,-152.43,270.0,77.43,101.8,116.4,280.8,,272.9,100.0,22.0,165
28.329,GIRO,1,3,0,-152.43,270.0,77.43,99.4,75.7,236.7,,122.3,100.0,22.0,157
28.354,GIRO,1,3,0,-152.43,270.0,77.43,98.1,53.2,212.4,,122.3,100.0,22.0,157
28.379,GIRO,1,3,0,-152.43,270.0,77.43,97.3,40.9,199.0,,122.3,100.0,22.0,157
28.404,GIRO,1,3,0,-152.43,270.0,77.43,100.3,,191.7,,,100.0,22.0,155
28.43,GIRO,1,3,0,-152.43,270.0,77.43,101.9,,187.7,,,100.0,22.0,155
28.455,GIRO,1,3,0,-152.43,270.0,77.43,102.8,,243.3,,,100.0,22.0,150
28.48,GIRO,1,3,0,-152.43,270.0,77.43,103.3,,273.9,,,100.0,22.0,150
28.505,GIRO,1,3,0,-152.43,270.0,77.43,103.6,,290.7,,,100.0,22.0,150
28.53,GIRO,1,3,0,-152.43,270.0,77.43,111.3,,242.1,,,100.0,22.0,148
28.555,GIRO,1,3,0,-152.43,270.0,77.43,115.6,,215.4,,,100.0,22.0,148
28.58,GIRO,1,3,0,-152.4,270.0,77.4,118.0,,200.7,,,100.0,22.0,148
28.605,GIRO,1,3,0,-152.4,270.0,77.4,109.8,51.5,193.0,,151.4,100.0,22.0,157
28.63,GIRO,1,3,0,-152.4,270.0,77.4,105.4,51.5,188.8,,151.4,100.0,22.0,157
28.655,GIRO,1,3,0,-152.4,270.0,77.4,98.9,,186.1,,,100.0,22.0,158
28.68,GIRO,1,3,0,-152.4,270.0,77.4,95.4,,184.6,,,100.0,22.0,158
28.705,GIRO,1,3,0,-152.4,270.0,77.4,93.4,,183.7,,,100.0,22.0,158
28.731,GIRO,1,3,0,-152.4,270.0,77.4,118.7,123.3,239.8,,272.8,100.0,22.0,147
28.755,GIRO,1,3,0,-152.4,270.0,77.4,132.6,123.3,270.6,,272.8,100.0,22.0,147
28.78,GIRO,1,3,0,-152.4,270.0,77.4,140.2,123.3,287.6,,272.8,100.0,22.0,147
28.806,GIRO,1,3,0,-152.4,270.0,77.4,128.2,,240.4,369.4,,100.0,22.0,149
28.832,GIRO,1,3,0,-152.4,270.0,77.4,121.6,,214.4,369.4,,100.0,22.0,149
28.855,GIRO,1,3,0,-152.4,270.0,77.4,96.7,,200.2,,,100.0,22.0,135
28.88,GIRO,1,3,0,-152.4,270.0,77.4,83.0,,192.3,,,100.0,22.0,135
28.906,GIRO,1,3,0,-152.38,270.0,77.38,75.4,,188.0,,,100.0,22.0,135
28.931,GIRO,1,3,0,-152.38,270.0,77.38,72.7,,185.6,,,100.0,22.0,131
28.956,GIRO,1,3,0,-152.38,270.0,77.38,71.3,,184.3,,,100.0,22.0,131
28.981,GIRO,1,3,0,-152.38,270.0,77.38,70.5,,183.6,,,100.0,22.0,131
29.005,GIRO,1,3,0,-152.4,270.0,77.4,,,183.2,,,100.0,22.0,137
29.03,GIRO,1,3,0,-152.4,270.0,77.4,,,183.0,,,100.0,22.0,137
29.056,GIRO,1,3,0,-152.4,270.0,77.4,64.8,137.0,182.9,,201.8,100.0,22.0,140
29.081,GIRO,1,3,0,-152.42,270.0,77.42,64.8,137.0,182.8,,201.8,100.0,22.0,140
29.106,GIRO,1,3,0,-152.42,270.0,77.42,64.8,137.0,182.8,,201.8,100.0,22.0,140
29.131,GIRO,1,3,0,-152.42,270.0,77.42,82.1,,182.8,,,100.0,22.0,163
29.156,GIRO,1,3,0,-152.42,270.0,77.42,91.7,,182.7,,,100.0,22.0,163
29.183,GIRO,1,3,0,-152.41,270.0,77.41,96.9,,182.7,,,100.0,22.0,163
29.207,GIRO,1,3,0,-152.41,270.0,77.41,87.4,545.2,182.7,,621.0,100.0,22.0,148
29.232,GIRO,1,3,0,-152.41,270.0,77.41,82.2,545.2,182.7,,621.0,100.0,22.0,148
29.257,GIRO,1,3,0,-152.41,270.0,77.41,90.3,,182.7,,,100.0,22.0,154
29.282,GIRO,1,3,0,-152.33,270.0,77.33,94.8,,182.7,,,100.0,22.0,154
29.307,GIRO,1,3,0,-152.33,270.0,77.33,97.3,,182.7,,,100.0,22.0,154
29.332,GIRO,1,3,0,-152.21,270.0,77.21,97.7,,182.7,397.0,,100.0,22.0,141
29.357,GIRO,1,3,0,-152.21,270.0,77.21,97.9,,182.7,397.0,,100.0,22.0,141
29.382,GIRO,1,3,0,-152.21,270.0,77.21,98.1,,182.7,397.0,,100.0,22.0,141
29.408,GIRO,1,3,0,-152.21,270.0,77.21,90.5,,182.7,,,100.0,22.0,132
29.432,GIRO,1,3,0,-152.21,270.0,77.21,86.4,,182.7,,,100.0,22.0,132
29.457,GIRO,1,3,0,-152.19,270.0,77.19,90.8,343.2,182.7,399.6,439.4,100.0,22.0,138
29.482,GIRO,1,3,0,-152.19,270.0,77.19,93.3,343.2,182.7,399.6,439.4,100.0,22.0,138
29.508,GIRO,1,3,0,-152.16,270.0,77.16,94.6,343.2,182.7,399.6,439.4,100.0,22.0,138
29.532,GIRO,1,3,0,-152.16,270.0,77.16,100.8,365.5,182.7,,501.0,100.0,22.0,143
29.557,GIRO,1,3,0,-152.16,270.0,77.16,104.2,377.7,182.7,,501.0,100.0,22.0,143
29.583,GIRO,1,3,0,-152.16,270.0,77.16,106.0,384.5,182.7,,501.0,100.0,22.0,143
29.608,GIRO,1,3,0,-152.09,270.0,77.09,125.8,304.7,239.9,,357.1,100.0,22.0,138
29.632,GIRO,1,3,0,-152.09,270.0,77.09,136.7,260.8,271.4,,357.1,100.0,22.0,138
29.657,GIRO,1,3,0,-152.09,270.0,77.09,106.2,,231.5,,,100.0,22.0,131
29.682,GIRO,1,3,0,-152.09,270.0,77.09,89.4,,209.5,,,100.0,22.0,131
29.708,GIRO,1,3,0,-152.09,270.0,77.09,80.1,,197.5,,,100.0,22.0,131
29.733,GIRO,1,3,0,-152.13,270.0,77.13,86.2,272.0,190.8,,365.6,100.0,22.0,128
29.758,GIRO,1,3,0,-152.13,270.0,77.13,89.5,272.0,187.2,,365.6,100.0,22.0,128
29.783,GIRO,1,3,0,-152.15,270.0,77.15,91.4,272.0,185.2,,365.6,100.0,22.0,128
29.808,GIRO,1,3,0,-152.15,270.0,77.15,90.2,166.5,184.1,419.0,126.4,100.0,22.0,134
29.834,GIRO,1,3,0,-152.15,270.0,77.15,89.6,108.5,183.5,419.0,126.4,100.0,22.0,134
29.858,GIRO,1,3,0,-152.15,270.0,77.15,80.3,226.1,183.1,504.0,438.8,100.0,22.0,132
29.883,GIRO,1,3,0,-152.15,270.0,77.15,75.1,290.8,183.0,504.0,438.8,100.0,22.0,132
29.908,GIRO,1,3,0,-152.15,270.0,77.15,72.3,326.4,182.9,504.0,438.8,100.0,22.0,132
29.933,GIRO,1,3,0,-152.15,270.0,77.15,78.8,324.9,182.8,,409.6,100.0,22.0,129
29.959,GIRO,1,3,0,-152.15,270.0,77.15,82.3,324.0,182.8,,409.6,100.0,22.0,129
29.984,GIRO,1,3,0,-152.15,270.0,77.15,84.3,323.5,182.8,,409.6,100.0,22.0,129
30.008,GIRO,1,3,0,-152.15,270.0,77.15,82.1,267.3,182.7,,277.9,100.0,22.0,135
30.034,GIRO,1,3,0,-152.15,270.0,77.15,80.9,236.3,182.7,,277.9,100.0,22.0,135
30.059,GIRO,1,3,0,-152.15,270.0,77.15,85.1,,182.7,,,100.0,22.0,137
30.083,GIRO,1,3,0,-152.15,270.0,77.15,87.4,,182.7,,,100.0,22.0,137
30.108,GIRO,1,3,0,-152.15,270.0,77.15,88.6,,182.7,,,100.0,22.0,137
30.134,GIRO,1,3,0,-152.15,270.0,77.15,77.3,,182.7,,,100.0,22.0,134
30.16,GIRO,1,3,0,-152.18,270.0,77.18,71.1,,182.7,,,100.0,22.0,134
30.184,GIRO,1,3,0,-152.18,270.0,77.18,67.7,,182.7,,,100.0,22.0,134
30.209,GIRO,1,3,0,-152.2,270.0,77.2,70.3,247.9,182.7,,321.3,100.0,22.0,133
30.234,GIRO,1,3,0,-152.2,270.0,77.2,71.7,247.9,182.7,,321.3,100.0,22.0,133
30.259,GIRO,1,3,0,-152.2,270.0,77.2,92.5,399.1,182.7,329.2,701.9,100.0,22.0,130
30.285,GIRO,1,3,0,-152.2,270.0,77.2,104.0,482.3,182.7,329.2,701.9,100.0,22.0,130
30.309,GIRO,1,3,0,-152.2,270.0,77.2,110.3,528.0,182.7,329.2,701.9,100.0,22.0,130
30.334,GIRO,1,3,0,-152.2,270.0,77.2,115.4,,182.7,,,100.0,22.0,131
30.359,GIRO,1,3,0,-152.2,270.0,77.2,118.3,,182.7,,,100.0,22.0,131
30.385,GIRO,1,3,0,-152.2,270.0,77.2,119.8,,182.7,,,100.0,22.0,131
30.409,GIRO,1,3,0,-152.2,270.0,77.2,103.9,281.0,182.7,,365.5,100.0,22.0,132
30.435,GIRO,1,3,0,-152.23,270.0,77.23,95.2,281.0,182.7,,365.5,100.0,22.0,132
30.46,GIRO,1,3,0,-152.23,270.0,77.23,84.4,,182.7,,,100.0,22.0,128
30.485,GIRO,1,3,0,-152.23,270.0,77.23,78.5,,182.7,,,100.0,22.0,128
30.511,GIRO,1,3,0,-152.23,270.0,77.23,75.2,,182.7,,,100.0,22.0,128
30.534,GIRO,1,3,0,-152.23,270.0,77.23,77.5,286.4,182.7,475.6,366.8,100.0,22.0,131
30.559,GIRO,1,3,0,-152.23,270.0,77.23,78.8,286.4,182.7,475.6,366.8,100.0,22.0,131
30.585,GIRO,1,3,0,-152.09,270.0,77.09,79.5,286.4,182.7,475.6,366.8,100.0,22.0,131
30.61,GIRO,1,3,0,-152.09,270.0,77.09,82.3,271.1,182.7,,337.9,100.0,22.0,133
30.635,GIRO,1,3,0,-152.09,270.0,77.09,83.8,262.6,182.7,,337.9,100.0,22.0,133
30.66,GIRO,1,3,0,-152.09,270.0,77.09,74.6,,182.7,,,100.0,22.0,137
30.685,GIRO,1,3,0,-152.09,270.0,77.09,69.5,,182.7,,,100.0,22.0,137
30.711,GIRO,1,3,0,-152.08,270.0,77.08,66.7,,182.7,,,100.0,22.0,137
30.737,GIRO,1,3,0,-152.08,270.0,77.08,81.3,183.6,182.7,424.9,282.7,100.0,22.0,136
30.762,GIRO,1,3,0,-152.09,270.0,77.09,89.3,183.6,182.7,424.9,282.7,100.0,22.0,136
30.787,GIRO,1,3,0,-152.09,270.0,77.09,93.7,183.6,182.7,424.9,282.7,100.0,22.0,136
30.812,GIRO,1,3,0,-152.07,270.0,77.07,105.0,228.6,182.7,365.0,402.2,100.0,22.0,140
30.836,GIRO,1,3,0,-152.07,270.0,77.07,111.2,253.3,182.7,365.0,402.2,100.0,22.0,140
30.861,GIRO,1,3,0,-152.09,270.0,77.09,91.6,,182.7,,,100.0,22.0,141
30.886,GIRO,1,3,0,-152.09,270.0,77.09,80.8,,182.7,,,100.0,22.0,141
30.911,GIRO,1,3,0,-152.0,270.0,77.0,74.9,,182.7,,,100.0,22.0,141
30.936,GIRO,1,3,0,-152.0,270.0,77.0,82.2,,182.7,,,100.0,22.0,133
30.961,GIRO,1,3,0,-152.0,270.0,77.0,86.3,,182.7,,,100.0,22.0,133
30.986,GIRO,1,3,0,-152.0,270.0,77.0,88.5,,182.7,,,100.0,22.0,133
31.011,GIRO,1,3,0,-152.0,270.0,77.0,83.4,,182.7,479.5,,100.0,22.0,132
31.036,GIRO,1,3,0,-151.99,270.0,76.99,80.6,,182.7,479.5,,100.0,22.0,132
31.061,GIRO,1,3,0,-151.99,270.0,76.99,77.3,274.7,182.7,,347.9,100.0,22.0,127
31.086,GIRO,1,3,0,-151.99,270.0,76.99,75.5,274.7,182.7,,347.9,100.0,22.0,127
31.111,GIRO,1,3,0,-151.99,270.0,76.99,74.5,274.7,182.7,,347.9,100.0,22.0,127
31.136,GIRO,1,3,0,-152.0,270.0,77.0,75.6,255.4,182.7,,308.9,100.0,22.0,128
31.162,GIRO,1,3,0,-152.0,270.0,77.0,76.2,244.8,182.7,,308.9,100.0,22.0,128
31.186,GIRO,1,3,0,-152.0,270.0,77.0,76.6,239.0,182.7,,308.9,100.0,22.0,128
31.211,GIRO,1,3,0,-152.0,270.0,77.0,75.3,263.7,182.7,,367.7,100.0,22.0,130
31.236,GIRO,1,3,0,-152.0,270.0,77.0,74.6,277.3,182.7,,367.7,100.0,22.0,130
31.263,GIRO,1,3,0,-152.0,270.0,77.0,121.5,,182.7,,,100.0,22.0,130
31.287,GIRO,1,3,0,-152.0,270.0,77.0,147.4,,182.7,,,100.0,22.0,130
31.312,GIRO,1,3,0,-152.0,270.0,77.0,161.6,,182.7,,,100.0,22.0,130
31.337,GIRO,1,3,0,-152.0,270.0,77.0,128.7,277.5,182.7,,365.9,100.0,22.0,133
31.362,GIRO,1,3,0,-152.0,270.0,77.0,110.6,277.5,182.7,,365.9,100.0,22.0,133
31.387,GIRO,1,3,0,-152.0,270.0,77.0,90.9,220.5,182.7,,217.8,100.0,22.0,127
31.412,GIRO,1,3,0,-152.0,270.0,77.0,80.1,189.2,182.7,,217.8,100.0,22.0,127
31.437,GIRO,1,3,0,-152.0,270.0,77.0,74.2,171.9,182.7,,217.8,100.0,22.0,127
31.462,GIRO,1,3,0,-151.92,270.0,76.92,96.7,107.1,182.7,,152.1,100.0,22.0,138
31.487,GIRO,1,3,0,-151.92,270.0,76.92,109.1,71.4,182.7,,152.1,100.0,22.0,138
31.512,GIRO,1,3,0,-151.92,270.0,76.92,115.9,51.8,182.7,,152.1,100.0,22.0,138
31.537,GIRO,1,3,0,-151.92,270.0,76.92,95.9,181.4,182.7,,411.3,100.0,22.0,132
31.562,GIRO,1,3,0,-151.9,270.0,76.9,85.0,252.7,182.7,,411.3,100.0,22.0,132
31.587,GIRO,1,3,0,-151.9,270.0,76.9,88.3,266.0,182.7,,374.7,100.0,22.0,135
31.613,GIRO,1,3,0,-151.9,270.0,76.9,90.1,273.4,182.7,,374.7,100.0,22.0,135
31.638,GIRO,1,3,0,-151.92,270.0,76.92,91.1,277.5,182.7,,374.7,100.0,22.0,135
31.663,GIRO,1,3,0,-151.92,270.0,76.92,80.8,273.5,182.7,685.1,336.7,100.0,22.0,135
31.687,GIRO,1,3,0,-151.92,270.0,76.92,75.1,271.3,182.7,685.1,336.7,100.0,22.0,135
31.713,GIRO,1,3,0,-151.92,270.0,76.92,72.0,270.1,182.7,685.1,336.7,100.0,22.0,135
31.736,GIRO,1,3,0,-151.92,270.0,76.92,,,182.7,,,100.0,22.0,129
31.761,GIRO,1,3,0,-151.92,270.0,76.92,,,182.7,,,100.0,22.0,129
31.788,GIRO,1,3,0,-151.92,270.0,76.92,68.6,313.6,182.7,466.3,382.3,100.0,22.0,132
31.813,GIRO,1,3,0,-151.92,270.0,76.92,68.6,313.6,182.7,466.3,382.3,100.0,22.0,132
31.838,GIRO,1,3,0,-151.92,270.0,76.92,68.6,313.6,182.7,466.3,382.3,100.0,22.0,132
31.863,GIRO,1,3,0,-151.92,270.0,76.92,71.0,,182.7,,,100.0,22.0,132
31.889,GIRO,1,3,0,-151.92,270.0,76.92,72.3,,182.7,,,100.0,22.0,132
31.913,GIRO,1,3,0,-151.92,270.0,76.92,73.0,,182.7,,,100.0,22.0,132
31.938,GIRO,1,3,0,-151.92,270.0,76.92,74.7,372.0,182.7,475.6,448.7,100.0,22.0,131
31.963,GIRO,1,3,0,-151.92,270.0,76.92,75.6,372.0,182.7,475.6,448.7,100.0,22.0,131
31.988,SIGUE_MURO,1,3,0,-151.92,270.0,50.92,78.1,,182.7,,,100.0,22.0,126
32.013,SIGUE_MURO,1,3,0,-151.92,270.0,50.85,79.4,,182.7,,,100.0,22.0,126
32.039,SIGUE_MURO,1,3,0,-151.92,270.0,50.77,80.2,,182.7,,,100.0,22.0,126
32.064,SIGUE_MURO,1,3,0,-151.92,270.0,50.77,78.7,,182.7,,,100.0,22.0,133
32.089,SIGUE_MURO,1,3,0,-151.92,270.0,50.77,77.9,,182.7,,,100.0,22.0,133
32.114,SIGUE_MURO,1,3,0,-151.92,270.0,50.77,77.4,,182.7,,,100.0,22.0,133
32.14,SIGUE_MURO,1,3,0,-151.92,270.0,73.99,82.3,261.8,182.7,424.9,350.1,100.0,22.0,132
32.164,SIGUE_MURO,1,3,0,-151.92,270.0,74.02,85.0,261.8,182.7,424.9,350.1,100.0,22.0,132
32.189,SIGUE_MURO,1,3,0,-151.92,270.0,50.62,80.4,332.6,182.7,,494.0,100.0,22.0,131
32.215,SIGUE_MURO,1,3,0,-151.92,270.0,50.62,77.9,371.6,182.7,,494.0,100.0,22.0,131
32.239,SIGUE_MURO,1,3,0,-151.92,270.0,50.62,76.5,393.0,182.7,,494.0,100.0,22.0,131
32.264,SIGUE_MURO,1,3,0,-151.92,270.0,66.76,93.4,,182.7,371.7,,100.0,22.0,132
32.289,SIGUE_MURO,1,3,0,-151.9,270.0,67.11,102.7,,182.7,371.7,,100.0,22.0,132
32.314,SIGUE_MURO,1,3,0,-151.9,270.0,67.31,107.8,,182.7,371.7,,100.0,22.0,132
32.339,SIGUE_MURO,1,3,0,-151.92,270.0,50.62,99.3,404.9,182.7,,493.8,100.0,22.0,131
32.365,SIGUE_MURO,1,3,0,-151.92,270.0,50.62,94.6,404.9,182.7,,493.8,100.0,22.0,131
32.39,SIGUE_MURO,1,3,0,-151.92,270.0,66.37,85.5,,182.7,443.8,,100.0,22.0,135
32.415,SIGUE_MURO,1,3,0,-151.92,270.0,66.09,80.5,,182.7,443.8,,100.0,22.0,135
32.44,SIGUE_MURO,1,3,0,-151.94,270.0,66.02,77.7,,182.7,443.8,,100.0,22.0,135
32.466,SIGUE_MURO,1,3,0,-151.94,270.0,50.42,69.2,,182.7,,,100.0,22.0,132
32.49,SIGUE_MURO,1,3,0,-151.94,270.0,50.42,64.4,,182.7,,,100.0,22.0,132
32.515,SIGUE_MURO,1,3,0,-151.94,270.0,50.42,61.8,,182.7,,,100.0,22.0,132
32.54,SIGUE_MURO,1,3,0,-151.94,270.0,50.34,64.9,,182.7,,,100.0,22.0,129
32.565,SIGUE_MURO,1,3,0,-151.94,270.0,50.27,66.6,,182.7,,,100.0,22.0,129
32.591,SIGUE_MURO,1,3,0,-151.94,270.0,62.59,75.8,294.3,182.7,,381.3,100.0,22.0,129
32.615,SIGUE_MURO,1,3,0,-151.94,270.0,63.4,80.8,294.3,182.7,,381.3,100.0,22.0,129
32.64,SIGUE_MURO,1,3,0,-151.94,270.0,63.84,83.6,294.3,182.7,,381.3,100.0,22.0,129
32.666,SIGUE_MURO,1,3,0,-151.96,270.0,50.29,154.8,330.8,182.7,,617.3,100.0,22.0,131
32.691,SIGUE_MURO,1,3,0,-151.96,270.0,52.93,194.0,350.8,182.7,,617.3,100.0,22.0,131
32.716,SIGUE_MURO,1,3,0,-151.96,270.0,56.38,215.6,361.9,182.7,,617.3,100.0,22.0,131
32.74,SIGUE_MURO,1,3,0,-151.96,270.0,50.21,151.5,,182.7,,,100.0,22.0,134
32.765,SIGUE_MURO,1,3,0,-151.96,270.0,50.14,116.3,,182.7,,,100.0,22.0,134
32.793,SIGUE_MURO,1,3,0,-151.96,270.0,82.36,106.0,160.8,182.7,,254.2,100.0,22.0,131
32.816,SIGUE_MURO,1,3,0,-151.96,270.0,81.46,100.3,160.8,182.7,,254.2,100.0,22.0,131
32.841,SIGUE_MURO,1,3,0,-151.96,270.0,80.96,97.2,160.8,182.7,,254.2,100.0,22.0,131
32.866,SIGUE_MURO,1,3,0,-151.96,270.0,50.14,79.2,,182.7,,,100.0,22.0,126
32.891,SIGUE_MURO,1,3,0,-151.96,270.0,50.14,69.2,,182.7,,,100.0,22.0,126
32.917,SIGUE_MURO,1,3,0,-151.96,270.0,50.14,63.8,,182.7,,,100.0,22.0,126
32.942,SIGUE_MURO,1,3,0,-151.96,270.0,65.74,69.8,,182.7,481.4,,100.0,22.0,126
32.966,SIGUE_MURO,1,3,0,-151.96,270.0,65.74,73.1,,182.7,481.4,,100.0,22.0,126
32.992,SIGUE_MURO,1,3,0,-151.97,270.0,50.15,67.8,,182.7,,,100.0,22.0,132
33.017,SIGUE_MURO,1,3,0,-151.97,270.0,50.15,64.9,,182.7,,,100.0,22.0,132
33.042,SIGUE_MURO,1,3,0,-151.97,270.0,50.15,63.3,,182.7,,,100.0,22.0,132
33.066,SIGUE_MURO,1,3,0,-151.97,270.0,50.15,59.9,394.0,182.7,,449.9,100.0,22.0,133
33.092,SIGUE_MURO,1,3,0,-151.97,270.0,50.15,58.1,394.0,182.7,,449.9,100.0,22.0,133
33.117,SIGUE_MURO,1,3,0,-151.97,270.0,50.15,57.1,394.0,182.7,,449.9,100.0,22.0,133
33.143,SIGUE_MURO,1,3,0,-151.97,270.0,66.05,86.9,322.3,182.7,,358.0,100.0,22.0,137
33.167,SIGUE_MURO,1,3,0,-151.97,270.0,68.68,103.3,282.9,182.7,,358.0,100.0,22.0,137
33.192,SIGUE_MURO,1,3,0,-151.97,270.0,78.86,90.0,165.0,182.7,,94.7,100.0,22.0,123
33.217,SIGUE_MURO,1,3,0,-151.97,270.0,92.21,82.7,100.2,182.7,,94.7,100.0,22.0,123
33.242,SIGUE_MURO,1,3,0,-151.97,270.0,99.55,78.6,64.5,182.7,,94.7,100.0,22.0,123
33.267,SIGUE_MURO,1,3,0,-151.97,270.0,50.15,66.9,,182.7,,,100.0,22.0,129
33.292,SIGUE_MURO,1,3,0,-151.97,270.0,50.15,60.5,,182.7,,,100.0,22.0,129
33.317,SIGUE_MURO,1,3,0,-151.97,270.0,50.15,56.9,,182.7,,,100.0,22.0,129
33.342,SIGUE_MURO,1,3,0,-151.97,270.0,65.67,65.8,,182.7,504.0,,100.0,22.0,130
33.367,SIGUE_MURO,1,3,0,-151.97,270.0,65.6,70.7,,182.7,504.0,,100.0,22.0,130
33.393,SIGUE_MURO,1,3,0,-151.97,270.0,50.0,65.0,391.7,182.7,,449.6,100.0,22.0,133
33.417,SIGUE_MURO,1,3,0,-151.97,270.0,50.0,61.8,391.7,182.7,,449.6,100.0,22.0,133
33.443,SIGUE_MURO,1,3,0,-151.97,270.0,50.0,60.0,391.7,182.7,,449.6,100.0,22.0,133
33.468,SIGUE_MURO,1,3,0,-151.99,270.0,49.94,71.9,,182.7,,,100.0,22.0,132
33.492,SIGUE_MURO,1,3,0,-151.99,270.0,49.87,78.4,,182.7,,,100.0,22.0,132
33.518,SIGUE_MURO,1,3,0,-151.99,270.0,49.79,82.0,,182.7,,,100.0,22.0,132
33.542,SIGUE_MURO,1,3,0,-151.99,270.0,70.77,75.9,351.1,182.7,548.7,419.6,100.0,22.0,134
33.568,SIGUE_MURO,1,3,0,-151.99,270.0,70.56,72.5,351.1,182.7,548.7,419.6,100.0,22.0,134
33.593,GIRO,1,4,1,-151.99,360.0,165.57,69.2,,182.7,669.1,,100.0,22.0,134
33.618,GIRO,1,4,1,-151.99,360.0,165.57,67.4,,182.7,669.1,,100.0,22.0,134
33.642,GIRO,1,4,1,-151.99,360.0,165.57,66.5,,182.7,669.1,,100.0,22.0,134
33.668,GIRO,1,4,1,-151.99,360.0,165.57,74.2,,182.7,,,100.0,22.0,129
33.693,GIRO,1,4,1,-151.99,360.0,165.57,78.5,,182.7,,,100.0,22.0,129
33.718,GIRO,1,4,1,-151.99,360.0,165.57,80.9,,182.7,,,100.0,22.0,129
33.743,GIRO,1,4,1,-151.99,360.0,165.57,71.5,290.6,182.7,,350.7,100.0,22.0,133
33.768,GIRO,1,4,1,-151.99,360.0,165.57,66.3,290.6,182.7,,350.7,100.0,22.0,133
33.794,GIRO,1,4,1,-151.99,360.0,165.57,72.0,279.9,182.7,,345.5,100.0,22.0,130
33.818,GIRO,1,4,1,-151.99,360.0,165.57,75.0,273.9,182.7,,345.5,100.0,22.0,130
33.843,GIRO,1,4,1,-151.99,360.0,165.57,76.7,270.7,182.7,,345.5,100.0,22.0,130
33.868,GIRO,1,4,1,-151.99,360.0,165.57,70.0,,182.7,,,100.0,22.0,131
33.895,GIRO,1,4,1,-151.99,360.0,165.57,66.3,,182.7,,,100.0,22.0,131
33.919,GIRO,1,4,1,-151.99,360.0,165.57,61.3,,182.7,,,100.0,22.0,132
33.944,GIRO,1,4,1,-151.99,360.0,165.57,58.5,,182.7,,,100.0,22.0,132
33.969,GIRO,1,4,1,-151.99,360.0,165.57,57.0,,182.7,,,100.0,22.0,132
33.994,GIRO,1,4,1,-151.99,360.0,165.57,67.6,291.1,182.7,,371.6,100.0,22.0,135
34.019,GIRO,1,4,1,-151.99,360.0,165.57,73.4,291.1,182.7,,371.6,100.0,22.0,135
34.044,GIRO,1,4,1,-151.99,360.0,165.57,76.7,291.1,182.7,,371.6,100.0,22.0,135
34.069,GIRO,1,4,1,-152.01,360.0,165.59,80.1,246.5,182.7,,276.4,100.0,22.0,128
34.094,GIRO,1,4,1,-152.01,360.0,165.59,82.0,222.0,182.7,,276.4,100.0,22.0,128
34.12,GIRO,1,4,1,-152.01,360.0,165.59,74.4,,182.7,,,100.0,22.0,127
34.144,GIRO,1,4,1,-152.01,360.0,165.59,70.1,,182.7,,,100.0,22.0,127
34.169,GIRO,1,4,1,-151.98,360.0,165.56,67.8,,182.7,,,100.0,22.0,127
34.195,GIRO,1,4,1,-151.98,360.0,165.56,68.7,22.0,182.7,,91.9,100.0,22.0,132
34.22,GIRO,1,4,1,-151.98,360.0,165.56,69.3,22.0,182.7,,91.9,100.0,22.0,132
34.245,GIRO,1,4,1,-151.99,360.0,165.57,69.5,22.0,182.7,,91.9,100.0,22.0,132
34.27,GIRO,1,4,1,-151.99,360.0,165.57,78.0,,182.7,,,100.0,22.0,134
34.294,GIRO,1,4,1,-151.99,360.0,165.57,82.7,,182.7,,,100.0,22.0,134
34.32,GIRO,1,4,1,-151.99,360.0,165.57,78.6,,182.7,,,100.0,22.0,129
34.345,GIRO,1,4,1,-151.99,360.0,165.57,76.4,,182.7,,,100.0,22.0,129
34.37,GIRO,1,4,1,-151.99,360.0,165.57,75.1,,182.7,,,100.0,22.0,129
34.395,GIRO,1,4,1,-151.99,360.0,165.57,68.6,,182.7,,,100.0,22.0,135
34.42,GIRO,1,4,1,-151.99,360.0,165.57,65.0,,182.7,,,100.0,22.0,135
34.445,GIRO,1,4,1,-151.94,360.0,165.52,63.1,,182.7,,,100.0,22.0,135
34.47,GIRO,1,4,1,-151.94,360.0,165.52,101.5,,254.3,,,100.0,22.0,137
34.495,GIRO,1,4,1,-151.87,360.0,165.45,122.6,,293.7,,,100.0,22.0,137
34.521,GIRO,1,4,1,-151.87,360.0,165.45,110.4,304.1,243.8,,399.5,100.0,22.0,137
34.546,GIRO,1,4,1,-151.87,360.0,165.45,103.6,304.1,216.3,,399.5,100.0,22.0,137
34.571,GIRO,1,4,1,-151.92,360.0,165.5,99.9,304.1,201.2,,399.5,100.0,22.0,137
34.596,GIRO,1,4,1,-151.92,360.0,165.5,88.0,282.9,192.9,,330.5,100.0,22.0,137
34.621,GIRO,1,4,1,-151.9,360.0,165.48,81.5,271.3,188.3,,330.5,100.0,22.0,137
34.646,GIRO,1,4,1,-151.9,360.0,165.48,77.9,264.9,185.8,,330.5,100.0,22.0,137
34.673,GIRO,1,4,1,-151.93,360.0,165.51,74.4,229.9,184.4,,257.2,100.0,22.0,137
34.696,GIRO,1,4,1,-151.93,360.0,165.51,72.5,210.6,183.7,,257.2,100.0,22.0,137
34.721,GIRO,1,4,1,-151.93,360.0,165.51,108.9,199.8,254.8,,340.0,100.0,22.0,136
34.745,GIRO,1,4,1,-151.93,360.0,165.51,128.9,193.9,294.0,,340.0,100.0,22.0,136
34.771,GIRO,1,4,1,-151.95,360.0,165.53,140.0,190.6,315.5,,340.0,100.0,22.0,136
34.796,GIRO,1,4,1,-151.95,360.0,165.53,111.5,179.4,255.8,,242.5,100.0,22.0,132
34.821,GIRO,1,4,1,-151.95,360.0,165.53,95.9,173.2,222.9,,242.5,100.0,22.0,132
34.846,GIRO,1,4,1,-151.97,360.0,165.55,87.3,169.9,204.8,,242.5,100.0,22.0,132
34.871,GIRO,1,4,1,-151.97,360.0,165.55,130.0,,194.9,,,100.0,22.0,134
34.897,GIRO,1,4,1,-151.97,360.0,165.55,153.5,,189.4,,,100.0,22.0,134
34.921,GIRO,1,4,1,-151.97,360.0,165.55,123.2,293.5,186.4,,379.7,100.0,22.0,128
34.946,GIRO,1,4,1,-151.99,360.0,165.57,106.5,293.5,184.8,,379.7,100.0,22.0,128
34.971,GIRO,1,4,1,-151.99,360.0,165.57,97.4,293.5,183.8,,379.7,100.0,22.0,128
34.996,GIRO,1,4,1,-151.96,360.0,165.54,79.5,,1091.1,,,100.0,22.0,134
35.021,GIRO,1,4,1,-151.96,360.0,165.54,69.7,,1590.1,,,100.0,22.0,134
35.046,GIRO,1,4,1,-151.98,360.0,165.56,64.3,,1864.6,,,100.0,22.0,134
35.072,GIRO,1,4,1,-151.98,360.0,165.56,104.5,317.2,1165.6,,470.8,100.0,22.0,132
35.096,GIRO,1,4,1,-151.98,360.0,165.56,126.6,317.2,781.2,,470.8,100.0,22.0,132
35.122,GIRO,1,4,1,-151.98,360.0,165.56,137.2,245.9,570.4,,308.9,100.0,22.0,130
35.146,GIRO,1,4,1,-151.98,360.0,165.56,143.1,206.7,454.5,,308.9,100.0,22.0,130
35.172,GIRO,1,4,1,-152.0,360.0,165.58,146.3,185.1,390.8,,308.9,100.0,22.0,130
35.196,GIRO,1,4,1,-152.0,360.0,165.58,,,297.2,,,100.0,22.0,135
35.222,GIRO,1,4,1,-152.0,360.0,165.58,,,245.7,,,100.0,22.0,135
35.246,GIRO,1,4,1,-152.0,360.0,165.58,,,217.3,,,100.0,22.0,135
35.272,GIRO,1,4,1,-152.0,360.0,165.58,61.1,176.5,201.8,673.1,237.6,100.0,22.0,129
35.297,GIRO,1,4,1,-152.0,360.0,165.58,61.1,176.5,193.2,673.1,237.6,100.0,22.0,129
35.323,GIRO,1,4,1,-152.0,360.0,165.58,102.6,,247.0,,,100.0,22.0,136
35.347,GIRO,1,4,1,-152.0,360.0,165.58,125.4,,276.7,,,100.0,22.0,136
35.372,GIRO,1,4,1,-152.0,360.0,165.58,138.0,,293.0,,,100.0,22.0,136
35.397,GIRO,1,4,1,-152.0,360.0,165.58,144.1,319.7,243.4,,471.3,100.0,22.0,131
35.422,GIRO,1,4,1,-152.0,360.0,165.58,147.5,319.7,216.1,,471.3,100.0,22.0,131
35.448,GIRO,1,4,1,-152.0,360.0,165.58,149.4,319.7,201.1,,471.3,100.0,22.0,131
35.473,GIRO,1,4,1,-152.0,360.0,165.58,117.4,,192.8,455.6,,100.0,22.0,125
35.497,GIRO,1,4,1,-152.0,360.0,165.58,99.8,,188.3,455.6,,100.0,22.0,125
35.523,GIRO,1,4,1,-152.0,360.0,165.58,123.7,,260.0,,,100.0,22.0,132
35.549,GIRO,1,4,1,-151.96,360.0,165.54,136.9,,299.4,,,100.0,22.0,132
35.573,GIRO,1,4,1,-151.96,360.0,165.54,144.2,,321.1,,,100.0,22.0,132
35.598,GIRO,1,4,1,-151.98,360.0,165.56,148.4,303.7,317.4,,457.3,100.0,22.0,134
35.623,GIRO,1,4,1,-151.98,360.0,165.56,150.7,303.7,315.3,,457.3,100.0,22.0,134
35.648,GIRO,1,4,1,-152.02,360.0,165.6,152.0,303.7,314.2,,457.3,100.0,22.0,134
35.673,GIRO,1,4,1,-152.02,360.0,165.6,121.4,331.1,255.1,,448.6,100.0,22.0,133
35.698,GIRO,1,4,1,-152.04,360.0,165.62,104.5,346.2,222.5,,448.6,100.0,22.0,133
35.723,GIRO,1,4,1,-152.04,360.0,165.62,126.4,,277.9,,,100.0,22.0,131
35.748,GIRO,1,4,1,-152.04,360.0,165.62,138.4,,308.4,,,100.0,22.0,131
35.773,GIRO,1,4,1,-152.04,360.0,165.62,145.0,,325.2,,,100.0,22.0,131
35.799,GIRO,1,4,1,-152.04,360.0,165.62,119.5,,261.1,,,100.0,22.0,137
35.825,GIRO,1,4,1,-152.04,360.0,165.62,105.5,,225.8,,,100.0,22.0,137
35.851,GIRO,1,4,1,-152.04,360.0,165.62,97.7,,206.4,,,100.0,22.0,137
35.878,GIRO,1,4,1,-152.04,360.0,165.62,128.9,,195.8,,,100.0,22.0,137
35.903,GIRO,1,4,1,-152.04,360.0,165.62,146.0,,189.9,,,100.0,22.0,137
35.926,GIRO,1,4,1,-152.07,360.0,165.65,121.3,241.9,186.7,,333.0,100.0,22.0,137
35.951,GIRO,1,4,1,-152.07,360.0,165.65,107.7,241.9,184.9,,333.0,100.0,22.0,137
35.976,GIRO,1,4,1,-152.06,360.0,165.64,100.2,241.9,183.9,,333.0,100.0,22.0,137
36.002,GIRO,1,4,1,-152.06,360.0,165.64,94.8,,183.4,,,100.0,22.0,135
36.026,GIRO,1,4,1,-152.06,360.0,165.64,91.8,,183.1,,,100.0,22.0,135
36.051,GIRO,1,4,1,-152.06,360.0,165.64,82.5,,182.9,,,100.0,22.0,128
36.076,GIRO,1,4,1,-152.04,360.0,165.62,77.4,,182.8,,,100.0,22.0,128
36.102,GIRO,1,4,1,-152.04,360.0,165.62,74.6,,182.8,,,100.0,22.0,128
36.127,GIRO,1,4,1,-152.04,360.0,165.62,69.4,20.3,182.8,,83.4,100.0,22.0,140
36.152,GIRO,1,4,1,-152.04,360.0,165.62,66.5,20.3,182.7,,83.4,100.0,22.0,140
36.177,GIRO,1,4,1,-152.04,360.0,165.62,65.0,20.3,182.7,,83.4,100.0,22.0,140
36.203,GIRO,1,4,1,-152.04,360.0,165.62,103.0,137.9,1090.5,,431.1,100.0,22.0,135
36.226,GIRO,1,4,1,-152.04,360.0,165.62,123.9,202.6,1589.8,,431.1,100.0,22.0,135
36.252,GIRO,1,4,1,-152.04,360.0,165.62,99.1,272.7,956.6,,427.2,100.0,22.0,131
36.277,GIRO,1,4,1,-152.04,360.0,165.62,85.5,311.2,608.4,,427.2,100.0,22.0,131
36.302,GIRO,1,4,1,-152.06,360.0,165.64,78.0,332.4,416.8,,427.2,100.0,22.0,131
36.328,GIRO,1,4,1,-152.06,360.0,165.64,111.2,351.3,390.2,,526.1,100.0,22.0,134
36.352,GIRO,1,4,1,-152.06,360.0,165.64,129.5,361.6,375.5,,526.1,100.0,22.0,134
36.377,GIRO,1,4,1,-152.06,360.0,165.64,139.6,367.3,367.5,,526.1,100.0,22.0,134
36.402,GIRO,1,4,1,-152.06,360.0,165.64,104.1,275.0,284.3,,223.0,100.0,22.0,132
36.428,GIRO,1,4,1,-152.06,360.0,165.64,84.6,224.2,238.6,,223.0,100.0,22.0,132
36.452,GIRO,1,4,1,-152.06,360.0,165.64,129.0,274.8,213.5,,519.9,100.0,22.0,134
36.477,GIRO,1,4,1,-152.06,360.0,165.64,153.4,302.6,199.6,,519.9,100.0,22.0,134
36.502,GIRO,1,4,1,-152.06,360.0,165.64,166.8,317.9,192.0,,519.9,100.0,22.0,134
36.528,GIRO,1,4,1,-152.06,360.0,165.64,123.8,297.1,187.8,,342.7,100.0,22.0,132
36.553,GIRO,1,4,1,-152.06,360.0,165.64,100.1,285.6,185.5,,342.7,100.0,22.0,132
36.577,GIRO,1,4,1,-152.06,360.0,165.64,87.0,279.3,184.3,,342.7,100.0,22.0,132
36.602,GIRO,1,4,1,-152.06,360.0,165.64,86.5,273.3,183.6,,352.0,100.0,22.0,134
36.627,GIRO,1,4,1,-152.06,360.0,165.64,86.3,270.1,183.2,,352.0,100.0,22.0,134
36.653,GIRO,1,4,1,-152.06,360.0,165.64,139.8,273.1,183.0,,481.9,100.0,22.0,126
36.677,GIRO,1,4,1,-152.06,360.0,165.64,169.2,274.8,182.9,,481.9,100.0,22.0,126
36.702,GIRO,1,4,1,-152.06,360.0,165.64,185.4,275.7,182.8,,481.9,100.0,22.0,126
36.728,GIRO,1,4,1,-152.06,360.0,165.64,127.6,,182.8,,,100.0,22.0,131
36.753,GIRO,1,4,1,-152.06,360.0,165.64,95.9,,182.8,,,100.0,22.0,131
36.778,GIRO,1,4,1,-152.06,360.0,165.64,78.4,,182.7,,,100.0,22.0,131
36.803,GIRO,1,4,1,-152.06,360.0,165.64,73.0,25.0,182.7,,91.4,100.0,22.0,131
36.828,GIRO,1,4,1,-152.06,360.0,165.64,70.0,25.0,182.7,,91.4,100.0,22.0,131
36.853,GIRO,1,4,1,-152.06,360.0,165.64,69.8,131.5,182.7,,331.3,100.0,22.0,136
36.878,GIRO,1,4,1,-152.06,360.0,165.64,69.7,190.1,182.7,,331.3,100.0,22.0,136
36.903,GIRO,1,4,1,-152.06,360.0,165.64,69.7,222.3,182.7,,331.3,100.0,22.0,136
36.928,GIRO,1,4,1,-152.06,360.0,165.64,79.6,,182.7,491.4,,100.0,22.0,132
36.953,GIRO,1,4,1,-152.07,360.0,165.65,85.1,,182.7,491.4,,100.0,22.0,132
36.979,GIRO,1,4,1,-152.07,360.0,165.65,88.1,,182.7,491.4,,100.0,22.0,132
37.003,GIRO,1,4,1,-152.07,360.0,165.65,118.0,260.4,237.2,,415.1,100.0,22.0,139
37.029,GIRO,1,4,1,-152.07,360.0,165.65,134.5,260.4,267.2,,415.1,100.0,22.0,139
37.053,GIRO,1,4,1,-152.07,360.0,165.65,142.5,,287.1,,,100.0,22.0,134
37.078,GIRO,1,4,1,-152.07,360.0,165.65,146.8,,298.0,,,100.0,22.0,134
37.103,GIRO,1,4,1,-152.07,360.0,165.65,149.2,,304.0,,,100.0,22.0,134
37.128,GIRO,1,4,1,-152.07,360.0,165.65,151.3,,313.8,,,100.0,22.0,131
37.153,GIRO,1,4,1,-152.07,360.0,165.65,152.5,,319.2,,,100.0,22.0,131
37.178,GIRO,1,4,1,-152.07,360.0,165.65,153.1,,322.2,,,100.0,22.0,131
37.204,GIRO,1,4,1,-152.07,360.0,165.65,117.7,,259.4,,,100.0,22.0,131
37.229,GIRO,1,4,1,-152.07,360.0,165.65,98.2,,224.9,,,100.0,22.0,131
37.254,GIRO,1,4,1,-152.07,360.0,165.65,97.7,236.4,260.4,487.3,333.4,100.0,22.0,131
37.279,GIRO,1,4,1,-152.07,360.0,165.65,97.4,236.4,280.0,487.3,333.4,100.0,22.0,131
37.304,GIRO,1,4,1,-152.07,360.0,165.65,97.3,236.4,290.7,487.3,333.4,100.0,22.0,131
37.33,GIRO,1,4,1,-152.07,360.0,165.65,81.0,,242.1,,,100.0,22.0,132
37.354,GIRO,1,4,1,-152.07,360.0,165.65,72.1,,215.4,,,100.0,22.0,132
37.379,GIRO,1,4,1,-152.05,360.0,165.63,67.2,,200.7,,,100.0,22.0,132
37.404,GIRO,1,4,1,-152.05,360.0,165.63,80.9,,1100.4,,,100.0,22.0,135
37.429,GIRO,1,4,1,-152.05,360.0,165.63,88.5,,1595.2,,,100.0,22.0,135
37.454,GIRO,1,4,1,-152.08,360.0,165.66,117.5,,1038.3,,,100.0,22.0,132
37.479,GIRO,1,4,1,-152.08,360.0,165.66,133.4,,732.0,,,100.0,22.0,132
37.504,GIRO,1,4,1,-152.08,360.0,165.66,142.1,,563.5,,,100.0,22.0,132
37.53,GIRO,1,4,1,-152.08,360.0,165.66,145.6,264.5,449.4,,414.3,100.0,22.0,128
37.555,GIRO,1,4,1,-152.08,360.0,165.66,147.4,264.5,386.6,,414.3,100.0,22.0,128
37.58,GIRO,1,4,1,-152.08,360.0,165.66,148.5,264.5,352.0,,414.3,100.0,22.0,128
37.605,GIRO,1,4,1,-152.08,360.0,165.66,149.6,,444.0,,,100.0,22.0,128
37.63,GIRO,1,4,1,-152.08,360.0,165.66,150.3,,494.7,,,100.0,22.0,128
37.655,GIRO,1,4,1,-152.08,360.0,165.66,134.2,24.8,429.4,361.8,139.4,100.0,22.0,136
37.68,GIRO,1,4,1,-152.08,360.0,165.66,125.4,24.8,393.5,361.8,139.4,100.0,22.0,136
37.705,GIRO,1,4,1,-152.08,360.0,165.66,120.5,24.8,373.7,361.8,139.4,100.0,22.0,136
37.73,GIRO,1,4,1,-152.08,360.0,165.66,101.1,156.3,287.8,,394.6,100.0,22.0,137
37.756,GIRO,1,4,1,-152.08,360.0,165.66,90.5,228.7,240.5,,394.6,100.0,22.0,137
37.78,GIRO,1,4,1,-152.08,360.0,165.66,84.6,268.5,214.5,,394.6,100.0,22.0,137
37.805,GIRO,1,4,1,-152.08,360.0,165.66,80.6,282.4,200.2,,375.1,100.0,22.0,131
37.83,GIRO,1,4,1,-152.08,360.0,165.66,78.4,290.1,192.3,,375.1,100.0,22.0,131
37.856,GIRO,1,4,1,-152.08,360.0,165.66,77.8,268.7,188.0,,319.5,100.0,22.0,127
37.881,GIRO,1,4,1,-152.09,360.0,165.67,77.4,256.9,185.6,,319.5,100.0,22.0,127
37.906,GIRO,1,4,1,-152.09,360.0,165.67,77.2,250.4,184.3,,319.5,100.0,22.0,127
37.931,GIRO,1,4,1,-152.09,360.0,165.67,70.2,258.1,183.6,,329.2,100.0,22.0,132
37.956,GIRO,1,4,1,-152.09,360.0,165.67,66.3,262.4,183.2,,329.2,100.0,22.0,132
37.982,GIRO,1,4,1,-152.09,360.0,165.67,64.2,264.7,183.0,,329.2,100.0,22.0,132
38.006,GIRO,1,4,1,-152.09,360.0,165.67,68.7,,182.9,,,100.0,22.0,129
38.031,GIRO,1,4,1,-152.09,360.0,165.67,71.1,,182.8,,,100.0,22.0,129
38.056,GIRO,1,4,1,-152.09,360.0,165.67,68.5,,182.8,,,100.0,22.0,131
38.081,GIRO,1,4,1,-152.09,360.0,165.67,67.1,,182.8,,,100.0,22.0,131
38.106,SIGUE_MURO,1,4,1,-152.09,360.0,139.67,66.3,,182.7,,,100.0,22.0,131
38.131,SIGUE_MURO,1,4,1,-152.09,360.0,-168.33,71.1,43.0,182.7,,120.0,89.5,22.0,130
38.156,SIGUE_MURO,1,4,1,-152.09,360.0,-168.33,73.8,43.0,182.7,,120.0,79.0,22.0,130
38.184,SIGUE_MURO,1,4,1,-152.09,360.0,-168.33,75.3,43.0,182.7,,120.0,68.4,22.1,130
38.206,SIGUE_MURO,1,4,1,-152.09,360.0,165.37,110.8,148.8,237.2,,432.4,79.0,22.0,128
38.232,SIGUE_MURO,1,4,1,-152.09,360.0,155.47,130.4,207.0,267.2,,432.4,89.5,22.0,128
38.257,SIGUE_MURO,1,4,1,-152.09,360.0,145.6,110.8,280.1,229.2,,456.2,100.0,22.0,138
38.282,SIGUE_MURO,1,4,1,-152.09,360.0,143.87,100.0,320.3,208.3,,456.2,100.0,22.0,138
38.309,SIGUE_MURO,1,4,1,-152.04,360.0,142.87,94.1,342.4,196.8,,456.2,100.0,22.0,138
38.331,SIGUE_MURO,1,4,1,-152.04,360.0,139.62,120.6,370.2,262.9,,557.4,100.0,22.0,139
38.357,SIGUE_MURO,1,4,1,-151.95,360.0,139.53,135.2,385.6,299.3,,557.4,100.0,22.0,139
38.382,SIGUE_MURO,1,4,1,-151.95,360.0,139.53,143.3,394.0,319.3,,557.4,100.0,22.0,139
38.408,SIGUE_MURO,1,4,1,-152.03,360.0,160.61,119.2,290.8,257.8,,254.5,100.0,22.0,131
38.432,SIGUE_MURO,1,4,1,-152.03,360.0,158.41,106.0,234.0,224.0,,254.5,100.0,22.0,131
38.457,SIGUE_MURO,1,4,1,-152.03,360.0,139.46,90.5,,205.5,,,100.0,22.0,135
38.482,SIGUE_MURO,1,4,1,-152.03,360.0,139.46,82.0,,195.2,,,100.0,22.0,135
38.509,SIGUE_MURO,1,4,1,-152.03,360.0,139.46,77.3,,189.6,,,100.0,22.0,135
38.532,SIGUE_MURO,1,4,1,-152.08,360.0,152.64,69.6,241.0,298.2,,301.3,100.0,22.0,135
38.557,SIGUE_MURO,1,4,1,-152.08,360.0,151.97,65.4,241.0,358.0,,301.3,100.0,22.0,135
38.583,SIGUE_MURO,1,4,1,-152.09,360.0,151.61,63.1,241.0,390.8,,301.3,100.0,22.0,135
38.607,SIGUE_MURO,1,4,1,-152.09,360.0,162.31,71.8,251.4,297.2,521.8,346.6,100.0,22.0,137
38.633,SIGUE_MURO,1,4,1,-152.09,360.0,162.43,76.7,257.0,245.7,521.8,346.6,100.0,22.0,137
38.657,SIGUE_MURO,1,4,1,-152.09,360.0,139.36,110.0,,1125.1,,,100.0,24.8,137
38.682,SIGUE_MURO,1,4,1,-152.09,360.0,139.36,128.4,,1608.8,,,100.0,24.8,137
38.707,SIGUE_MURO,1,4,1,-152.09,360.0,139.36,138.5,,1874.9,,,100.0,24.8,137
38.734,SIGUE_MURO,1,4,1,-152.09,360.0,170.46,136.0,119.0,1113.4,331.0,252.1,100.0,24.8,138
38.758,SIGUE_MURO,1,4,1,-152.09,360.0,170.41,134.7,119.0,694.6,331.0,252.1,100.0,23.9,138
38.783,SIGUE_MURO,1,4,1,-152.09,360.0,170.38,134.0,119.0,464.3,331.0,252.1,100.0,22.0,138
38.808,SIGUE_MURO,1,4,1,-152.09,360.0,-176.46,141.8,133.0,1245.3,,301.6,89.5,26.9,130
38.833,SIGUE_MURO,1,4,1,-152.09,360.0,-177.49,146.2,140.7,1674.9,,301.6,79.0,29.0,130
38.858,SIGUE_MURO,1,4,1,-152.09,360.0,139.36,149.1,,1058.6,,,89.5,26.9,135
38.883,SIGUE_MURO,1,4,1,-152.09,360.0,139.36,150.7,,719.6,,,100.0,24.3,135
38.908,SIGUE_MURO,1,4,1,-152.09,360.0,139.36,151.6,,533.2,,,100.0,22.0,135
38.933,SIGUE_MURO,1,4,1,-152.09,360.0,156.6,122.7,,375.5,471.8,,100.0,22.0,137
38.96,SIGUE_MURO,1,4,1,-152.09,360.0,155.89,106.8,,288.7,471.8,,100.0,22.0,137
38.985,SIGUE_MURO,1,4,1,-152.09,360.0,155.46,98.1,,241.0,471.8,,100.0,22.0,137
39.008,SIGUE_MURO,1,4,1,-152.09,360.0,139.14,122.3,,1122.6,,,100.0,24.8,135
39.033,SIGUE_MURO,1,4,1,-152.09,360.0,139.14,135.7,,1607.4,,,100.0,24.8,135
39.061,SIGUE_MURO,1,4,1,-152.09,360.0,152.18,142.9,292.2,1042.3,,443.9,100.0,24.8,130
39.087,SIGUE_MURO,1,4,1,-152.09,360.0,152.82,146.9,292.2,731.4,,443.9,100.0,24.5,130
39.111,SIGUE_MURO,1,4,1,-152.09,360.0,153.17,149.1,292.2,560.5,,443.9,100.0,22.0,130
39.136,SIGUE_MURO,1,4,1,-152.14,360.0,139.19,150.2,,543.1,,,100.0,22.0,130
39.161,SIGUE_MURO,1,4,1,-152.14,360.0,139.19,150.8,,533.5,,,100.0,22.0,130
39.187,SIGUE_MURO,1,4,1,-152.14,360.0,139.19,151.1,,528.3,,,100.0,22.0,130
39.211,SIGUE_MURO,1,4,1,-152.14,360.0,140.59,152.3,372.2,427.9,,526.0,100.0,22.0,134
39.236,SIGUE_MURO,1,4,1,-152.15,360.0,140.71,153.0,372.2,372.8,,526.0,100.0,22.0,134
39.261,SIGUE_MURO,1,4,1,-152.15,360.0,157.64,153.4,324.7,354.0,,420.7,100.0,22.0,128
39.286,SIGUE_MURO,1,4,1,-152.17,360.0,157.7,153.7,298.6,343.6,,420.7,100.0,22.0,128
39.312,SIGUE_MURO,1,4,1,-152.17,360.0,157.72,153.8,284.3,337.9,,420.7,100.0,22.0,128
39.337,SIGUE_MURO,1,4,1,-152.17,360.0,139.22,113.5,,427.1,,,100.0,22.0,134
39.362,SIGUE_MURO,1,4,1,-152.17,360.0,139.22,91.3,,476.2,,,100.0,22.0,134
39.387,SIGUE_MURO,1,4,1,-152.17,360.0,139.22,79.1,,503.2,,,100.0,22.0,134
39.412,SIGUE_MURO,1,4,1,-152.17,360.0,164.3,112.0,197.0,1266.7,,349.2,100.0,24.8,132
39.437,SIGUE_MURO,1,4,1,-152.17,360.0,167.19,130.1,197.0,1686.7,,349.2,100.0,24.8,132
39.462,SIGUE_MURO,1,4,1,-152.17,360.0,139.22,140.3,,1917.7,,,100.0,24.8,132
39.487,SIGUE_MURO,1,4,1,-152.17,360.0,139.22,145.9,,2044.7,,,100.0,24.8,132
39.513,SIGUE_MURO,1,4,1,-152.17,360.0,139.22,149.0,,2114.6,,,100.0,24.8,132
39.537,SIGUE_MURO,1,4,1,-152.17,360.0,158.13,150.7,262.2,1300.4,,415.1,100.0,24.8,135
39.562,SIGUE_MURO,1,4,1,-152.17,360.0,158.28,151.7,262.2,852.6,,415.1,100.0,24.8,135
39.587,SIGUE_MURO,1,4,1,-152.17,360.0,139.22,151.7,,686.5,,,100.0,23.7,133
39.613,SIGUE_MURO,1,4,1,-152.17,360.0,139.22,151.8,,595.1,,,100.0,22.3,133
39.637,SIGUE_MURO,1,4,1,-152.17,360.0,139.22,151.8,,544.8,,,100.0,22.0,133
39.662,SIGUE_MURO,1,4,1,-152.17,360.0,141.11,152.4,369.9,435.7,,523.1,100.0,22.0,131
39.687,SIGUE_MURO,1,4,1,-152.17,360.0,141.17,152.8,369.9,375.7,,523.1,100.0,22.0,131
39.713,GIRO,1,5,1,-152.17,450.0,-104.78,153.0,369.9,342.7,,523.1,89.5,22.0,131
39.737,GIRO,1,5,1,-152.17,450.0,-104.78,152.8,,327.2,,,78.9,22.0,135
39.762,GIRO,1,5,1,-152.17,450.0,-104.78,152.6,,318.7,,,68.4,22.1,135
39.787,GIRO,1,5,1,-152.17,450.0,-104.78,152.5,,311.4,298.2,,57.9,23.7,135
39.812,GIRO,1,5,1,-152.17,450.0,-104.78,152.5,,307.3,298.2,,47.4,25.2,135
39.839,GIRO,1,5,1,-152.17,450.0,-104.78,152.4,,305.1,298.2,,36.9,26.7,135
39.863,GIRO,1,5,1,-152.17,450.0,-104.78,112.2,305.0,398.5,,368.0,26.3,28.2,133
39.888,GIRO,1,5,1,-152.17,450.0,-104.78,90.1,305.0,449.9,,368.0,15.8,29.7,133
39.913,GIRO,1,5,1,-152.17,450.0,-104.78,77.9,305.0,478.2,,368.0,5.3,31.2,133
39.938,GIRO,1,5,1,-152.17,450.0,-104.78,110.7,293.8,400.4,,430.9,-5.2,31.2,141
39.963,GIRO,1,5,1,-152.19,450.0,-104.76,128.7,287.7,357.6,,430.9,-15.8,29.7,141
39.988,GIRO,1,5,1,-152.19,450.0,-104.76,139.4,,1186.7,,,-26.3,28.2,146
40.013,GIRO,1,5,1,-152.12,450.0,-104.83,145.2,,1642.7,,,-36.8,26.7,146
40.039,GIRO,1,5,1,-152.12,450.0,-104.83,148.4,,1893.5,,,-47.3,25.2,146
40.064,GIRO,1,5,1,-151.89,450.0,-105.06,122.3,157.3,1177.5,,247.7,-57.9,23.7,157
40.088,GIRO,1,5,1,-151.89,450.0,-105.06,107.9,157.3,783.7,,247.7,-68.4,22.2,157
40.114,GIRO,1,5,1,-152.04,450.0,-104.91,100.0,157.3,567.1,,247.7,-78.9,22.0,157
40.139,GIRO,1,5,1,-152.04,450.0,-104.91,100.1,244.1,558.8,442.1,450.3,-89.4,22.0,150
40.164,GIRO,1,5,1,-151.91,450.0,-105.04,100.2,291.8,554.3,442.1,450.3,-100.0,22.0,150
40.19,GIRO,1,5,1,-151.91,450.0,-105.04,122.0,,440.3,,,-100.0,22.0,161
40.214,GIRO,1,5,1,-152.23,450.0,-104.72,134.0,,377.6,,,-100.0,22.0,161
40.239,GIRO,1,5,1,-152.23,450.0,-104.72,140.6,,343.1,,,-100.0,22.0,161
40.265,GIRO,1,5,1,-152.23,450.0,-104.72,145.2,259.2,325.5,,410.0,-100.0,22.0,165
40.289,GIRO,1,5,1,-152.3,450.0,-104.65,147.7,259.2,315.7,,410.0,-100.0,22.0,165
40.314,GIRO,1,5,1,-152.3,450.0,-104.65,149.1,259.2,310.4,,410.0,-100.0,22.0,165
40.339,GIRO,1,5,1,-152.67,450.0,-104.28,118.3,,1160.7,,,-100.0,22.0,174
40.364,GIRO,1,5,1,-152.67,450.0,-104.28,101.4,,1628.4,,,-100.0,22.0,174
40.39,GIRO,1,5,1,-152.75,450.0,-104.2,95.4,239.8,1885.6,,327.8,-100.0,22.0,184
40.416,GIRO,1,5,1,-152.75,450.0,-104.2,92.1,239.8,2027.1,,327.8,-100.0,22.0,184
40.44,GIRO,1,5,1,-153.07,450.0,-103.88,90.2,239.8,2104.9,,327.8,-100.0,22.0,184
40.464,GIRO,1,5,1,-153.07,450.0,-103.88,77.8,,1239.9,,,-100.0,22.0,188
40.49,GIRO,1,5,1,-154.02,450.0,-102.93,70.9,,764.2,,,-100.0,22.0,188
40.515,GIRO,1,5,1,-154.02,450.0,-102.93,67.2,,502.5,,,-100.0,22.0,188
40.54,GIRO,1,5,1,-154.67,450.0,-102.28,63.6,231.6,360.8,,290.7,-100.0,22.0,189
40.565,GIRO,1,5,1,-154.67,450.0,-102.28,61.6,231.6,282.8,,290.7,-100.0,22.0,189
40.59,GIRO,1,5,1,-154.67,450.0,-102.28,79.6,,237.8,,,-100.0,22.0,182
40.615,GIRO,1,5,1,-155.42,450.0,-101.53,89.5,,213.0,,,-100.0,22.0,182
40.64,GIRO,1,5,1,-155.42,450.0,-101.53,94.9,,199.4,,,-100.0,22.0,182
40.665,GIRO,1,5,1,-156.88,450.0,-100.07,89.7,,1099.7,,,-100.0,22.0,180
40.69,GIRO,1,5,1,-156.88,450.0,-100.07,86.9,,1594.8,,,-100.0,22.0,180
40.719,GIRO,1,5,1,-157.65,450.0,-99.3,85.3,,1867.1,,,-100.0,22.0,180
40.74,GIRO,1,5,1,-157.65,450.0,-99.3,79.7,,1263.9,,,-100.0,22.0,184
40.765,GIRO,1,5,1,-158.41,450.0,-98.54,76.6,,932.0,,,-100.0,22.0,184
40.791,GIRO,1,5,1,-158.41,450.0,-98.54,70.1,58.7,745.4,,120.9,-100.0,22.0,193
40.815,GIRO,1,5,1,-159.83,450.0,-97.12,66.5,58.7,642.7,,120.9,-100.0,22.0,193
40.841,GIRO,1,5,1,-159.83,450.0,-97.12,64.6,58.7,586.3,,120.9,-100.0,22.0,193
40.865,GIRO,1,5,1,-160.51,450.0,-96.44,64.3,,529.8,,,-100.0,22.0,196
40.89,GIRO,1,5,1,-160.51,450.0,-96.44,64.2,,498.8,,,-100.0,22.0,196
40.916,GIRO,1,5,1,-160.51,450.0,-96.44,64.2,,481.7,,,-100.0,22.0,196
40.944,GIRO,1,5,1,-161.93,450.0,-95.02,55.0,,479.0,,,-100.0,22.0,190
40.967,GIRO,1,5,1,-161.93,450.0,-95.02,50.0,,477.5,,,-100.0,22.0,190
40.992,GIRO,1,5,1,-162.63,450.0,-94.32,43.2,,452.5,,,-100.0,22.0,182
41.017,GIRO,1,5,1,-162.63,450.0,-94.32,39.5,,438.7,,,-100.0,22.0,182
41.04,GIRO,1,5,1,-163.25,450.0,-93.7,37.4,,431.2,,,-100.0,22.0,182
41.066,GIRO,1,5,1,-163.25,450.0,-93.7,31.5,,1227.1,,,-100.0,22.0,180
41.091,GIRO,1,5,1,-164.43,450.0,-92.52,28.2,,1664.9,,,-100.0,22.0,180
41.116,GIRO,1,5,1,-164.43,450.0,-92.52,26.4,,1905.7,,,-100.0,22.0,180
41.141,GIRO,1,5,1,-164.77,450.0,-92.18,,,2038.1,,,-100.0,22.0,180
41.166,GIRO,1,5,1,-164.77,450.0,-92.18,,,2111.0,,,-100.0,22.0,180
41.19,GIRO,1,5,1,-165.46,450.0,-91.49,,28.2,1243.3,,,-100.0,22.0,181
41.215,GIRO,1,5,1,-165.46,450.0,-91.49,,28.2,766.0,,,-100.0,22.0,181
41.24,GIRO,1,5,1,-165.46,450.0,-91.49,,28.2,503.5,,,-100.0,22.0,181
41.266,GIRO,1,5,1,-166.11,450.0,-90.84,,31.7,359.2,,,-100.0,22.0,184
41.29,GIRO,1,5,1,-166.11,450.0,-90.84,,33.7,279.8,,,-100.0,22.0,184
41.316,GIRO,1,5,1,-166.45,450.0,-90.5,,34.7,236.1,,,-100.0,22.0,184
41.341,GIRO,1,5,1,-166.45,450.0,-90.5,159.5,39.9,212.1,,205.8,-100.0,22.0,183
41.366,GIRO,1,5,1,-166.76,450.0,-90.19,159.5,42.7,198.9,,205.8,-100.0,22.0,183
41.392,GIRO,1,5,1,-166.76,450.0,-90.19,98.7,46.2,191.6,,74.8,-100.0,22.0,185
41.417,GIRO,1,5,1,-167.3,450.0,-89.65,65.2,48.1,187.6,,74.8,-100.0,22.0,185
41.442,GIRO,1,5,1,-167.3,450.0,-89.65,46.8,49.2,185.4,,74.8,-100.0,22.0,185
41.466,GIRO,1,5,1,-167.53,450.0,-89.42,,48.3,184.2,,,-100.0,22.0,186
41.492,GIRO,1,5,1,-167.53,450.0,-89.42,,47.8,183.5,,,-100.0,22.0,186
41.516,GIRO,1,5,1,-167.76,450.0,-89.19,,47.6,183.2,,,-100.0,22.0,186
41.542,GIRO,1,5,1,-167.76,450.0,-89.19,26.4,50.6,183.0,,80.8,-100.0,22.0,187
41.567,GIRO,1,5,1,-167.76,450.0,-89.19,26.4,52.3,182.9,,80.8,-100.0,22.0,187
41.593,GIRO,1,5,1,-168.15,450.0,-88.8,,54.9,182.8,,,-100.0,22.0,183
41.617,GIRO,1,5,1,-168.15,450.0,-88.8,,56.4,182.8,,,-100.0,22.0,183
41.642,GIRO,1,5,1,-168.23,450.0,-88.72,,57.2,182.8,,,-100.0,22.0,183
41.667,GIRO,1,5,1,-168.23,450.0,-88.72,32.2,55.1,182.7,,84.7,-100.0,22.0,183
41.692,GIRO,1,5,1,-168.28,450.0,-88.67,32.2,53.9,182.7,,84.7,-100.0,22.0,183
41.718,GIRO,1,5,1,-168.28,450.0,-88.67,32.2,53.3,182.7,,84.7,-100.0,22.0,183
41.742,GIRO,1,5,1,-168.3,450.0,-88.65,37.0,49.9,182.7,,88.7,-100.0,22.0,175
41.767,GIRO,1,5,1,-168.3,450.0,-88.65,39.7,48.0,182.7,,88.7,-100.0,22.0,175
41.793,GIRO,1,5,1,-168.32,450.0,-88.63,41.1,37.9,182.7,,68.5,-100.0,22.0,178
41.818,GIRO,1,5,1,-168.32,450.0,-88.63,41.9,32.4,182.7,,68.5,-100.0,22.0,178
41.843,GIRO,1,5,1,-168.35,450.0,-88.6,42.4,29.3,182.7,,68.5,-100.0,22.0,178
41.868,GIRO,1,5,1,-168.35,450.0,-88.6,43.1,26.0,182.7,,66.0,-100.0,22.0,176
41.893,GIRO,1,5,1,-168.35,450.0,-88.6,43.5,24.2,182.7,,66.0,-100.0,22.0,176
41.918,GIRO,1,5,1,-168.37,450.0,-88.58,43.8,23.2,182.7,,66.0,-100.0,22.0,176
41.943,GIRO,1,5,1,-168.37,450.0,-88.58,,34.9,182.7,,,-100.0,22.0,175
41.968,GIRO,1,5,1,-168.38,450.0,-88.57,,41.3,182.7,,,-100.0,22.0,175
41.993,GIRO,1,5,1,-168.38,450.0,-88.57,,43.7,182.7,,,-100.0,22.0,179
42.018,GIRO,1,5,1,-168.42,450.0,-88.53,,44.9,182.7,,,-100.0,22.0,179
42.044,GIRO,1,5,1,-168.42,450.0,-88.53,,45.6,182.7,,,-100.0,22.0,179
42.069,GIRO,1,5,1,-168.42,450.0,-88.53,,48.2,182.7,,,-100.0,22.0,176
42.094,GIRO,1,5,1,-168.42,450.0,-88.53,,49.7,182.7,,,-100.0,22.0,176
42.119,GIRO,1,5,1,-168.42,450.0,-88.53,,50.4,182.7,,,-100.0,22.0,176
42.145,GIRO,1,5,1,-168.42,450.0,-88.53,27.6,48.9,182.7,,74.7,-100.0,22.0,184
42.169,GIRO,1,5,1,-168.42,450.0,-88.53,27.6,48.1,182.7,,74.7,-100.0,22.0,184
42.194,GIRO,1,5,1,-168.42,450.0,-88.53,29.4,50.5,182.7,,85.1,-100.0,22.0,199
42.219,GIRO,1,5,1,-168.42,450.0,-88.53,30.3,51.9,182.7,,85.1,-100.0,22.0,199
42.244,GIRO,1,5,1,-168.42,450.0,-88.53,30.9,52.6,182.7,,85.1,-100.0,22.0,199
42.27,GIRO,1,5,1,-168.42,450.0,-88.53,31.8,39.1,182.7,,55.5,-100.0,22.0,181
42.294,GIRO,1,5,1,-168.42,450.0,-88.53,32.3,31.6,182.7,,55.5,-100.0,22.0,181
42.319,GIRO,1,5,1,-168.42,450.0,-88.53,,39.5,182.7,,,-100.0,22.0,176
42.344,GIRO,1,5,1,-168.43,450.0,-88.52,,43.8,182.7,,,-100.0,22.0,176
42.37,GIRO,1,5,1,-168.43,450.0,-88.52,,46.2,182.7,,,-100.0,22.0,176
42.395,GIRO,1,5,1,-168.43,450.0,-88.52,31.9,,182.7,,,-100.0,22.0,178
42.419,GIRO,1,5,1,-168.43,450.0,-88.52,31.9,,182.7,,,-100.0,22.0,178
42.445,GIRO,1,5,1,-168.45,450.0,-88.5,31.9,,182.7,,,-100.0,22.0,178
42.471,GIRO,1,5,1,-168.45,450.0,-88.5,31.9,48.5,182.7,,80.3,-100.0,22.0,170
42.495,GIRO,1,5,1,-168.45,450.0,-88.5,31.9,48.5,182.7,,80.3,-100.0,22.0,170
42.52,GIRO,1,5,1,-168.45,450.0,-88.5,,49.1,182.7,,,-100.0,22.0,176
42.545,GIRO,1,5,1,-168.45,450.0,-88.5,,49.5,182.7,,,-100.0,22.0,176
42.57,GIRO,1,5,1,-168.45,450.0,-88.5,,49.7,182.7,,,-100.0,22.0,176
42.596,GIRO,1,5,1,-168.45,450.0,-88.5,32.6,49.8,182.7,,82.5,-100.0,22.0,186
42.62,GIRO,1,5,1,-168.45,450.0,-88.5,32.6,49.9,182.7,,82.5,-100.0,22.0,186
42.645,GIRO,1,5,1,-168.45,450.0,-88.5,32.6,49.9,182.7,,82.5,-100.0,22.0,186
42.67,GIRO,1,5,1,-168.45,450.0,-88.5,33.2,48.6,182.7,,81.1,-100.0,22.0,192
42.695,GIRO,1,5,1,-168.45,450.0,-88.5,33.6,47.9,182.7,,81.1,-100.0,22.0,192
42.72,GIRO,1,5,1,-168.45,450.0,-88.5,30.2,48.2,182.7,353.5,74.7,-100.0,22.0,173
42.745,GIRO,1,5,1,-168.45,450.0,-88.5,28.4,48.4,182.7,353.5,74.7,-100.0,22.0,173
42.77,GIRO,1,5,1,-168.45,450.0,-88.5,27.4,48.5,182.7,353.5,74.7,-100.0,22.0,173
42.796,GIRO,1,5,1,-168.45,450.0,-88.5,29.8,48.8,182.7,414.7,81.9,-100.0,22.0,165
42.821,GIRO,1,5,1,-168.46,450.0,-88.49,31.2,48.9,182.7,414.7,81.9,-100.0,22.0,165
42.846,GIRO,1,5,1,-168.46,450.0,-88.49,31.9,49.0,182.7,414.7,81.9,-100.0,22.0,165
42.871,GIRO,1,5,1,-168.46,450.0,-88.49,32.0,48.8,182.7,405.0,80.6,-100.0,22.0,170
42.896,GIRO,1,5,1,-168.46,450.0,-88.49,32.0,48.6,182.7,405.0,80.6,-100.0,22.0,170
42.921,GIRO,1,5,1,-168.46,450.0,-88.49,29.7,50.0,182.7,332.7,78.6,-100.0,22.0,166
42.946,GIRO,1,5,1,-168.46,450.0,-88.49,28.4,50.8,182.7,332.7,78.6,-100.0,22.0,166
42.971,GIRO,1,5,1,-168.46,450.0,-88.49,27.7,51.2,182.7,332.7,78.6,-100.0,22.0,166
42.996,GIRO,1,5,1,-168.46,450.0,-88.49,31.7,45.5,182.7,416.1,75.0,-100.0,22.0,163
43.021,GIRO,1,5,1,-168.46,450.0,-88.49,33.8,42.3,182.7,416.1,75.0,-100.0,22.0,163
43.046,GIRO,1,5,1,-168.48,450.0,-88.47,35.0,40.6,182.7,416.1,75.0,-100.0,22.0,163
43.071,GIRO,1,5,1,-168.48,450.0,-88.47,30.9,44.8,182.7,,75.8,-100.0,22.0,167
43.096,GIRO,1,5,1,-168.48,450.0,-88.47,28.7,47.1,182.7,,75.8,-100.0,22.0,167
43.121,GIRO,1,5,1,-168.48,450.0,-88.47,,45.1,182.7,,,-100.0,22.0,158
43.146,GIRO,1,5,1,-168.48,450.0,-88.47,,43.9,182.7,,,-100.0,22.0,158
43.171,GIRO,1,5,1,-168.48,450.0,-88.47,,43.3,182.7,,,-100.0,22.0,158
43.196,GIRO,1,5,1,-168.48,450.0,-88.47,29.2,,182.7,,,-100.0,22.0,171
43.221,GIRO,1,5,1,-168.48,450.0,-88.47,29.2,,182.7,,,-100.0,22.0,171
43.247,GIRO,1,5,1,-168.48,450.0,-88.47,29.2,,182.7,,,-100.0,22.0,171
43.272,GIRO,1,5,1,-168.48,450.0,-88.47,31.8,,182.7,,,-100.0,22.0,167
43.297,GIRO,1,5,1,-168.48,450.0,-88.47,33.3,,182.7,,,-100.0,22.0,167
43.322,GIRO,1,5,1,-168.48,450.0,-88.47,30.6,48.5,182.7,,75.8,-100.0,22.0,157
43.347,GIRO,1,5,1,-168.48,450.0,-88.47,29.1,48.5,182.7,,75.8,-100.0,22.0,157
43.373,GIRO,1,5,1,-168.48,450.0,-88.47,28.2,48.5,182.7,,75.8,-100.0,22.0,157
43.397,GIRO,1,5,1,-168.48,450.0,-88.47,26.4,46.8,182.7,,68.8,-100.0,22.0,168
43.422,GIRO,1,5,1,-168.48,450.0,-88.47,25.4,45.9,182.7,,68.8,-100.0,22.0,168
43.447,GIRO,1,5,1,-168.48,450.0,-88.47,24.8,45.3,182.7,,68.8,-100.0,22.0,168
43.473,GIRO,1,5,1,-168.48,450.0,-88.47,27.7,47.8,182.7,416.1,81.9,-100.0,22.0,163
43.497,GIRO,1,5,1,-168.48,450.0,-88.47,29.3,49.1,182.7,416.1,81.9,-100.0,22.0,163
43.523,GIRO,1,5,1,-168.48,450.0,-88.47,25.2,49.2,182.7,,69.6,-100.0,22.0,173
43.548,GIRO,1,5,1,-168.51,450.0,-88.44,23.0,49.3,182.7,,69.6,-100.0,22.0,173
43.573,GIRO,1,5,1,-168.51,450.0,-88.44,21.7,49.3,182.7,,69.6,-100.0,22.0,173
43.598,GIRO,1,5,1,-168.51,450.0,-88.44,74.6,47.3,182.7,,184.2,-100.0,22.0,162
43.622,GIRO,1,5,1,-168.51,450.0,-88.44,103.7,46.2,182.7,,184.2,-100.0,22.0,162
43.648,GIRO,1,5,1,-168.53,450.0,-88.42,119.8,45.6,182.7,,184.2,-100.0,22.0,162
43.673,GIRO,1,5,1,-168.53,450.0,-88.42,125.8,46.9,182.7,,181.8,-100.0,22.0,162
43.698,GIRO,1,5,1,-168.55,450.0,-88.4,129.2,47.6,182.7,,181.8,-100.0,22.0,162
43.723,GIRO,1,5,1,-168.55,450.0,-88.4,82.6,49.6,182.7,,77.7,-100.0,22.0,167
43.748,GIRO,1,5,1,-168.55,450.0,-88.4,57.1,50.6,182.7,,77.7,-100.0,22.0,167
43.773,GIRO,1,5,1,-168.55,450.0,-88.4,43.0,51.2,182.7,,77.7,-100.0,22.0,167
43.799,GIRO,1,5,1,-168.55,450.0,-88.4,88.8,50.9,182.7,,195.4,-100.0,22.0,165
43.823,GIRO,1,5,1,-168.56,450.0,-88.39,114.0,50.7,182.7,,195.4,-100.0,22.0,165
43.848,GIRO,1,5,1,-168.56,450.0,-88.39,127.9,50.7,182.7,,195.4,-100.0,22.0,165
43.873,GIRO,1,5,1,-168.56,450.0,-88.39,140.5,50.7,182.7,210.4,206.6,-100.0,22.0,164
43.898,GIRO,1,5,1,-168.56,450.0,-88.39,147.4,50.8,182.7,210.4,206.6,-100.0,22.0,164
43.924,GIRO,1,5,1,-168.56,450.0,-88.39,95.3,50.6,182.7,,81.9,-100.0,22.0,167
43.948,GIRO,1,5,1,-168.56,450.0,-88.39,66.6,50.5,182.7,,81.9,-100.0,22.0,167
43.974,GIRO,1,5,1,-168.56,450.0,-88.39,50.8,50.5,182.7,,81.9,-100.0,22.0,167
43.998,GIRO,1,5,1,-168.56,450.0,-88.39,40.8,49.0,182.7,642.9,75.8,-100.0,22.0,162
44.023,GIRO,1,5,1,-168.56,450.0,-88.39,35.3,48.2,182.7,642.9,75.8,-100.0,22.0,162
44.048,GIRO,1,5,1,-168.56,450.0,-88.39,32.3,47.7,182.7,642.9,75.8,-100.0,22.0,162
44.073,GIRO,1,5,1,-168.56,450.0,-88.39,95.2,49.5,182.7,,223.8,-100.0,22.0,165
44.098,GIRO,1,5,1,-168.56,450.0,-88.39,129.8,50.5,182.7,,223.8,-100.0,22.0,165
44.124,GIRO,1,5,1,-168.56,450.0,-88.39,83.6,51.1,182.7,,79.1,-100.0,22.0,171
44.149,GIRO,1,5,1,-168.58,450.0,-88.37,58.2,51.5,182.7,,79.1,-100.0,22.0,171
44.174,GIRO,1,5,1,-168.58,450.0,-88.37,44.3,51.6,182.7,,79.1,-100.0,22.0,171
44.198,GIRO,1,5,1,-168.59,450.0,-88.36,,52.0,182.7,,,-100.0,22.0,164
44.223,SIGUE_MURO,1,5,1,-168.59,450.0,-62.36,,52.1,182.7,,,-100.0,22.0,164
44.248,SIGUE_MURO,1,5,1,-168.59,450.0,-62.36,,52.2,182.7,,,-100.0,22.0,164
44.274,SIGUE_MURO,1,5,1,-168.59,450.0,-68.2,36.9,49.2,182.7,,82.4,-100.0,22.0,171
44.299,SIGUE_MURO,1,5,1,-168.59,450.0,-67.83,36.9,47.5,182.7,,82.4,-100.0,22.0,171
44.323,SIGUE_MURO,1,5,1,-168.59,450.0,-62.36,,49.5,182.7,,,-100.0,22.0,167
44.349,SIGUE_MURO,1,5,1,-168.59,450.0,-62.36,,50.5,182.7,,,-100.0,22.0,167
44.373,SIGUE_MURO,1,5,1,-168.59,450.0,-62.36,,51.1,182.7,,,-100.0,22.0,167
44.399,SIGUE_MURO,1,5,1,-168.59,450.0,-83.76,22.8,48.3,182.7,416.1,67.6,-100.0,22.0,163
44.425,SIGUE_MURO,1,5,1,-168.59,450.0,-83.59,22.8,46.7,182.7,416.1,67.6,-100.0,22.0,163
44.45,SIGUE_MURO,1,5,1,-168.59,450.0,-83.47,22.8,45.8,182.7,416.1,67.6,-100.0,22.0,163
44.475,SIGUE_MURO,1,5,1,-168.59,450.0,-62.14,91.9,49.0,182.7,,229.3,-100.0,22.0,161
44.499,SIGUE_MURO,1,5,1,-168.59,450.0,-62.14,130.0,50.7,182.7,,229.3,-100.0,22.0,161
44.525,SIGUE_MURO,1,5,1,-168.59,450.0,-81.27,82.5,50.5,182.7,409.1,74.8,-100.0,22.0,171
44.55,SIGUE_MURO,1,5,1,-168.59,450.0,-82.23,56.4,50.4,182.7,409.1,74.8,-100.0,22.0,171
44.576,SIGUE_MURO,1,5,1,-168.59,450.0,-82.72,42.1,50.3,182.7,409.1,74.8,-100.0,22.0,171
44.6,SIGUE_MURO,1,5,1,-168.59,450.0,-61.91,100.4,51.0,182.7,,223.4,-100.0,22.0,163
44.625,SIGUE_MURO,1,5,1,-168.59,450.0,-61.91,132.5,51.3,182.7,,223.4,-100.0,22.0,163
44.65,SIGUE_MURO,1,5,1,-168.59,450.0,-61.91,150.1,51.5,182.7,,223.4,-100.0,22.0,163
44.675,SIGUE_MURO,1,5,1,-168.59,450.0,-61.91,150.8,49.8,182.7,,199.3,-100.0,22.0,161
44.7,SIGUE_MURO,1,5,1,-168.59,450.0,-61.91,151.2,48.8,182.7,,199.3,-100.0,22.0,161
44.725,SIGUE_MURO,1,5,1,-168.59,450.0,-61.83,93.0,50.1,182.7,,73.5,-100.0,22.0,163
44.75,SIGUE_MURO,1,5,1,-168.59,450.0,-64.12,60.9,50.8,182.7,,73.5,-100.0,22.0,163
44.775,SIGUE_MURO,1,5,1,-168.59,450.0,-66.96,43.3,51.3,182.7,,73.5,-100.0,22.0,163
44.801,SIGUE_MURO,1,5,1,-168.59,450.0,-68.5,34.3,52.0,182.7,,76.3,-100.0,22.0,169
44.825,SIGUE_MURO,1,5,1,-168.59,450.0,-69.31,29.3,52.5,182.7,,76.3,-100.0,22.0,169
44.851,SIGUE_MURO,1,5,1,-168.59,450.0,-69.73,26.6,52.7,182.7,,76.3,-100.0,22.0,169
44.875,SIGUE_MURO,1,5,1,-168.59,450.0,-69.11,27.6,51.0,182.7,,77.6,-100.0,22.0,158
44.9,SIGUE_MURO,1,5,1,-168.59,450.0,-68.74,28.1,50.0,182.7,,77.6,-100.0,22.0,158
44.926,SIGUE_MURO,1,5,1,-168.59,450.0,-82.58,29.6,50.9,182.7,347.6,83.5,-100.0,22.0,160
44.951,SIGUE_MURO,1,5,1,-168.59,450.0,-82.49,30.5,51.4,182.7,347.6,83.5,-100.0,22.0,160
44.976,SIGUE_MURO,1,5,1,-168.59,450.0,-82.42,30.9,51.6,182.7,347.6,83.5,-100.0,22.0,160
45.001,SIGUE_MURO,1,5,1,-168.59,450.0,-61.08,90.4,50.0,182.7,,211.2,-100.0,22.0,170
45.026,SIGUE_MURO,1,5,1,-168.59,450.0,-61.08,123.2,49.2,182.7,,211.2,-100.0,22.0,170
45.051,SIGUE_MURO,1,5,1,-168.59,450.0,-61.08,141.2,48.7,182.7,,211.2,-100.0,22.0,170
45.076,SIGUE_MURO,1,5,1,-168.6,450.0,-79.95,89.0,50.6,182.7,416.1,78.3,-100.0,22.0,167
45.101,SIGUE_MURO,1,5,1,-168.6,450.0,-81.08,60.4,51.6,182.7,416.1,78.3,-100.0,22.0,167
45.126,SIGUE_MURO,1,5,1,-168.62,450.0,-60.9,107.5,51.2,182.7,,215.8,-100.0,22.0,163
45.151,SIGUE_MURO,1,5,1,-168.62,450.0,-60.9,133.4,51.0,182.7,,215.8,-100.0,22.0,163
45.176,SIGUE_MURO,1,5,1,-168.64,450.0,-60.88,147.7,50.9,182.7,,215.8,-100.0,22.0,163
45.201,SIGUE_MURO,1,5,1,-168.64,450.0,-60.88,207.7,49.6,182.7,,329.1,-100.0,22.0,161
45.226,SIGUE_MURO,1,5,1,-168.64,450.0,-60.88,240.8,48.9,182.7,,329.1,-100.0,22.0,161
45.252,SIGUE_MURO,1,5,1,-168.64,450.0,-60.81,141.8,50.7,182.7,,73.9,-100.0,22.0,164
45.277,SIGUE_MURO,1,5,1,-168.65,450.0,-60.72,87.4,51.7,182.7,,73.9,-100.0,22.0,164
45.301,SIGUE_MURO,1,5,1,-168.65,450.0,-63.89,57.5,52.3,182.7,,73.9,-100.0,22.0,164
45.326,SIGUE_MURO,1,5,1,-168.65,450.0,-65.67,44.8,51.5,182.7,,79.9,-100.0,22.0,166
45.351,SIGUE_MURO,1,5,1,-168.65,450.0,-66.61,37.8,51.1,182.7,,79.9,-100.0,22.0,166
45.376,SIGUE_MURO,1,5,1,-168.65,450.0,-67.1,34.0,50.9,182.7,,79.9,-100.0,22.0,166
45.4,SIGUE_MURO,1,5,1,-168.65,450.0,-60.42,,52.2,182.7,,,-100.0,22.0,168
45.425,SIGUE_MURO,1,5,1,-168.65,450.0,-60.42,,52.9,182.7,,,-100.0,22.0,168
45.452,SIGUE_MURO,1,5,1,-168.65,450.0,-60.42,173.7,50.3,182.7,,220.8,-100.0,22.0,161
45.477,SIGUE_MURO,1,5,1,-168.65,450.0,-60.42,173.7,48.8,182.7,,220.8,-100.0,22.0,161
45.502,SIGUE_MURO,1,5,1,-168.67,450.0,-60.4,173.7,48.0,182.7,,220.8,-100.0,22.0,161
45.526,SIGUE_MURO,1,5,1,-168.67,450.0,-60.4,,50.2,182.7,,,-100.0,22.0,167
45.552,SIGUE_MURO,1,5,1,-168.67,450.0,-60.4,,51.4,182.7,,,-100.0,22.0,167
45.576,SIGUE_MURO,1,5,1,-168.67,450.0,-60.4,,52.1,182.7,,,-100.0,22.0,167
45.602,SIGUE_MURO,1,5,1,-168.67,450.0,-82.05,24.3,53.9,182.7,345.7,80.3,-100.0,22.0,164
45.627,SIGUE_MURO,1,5,1,-168.67,450.0,-82.03,24.3,54.8,182.7,345.7,80.3,-100.0,22.0,164
45.652,SIGUE_MURO,1,5,1,-168.68,450.0,-81.65,29.6,53.3,182.7,551.3,87.4,-100.0,22.0,164
45.678,SIGUE_MURO,1,5,1,-168.68,450.0,-81.41,32.4,52.5,182.7,551.3,87.4,-100.0,22.0,164
45.703,SIGUE_MURO,1,5,1,-168.68,450.0,-81.25,34.0,52.0,182.7,551.3,87.4,-100.0,22.0,164
45.727,SIGUE_MURO,1,5,1,-168.68,450.0,-60.02,96.4,39.5,182.7,,196.8,-100.0,22.0,166
45.753,SIGUE_MURO,1,5,1,-168.68,450.0,-60.02,130.7,32.6,182.7,,196.8,-100.0,22.0,166
45.778,SIGUE_MURO,1,5,1,-168.7,450.0,-60.0,149.6,28.8,182.7,,196.8,-100.0,22.0,166
45.803,SIGUE_MURO,1,5,1,-168.7,450.0,-60.0,156.4,39.6,182.7,,217.7,-100.0,22.0,163
45.828,GIRO,1,6,1,-168.7,540.0,4.0,160.1,45.6,182.7,,217.7,-89.5,22.0,163
45.853,GIRO,1,6,1,-168.7,540.0,4.0,102.0,48.5,182.7,347.6,83.0,-78.9,22.0,169
45.878,GIRO,1,6,1,-168.7,540.0,4.0,70.0,50.1,182.7,347.6,83.0,-68.4,22.1,169
45.903,GIRO,1,6,1,-168.7,540.0,4.0,52.4,51.0,182.7,347.6,83.0,-57.9,23.7,169
45.928,GIRO,1,6,1,-168.7,540.0,4.0,41.1,50.7,182.7,283.7,77.8,-47.4,25.2,167
45.953,GIRO,1,6,1,-168.7,540.0,4.0,35.0,50.6,182.7,283.7,77.8,-36.8,26.7,167
45.979,GIRO,1,6,1,-168.71,540.0,4.01,31.6,50.5,182.7,283.7,77.8,-26.3,28.2,167
46.004,GIRO,1,6,1,-168.71,540.0,4.01,29.2,51.5,182.7,,78.9,-15.8,29.7,172
46.03,GIRO,1,6,1,-168.71,540.0,4.01,27.9,52.0,182.7,,78.9,-5.3,31.2,172
46.054,GIRO,1,6,1,-168.74,540.0,4.04,,44.0,182.7,,,5.3,31.2,179
46.08,GIRO,1,6,1,-168.74,540.0,4.04,,39.6,182.7,,,9.7,30.6,179
46.105,GIRO,1,6,1,-168.91,540.0,4.21,,37.2,182.7,,,10.1,30.5,179
46.129,GIRO,1,6,1,-168.91,540.0,4.21,151.3,46.3,182.7,,208.7,10.1,30.5,180
46.154,GIRO,1,6,1,-168.98,540.0,4.28,151.3,51.3,182.7,,208.7,10.3,30.5,180
46.179,GIRO,1,6,1,-168.98,540.0,4.28,151.3,54.0,182.7,,208.7,10.3,30.5,180
46.204,GIRO,1,6,1,-168.86,540.0,4.16,95.0,57.4,182.7,,87.7,10.0,30.6,191
46.23,GIRO,1,6,1,-168.86,540.0,4.16,64.1,59.2,182.7,,87.7,10.0,30.6,191
46.255,GIRO,1,6,1,-168.59,540.0,3.89,46.5,59.0,182.7,,83.7,9.3,30.7,193
46.279,SIGUE_MURO,1,6,1,-168.59,540.0,21.88,36.8,58.9,182.7,,83.7,19.9,29.1,193
46.305,SIGUE_MURO,1,6,1,-168.49,540.0,21.02,31.5,58.8,182.7,,83.7,30.4,27.6,193
46.33,SIGUE_MURO,1,6,1,-168.49,540.0,29.87,91.5,59.0,182.7,,223.9,40.9,26.1,201
46.355,SIGUE_MURO,1,6,1,-168.49,540.0,29.87,124.4,59.0,182.7,,223.9,51.4,24.6,201
46.38,SIGUE_MURO,1,6,1,-168.3,540.0,29.68,142.6,59.1,182.7,,223.9,62.0,23.1,201
46.404,SIGUE_MURO,1,6,1,-168.3,540.0,11.94,131.2,59.1,182.7,195.7,176.4,51.4,24.6,193
46.43,SIGUE_MURO,1,6,1,-168.05,540.0,11.43,124.9,59.1,182.7,195.7,176.4,40.9,26.1,193
46.455,SIGUE_MURO,1,6,1,-168.05,540.0,29.43,116.1,59.6,182.7,,165.5,51.4,24.6,193
46.48,SIGUE_MURO,1,6,1,-167.91,540.0,29.29,111.3,59.8,182.7,,165.5,62.0,23.1,193
46.505,SIGUE_MURO,1,6,1,-167.91,540.0,29.29,108.6,60.0,182.7,,165.5,70.3,22.0,193
46.53,SIGUE_MURO,1,6,1,-167.64,540.0,29.02,104.6,51.4,1090.5,,140.5,69.6,30.9,199
46.555,SIGUE_MURO,1,6,1,-167.64,540.0,29.02,102.4,46.6,1589.8,,140.5,69.6,30.9,199
46.58,SIGUE_MURO,1,6,1,-167.54,540.0,28.92,101.2,44.0,1864.4,,140.5,69.4,30.9,199
46.604,SIGUE_MURO,1,6,1,-167.54,540.0,12.0,132.3,45.2,1107.6,220.5,217.1,58.9,33.1,204
46.63,SIGUE_MURO,1,6,1,-167.29,540.0,12.4,149.5,45.8,691.4,220.5,217.1,48.4,33.9,204
46.654,SIGUE_MURO,1,6,1,-167.29,540.0,28.67,,50.2,470.6,,,58.9,27.1,200
46.679,SIGUE_MURO,1,6,1,-167.29,540.0,28.67,,52.7,349.2,,,68.8,23.1,200
46.704,SIGUE_MURO,1,6,1,-166.66,540.0,28.04,,54.0,282.4,,,67.3,22.3,200
46.73,SIGUE_MURO,1,6,1,-166.66,540.0,28.04,110.6,54.3,244.1,,165.3,67.3,22.3,206
46.755,SIGUE_MURO,1,6,1,-166.44,540.0,27.82,110.6,54.5,223.1,,165.3,66.8,22.4,206
46.781,SIGUE_MURO,1,6,1,-166.44,540.0,27.82,110.6,54.6,211.5,,165.3,66.8,22.4,206
46.805,SIGUE_MURO,1,6,1,-166.17,540.0,27.55,110.6,54.5,205.4,,165.0,66.1,22.5,201
46.83,SIGUE_MURO,1,6,1,-166.17,540.0,27.55,110.7,54.4,202.0,,165.0,66.1,22.5,201
46.854,SIGUE_MURO,1,6,1,-165.96,540.0,27.34,,48.5,197.3,,,65.6,22.6,190
46.88,SIGUE_MURO,1,6,1,-165.96,540.0,27.34,,45.3,194.7,,,65.6,22.6,190
46.904,SIGUE_MURO,1,6,1,-165.95,540.0,27.33,,43.5,193.2,,,65.6,22.6,190
46.931,SIGUE_MURO,1,6,1,-165.95,540.0,27.33,,47.3,201.0,,,65.6,22.6,186
46.956,SIGUE_MURO,1,6,1,-165.82,540.0,27.2,,49.4,205.2,,,65.3,22.6,186
46.982,SIGUE_MURO,1,6,1,-165.82,540.0,27.2,,50.5,207.6,,,65.3,22.6,186
47.006,SIGUE_MURO,1,6,1,-165.82,540.0,27.2,105.0,44.0,1104.2,,141.0,65.3,31.8,186
47.031,SIGUE_MURO,1,6,1,-165.76,540.0,27.14,105.0,40.4,1597.3,,141.0,65.1,31.8,186
47.056,SIGUE_MURO,1,6,1,-165.76,540.0,27.14,104.5,44.9,1868.5,,154.4,65.1,31.8,182
47.081,SIGUE_MURO,1,6,1,-165.7,540.0,27.08,104.3,47.4,2017.7,,154.4,65.0,31.8,182
47.106,SIGUE_MURO,1,6,1,-165.7,540.0,27.08,104.2,48.7,2099.7,,154.4,65.0,31.8,182
47.131,SIGUE_MURO,1,6,1,-165.69,540.0,27.07,,55.5,1244.2,,,65.0,31.8,181
47.157,SIGUE_MURO,1,6,1,-165.69,540.0,27.07,,59.2,773.6,,,65.0,31.8,181
47.181,SIGUE_MURO,1,6,1,-165.69,540.0,27.07,,61.3,514.8,,,65.0,27.0,181
47.206,SIGUE_MURO,1,6,1,-165.69,540.0,27.07,244.6,53.0,371.9,,287.5,65.0,24.1,183
47.232,SIGUE_MURO,1,6,1,-165.69,540.0,27.07,244.6,48.5,293.4,,287.5,65.0,22.6,183
47.255,SIGUE_MURO,1,6,1,-165.69,540.0,27.07,,45.1,251.4,,,65.0,22.6,203
47.28,SIGUE_MURO,1,6,1,-165.69,540.0,27.07,,43.2,228.4,,,65.0,22.6,203
47.305,SIGUE_MURO,1,6,1,-165.69,540.0,27.07,,42.2,215.7,,,65.0,22.6,203
47.331,SIGUE_MURO,1,6,1,-165.69,540.0,27.07,,42.0,208.4,,,65.0,22.6,193
47.356,SIGUE_MURO,1,6,1,-165.69,540.0,27.07,,42.0,204.4,,,65.0,22.6,193
47.381,SIGUE_MURO,1,6,1,-165.69,540.0,27.07,,41.9,202.3,,,65.0,22.6,193
47.407,SIGUE_MURO,1,6,1,-165.69,540.0,20.15,24.5,45.2,209.8,,73.7,54.4,24.2,190
47.432,SIGUE_MURO,1,6,1,-165.69,540.0,19.75,24.5,47.0,214.0,,73.7,47.4,25.2,190
47.457,SIGUE_MURO,1,6,1,-165.69,540.0,25.84,62.0,46.6,1107.7,,154.0,57.9,33.3,191
47.482,SIGUE_MURO,1,6,1,-165.69,540.0,27.07,82.7,46.4,1599.2,,154.0,65.0,31.8,191
47.507,SIGUE_MURO,1,6,1,-165.69,540.0,27.07,94.0,46.3,1869.6,,154.0,65.0,31.8,191
47.532,SIGUE_MURO,1,6,1,-165.69,540.0,27.07,96.7,47.1,2018.3,,148.0,65.0,31.8,189
47.557,SIGUE_MURO,1,6,1,-165.69,540.0,27.07,98.2,47.5,2100.0,,148.0,65.0,31.8,189
47.582,SIGUE_MURO,1,6,1,-165.69,540.0,27.07,99.0,47.8,2145.0,,148.0,65.0,31.8,189
47.608,SIGUE_MURO,1,6,1,-165.69,540.0,27.07,,51.9,1275.6,,,65.0,31.8,211
47.633,SIGUE_MURO,1,6,1,-165.71,540.0,27.09,,54.1,797.4,,,65.0,31.8,211
47.657,SIGUE_MURO,1,6,1,-165.71,540.0,27.09,,49.2,527.6,,,65.0,27.3,210
47.681,SIGUE_MURO,1,6,1,-165.68,540.0,27.06,,46.4,379.3,,,64.9,24.3,210
47.707,SIGUE_MURO,1,6,1,-165.68,540.0,27.06,,45.0,297.7,,,64.9,22.6,210
47.733,SIGUE_MURO,1,6,1,-165.68,540.0,27.06,,46.6,254.0,,,64.9,22.6,189
47.758,SIGUE_MURO,1,6,1,-165.68,540.0,27.06,,47.4,230.0,,,64.9,22.6,189
47.783,SIGUE_MURO,1,6,1,-165.6,540.0,26.98,,47.9,216.9,,,64.8,22.7,189
47.807,SIGUE_MURO,1,6,1,-165.6,540.0,26.98,,50.0,207.6,,,64.8,22.7,196
47.832,SIGUE_MURO,1,6,1,-165.42,540.0,26.8,,51.2,202.5,,,64.3,22.7,196
47.857,SIGUE_MURO,1,6,1,-165.42,540.0,26.8,,51.2,198.5,,,64.3,22.7,206
47.882,GIRO,1,7,1,-164.9,630.0,90.28,,51.1,196.3,,,74.8,22.0,206
47.907,GIRO,1,7,1,-164.9,630.0,90.28,,51.1,195.1,,,85.4,22.0,206
47.933,GIRO,1,7,1,-164.81,630.0,90.19,22.4,48.4,194.2,,67.6,95.9,22.0,190
47.958,GIRO,1,7,1,-164.81,630.0,90.19,22.4,47.0,193.7,,67.6,100.0,22.0,190
47.985,GIRO,1,7,1,-164.81,630.0,90.19,22.4,46.2,193.4,,67.6,100.0,22.0,190
48.009,GIRO,1,7,1,-164.84,630.0,90.22,23.1,43.5,192.8,,64.1,100.0,22.0,177
48.034,GIRO,1,7,1,-164.84,630.0,90.22,23.4,42.0,192.4,,64.1,100.0,22.0,177
48.059,GIRO,1,7,1,-164.79,630.0,90.17,60.4,42.9,1095.8,,149.4,100.0,22.0,191
48.084,GIRO,1,7,1,-164.79,630.0,90.17,80.7,43.3,1592.7,,149.4,100.0,22.0,191
48.109,GIRO,1,7,1,-164.76,630.0,90.14,91.9,43.6,1866.0,,149.4,100.0,22.0,191
48.134,GIRO,1,7,1,-164.76,630.0,90.14,60.5,42.3,1115.9,,62.8,100.0,22.0,181
48.159,GIRO,1,7,1,-164.74,630.0,90.12,43.2,41.6,703.3,,62.8,100.0,22.0,181
48.184,GIRO,1,7,1,-164.74,630.0,90.12,33.7,41.2,476.4,,62.8,100.0,22.0,181
48.209,GIRO,1,7,1,-164.74,630.0,90.12,65.9,39.6,344.6,,142.9,100.0,22.0,184
48.234,GIRO,1,7,1,-164.74,630.0,90.12,83.6,38.7,272.2,,142.9,100.0,22.0,184
48.259,GIRO,1,7,1,-164.74,630.0,90.12,93.9,36.9,1139.7,,141.1,100.0,22.0,178
48.284,GIRO,1,7,1,-164.74,630.0,90.12,99.5,35.9,1616.8,,141.1,100.0,22.0,178
48.309,GIRO,1,7,1,-164.74,630.0,90.12,102.6,35.4,1879.3,,141.1,100.0,22.0,178
48.335,GIRO,1,7,1,-164.74,630.0,90.12,104.4,35.5,2023.6,,142.2,100.0,22.0,182
48.359,GIRO,1,7,1,-164.74,630.0,90.12,105.4,35.5,2103.0,,142.2,100.0,22.0,182
48.385,GIRO,1,7,1,-164.74,630.0,90.12,105.9,35.6,2146.6,,142.2,100.0,22.0,182
48.411,GIRO,1,7,1,-164.74,630.0,90.12,71.1,43.0,1274.8,,80.5,100.0,22.0,208
48.435,GIRO,1,7,1,-164.74,630.0,90.12,51.9,47.1,795.2,,80.5,100.0,22.0,208
48.459,GIRO,1,7,1,-164.74,630.0,90.12,39.1,43.6,524.7,,62.9,100.0,22.0,185
48.484,GIRO,1,7,1,-164.74,630.0,90.12,32.1,41.7,375.9,,62.9,100.0,22.0,185
48.509,GIRO,1,7,1,-164.74,630.0,90.12,28.2,40.7,294.1,,62.9,100.0,22.0,185
48.536,GIRO,1,7,1,-164.74,630.0,90.12,28.4,40.5,251.8,,68.8,100.0,22.0,189
48.56,GIRO,1,7,1,-164.74,630.0,90.12,28.5,40.4,228.6,,68.8,100.0,22.0,189
48.585,GIRO,1,7,1,-164.74,630.0,90.12,28.5,40.3,215.8,,68.8,100.0,22.0,189
48.61,GIRO,1,7,1,-164.74,630.0,90.12,64.3,43.5,1108.7,,155.4,100.0,22.0,194
48.636,GIRO,1,7,1,-164.74,630.0,90.12,84.0,45.3,1599.8,,155.4,100.0,22.0,194
48.66,GIRO,1,7,1,-164.74,630.0,90.12,94.3,48.5,1869.9,,159.5,100.0,22.0,205
48.685,GIRO,1,7,1,-164.74,630.0,90.12,100.0,50.3,2018.4,,159.5,100.0,22.0,205
48.71,GIRO,1,7,1,-164.74,630.0,90.12,103.2,51.3,2100.1,,159.5,100.0,22.0,205
48.735,GIRO,1,7,1,-164.74,630.0,90.12,104.7,48.7,2145.1,,152.2,100.0,22.0,202
48.761,GIRO,1,7,1,-164.74,630.0,90.12,105.5,47.3,2169.8,,152.2,100.0,22.0,202
48.786,GIRO,1,7,1,-164.74,630.0,90.12,106.0,46.6,2183.4,,152.2,100.0,22.0,202
48.81,GIRO,1,7,1,-164.74,630.0,90.12,,45.5,1290.9,,,100.0,22.0,197
48.835,GIRO,1,7,1,-164.74,630.0,90.12,,44.9,800.1,,,100.0,22.0,197
48.861,GIRO,1,7,1,-164.74,630.0,90.12,222.5,44.1,526.7,,265.5,100.0,22.0,186
48.885,GIRO,1,7,1,-164.74,630.0,90.12,222.5,43.6,376.3,,265.5,100.0,22.0,186
48.91,GIRO,1,7,1,-164.74,630.0,90.12,222.5,43.3,293.6,,265.5,100.0,22.0,186
48.935,GIRO,1,7,1,-164.74,630.0,90.12,133.7,47.8,255.6,,78.4,100.0,22.0,187
48.96,GIRO,1,7,1,-164.74,630.0,90.12,84.8,50.3,234.7,,78.4,100.0,22.0,187
48.987,GIRO,1,7,1,-164.74,630.0,90.12,58.0,51.6,223.2,,78.4,100.0,22.0,187
49.011,GIRO,1,7,1,-164.74,630.0,90.12,44.0,49.5,215.5,,73.9,100.0,22.0,195
49.036,GIRO,1,7,1,-164.74,630.0,90.12,36.3,48.3,211.2,,73.9,100.0,22.0,195
49.061,GIRO,1,7,1,-164.74,630.0,90.12,,44.3,204.5,,,100.0,22.0,184
49.087,GIRO,1,7,1,-164.74,630.0,90.12,,42.0,200.8,,,100.0,22.0,184
49.111,GIRO,1,7,1,-164.74,630.0,90.12,,40.8,198.7,,,100.0,22.0,184
49.136,GIRO,1,7,1,-164.74,630.0,90.12,29.6,,195.5,,,100.0,22.0,181
49.161,GIRO,1,7,1,-164.74,630.0,90.12,29.6,,193.7,,,100.0,22.0,181
49.187,GIRO,1,7,1,-164.74,630.0,90.12,29.6,,192.7,,,100.0,22.0,181
49.212,GIRO,1,7,1,-164.74,630.0,90.12,64.2,43.0,1096.0,,149.4,100.0,22.0,182
49.237,GIRO,1,7,1,-164.74,630.0,90.12,83.2,43.0,1592.8,,149.4,100.0,22.0,182
49.262,GIRO,1,7,1,-164.74,630.0,90.12,93.8,,1866.0,,,100.0,22.0,183
49.287,GIRO,1,7,1,-164.74,630.0,90.12,99.7,,2016.3,,,100.0,22.0,183
49.313,GIRO,1,7,1,-164.74,630.0,90.12,102.9,,2099.0,,,100.0,22.0,183
49.337,GIRO,1,7,1,-164.74,630.0,90.12,,42.5,1242.5,,,100.0,22.0,181
49.361,GIRO,1,7,1,-164.74,630.0,90.12,,42.5,771.5,,,100.0,22.0,181
49.387,GIRO,1,7,1,-164.74,630.0,90.12,,42.5,512.4,,,100.0,22.0,181
49.412,GIRO,1,7,1,-164.74,630.0,90.12,260.0,,368.0,,,100.0,22.0,182
49.437,GIRO,1,7,1,-164.74,630.0,90.12,260.0,,288.6,,,100.0,22.0,182
49.462,GIRO,1,7,1,-164.74,630.0,90.12,153.4,,246.5,,,100.0,22.0,182
49.487,GIRO,1,7,1,-164.74,630.0,90.12,94.7,,223.4,,,100.0,22.0,182
49.512,GIRO,1,7,1,-164.74,630.0,90.12,62.5,,210.7,,,100.0,22.0,182
49.538,GIRO,1,7,1,-164.74,630.0,90.12,82.1,57.0,1105.9,,163.0,100.0,22.0,179
49.562,GIRO,1,7,1,-164.74,630.0,90.12,92.9,57.0,1598.2,,163.0,100.0,22.0,179
49.588,GIRO,1,7,1,-164.74,630.0,90.12,98.8,57.0,1869.0,,163.0,100.0,22.0,179
49.612,GIRO,1,7,1,-164.74,630.0,90.12,102.2,,2018.0,483.4,,100.0,22.0,179
49.638,GIRO,1,7,1,-164.74,630.0,90.12,104.0,,2099.9,483.4,,100.0,22.0,179
49.662,GIRO,1,7,1,-164.74,630.0,90.12,70.3,,1241.8,,,100.0,22.0,182
49.687,GIRO,1,7,1,-164.74,630.0,90.12,51.8,,769.9,,,100.0,22.0,182
49.712,GIRO,1,7,1,-164.74,630.0,90.12,41.6,,510.3,,,100.0,22.0,182
49.739,GIRO,1,7,1,-164.74,630.0,90.12,69.5,41.2,1270.7,,144.9,100.0,22.0,183
49.763,GIRO,1,7,1,-164.74,630.0,90.12,84.9,41.2,1688.9,,144.9,100.0,22.0,183
49.788,GIRO,1,7,1,-164.74,630.0,90.12,94.5,42.6,1918.9,,150.4,100.0,22.0,184
49.813,GIRO,1,7,1,-164.74,630.0,90.12,99.8,43.3,2045.4,,150.4,100.0,22.0,184
49.838,GIRO,1,7,1,-164.74,630.0,90.12,102.7,43.7,2115.0,,150.4,100.0,22.0,184
49.864,GIRO,1,7,1,-164.74,630.0,90.12,104.3,38.9,2153.2,,139.3,100.0,22.0,182
49.888,GIRO,1,7,1,-164.74,630.0,90.12,105.3,36.2,2174.3,,139.3,100.0,22.0,182
49.913,GIRO,1,7,1,-164.74,630.0,90.12,105.8,34.7,2185.9,,139.3,100.0,22.0,182
49.938,GIRO,1,7,1,-164.74,630.0,90.12,105.9,36.7,2192.2,,145.3,100.0,22.0,183
49.963,GIRO,1,7,1,-164.74,630.0,90.12,106.0,37.9,2195.7,,145.3,100.0,22.0,183
49.988,GIRO,1,7,1,-164.74,630.0,90.12,,40.3,1295.5,,,100.0,22.0,184
50.014,GIRO,1,7,1,-164.74,630.0,90.12,,41.7,800.3,,,100.0,22.0,184
50.038,GIRO,1,7,1,-164.74,630.0,90.12,,42.4,528.0,,,100.0,22.0,184
50.064,GIRO,1,7,1,-164.74,630.0,90.12,105.9,42.5,1280.4,,148.4,100.0,22.0,181
50.089,GIRO,1,7,1,-164.74,630.0,90.12,105.9,42.5,1694.2,,148.4,100.0,22.0,181
50.114,GIRO,1,7,1,-164.74,630.0,90.12,105.9,42.5,1921.8,,148.4,100.0,22.0,181
50.139,GIRO,1,7,1,-164.74,630.0,90.12,106.1,41.8,2047.0,,147.2,100.0,22.0,181
50.164,GIRO,1,7,1,-164.74,630.0,90.12,106.1,41.4,2115.9,,147.2,100.0,22.0,181
50.189,GIRO,1,7,1,-164.74,630.0,90.12,106.4,40.6,2153.7,,146.4,100.0,22.0,182
50.214,GIRO,1,7,1,-164.74,630.0,90.12,106.5,40.2,2174.5,,146.4,100.0,22.0,182
50.239,GIRO,1,7,1,-164.74,630.0,90.12,106.6,40.0,2186.0,,146.4,100.0,22.0,182
50.264,GIRO,1,7,1,-164.74,630.0,90.12,107.4,,1399.1,,,100.0,22.0,181
50.289,GIRO,1,7,1,-164.74,630.0,90.12,107.9,,966.3,,,100.0,22.0,181
50.316,GIRO,1,7,1,-164.74,630.0,90.12,108.2,,728.2,,,100.0,22.0,181
50.339,GIRO,1,7,1,-164.74,630.0,90.12,,43.5,491.1,,,100.0,22.0,182
50.364,GIRO,1,7,1,-164.74,630.0,90.12,,43.5,360.7,,,100.0,22.0,182
50.389,GIRO,1,7,1,-164.74,630.0,90.12,30.7,,290.0,,,100.0,22.0,181
50.414,GIRO,1,7,1,-164.74,630.0,90.12,30.7,,251.1,,,100.0,22.0,181
50.439,GIRO,1,7,1,-164.74,630.0,90.12,30.7,,229.8,,,100.0,22.0,181
50.465,GIRO,1,7,1,-164.74,630.0,90.12,65.0,,1116.4,,,100.0,22.0,183
50.49,GIRO,1,7,1,-164.74,630.0,90.12,83.8,,1604.0,,,100.0,22.0,183
50.515,GIRO,1,7,1,-164.74,630.0,90.12,94.1,,1872.2,,,100.0,22.0,183
50.54,GIRO,1,7,1,-164.74,630.0,90.12,100.3,41.8,2019.7,,149.6,100.0,22.0,182
50.565,GIRO,1,7,1,-164.74,630.0,90.12,103.7,41.8,2100.8,,149.6,100.0,22.0,182
50.59,GIRO,1,7,1,-164.74,630.0,90.12,105.1,42.4,2145.5,453.9,150.1,100.0,22.0,187
50.615,GIRO,1,7,1,-164.74,630.0,90.12,105.9,42.8,2170.0,453.9,150.1,100.0,22.0,187
50.641,GIRO,1,7,1,-164.74,630.0,90.12,106.4,42.9,2183.5,453.9,150.1,100.0,22.0,187
50.665,GIRO,1,7,1,-164.74,630.0,90.12,,42.6,1290.5,,,100.0,22.0,182
50.69,GIRO,1,7,1,-164.74,630.0,90.12,,42.4,799.3,,,100.0,22.0,182
50.715,GIRO,1,7,1,-164.74,630.0,90.12,,42.3,529.2,,,100.0,22.0,182
50.741,GIRO,1,7,1,-164.74,630.0,90.12,104.0,42.5,1281.1,,146.8,100.0,22.0,186
50.765,GIRO,1,7,1,-164.74,630.0,90.12,104.0,42.7,1694.6,,146.8,100.0,22.0,186
50.79,GIRO,1,7,1,-164.74,630.0,90.12,104.1,41.3,1922.0,,143.9,100.0,22.0,179
50.815,GIRO,1,7,1,-164.74,630.0,90.12,104.1,40.6,2047.1,,143.9,100.0,22.0,179
50.84,GIRO,1,7,1,-164.74,630.0,90.12,104.2,40.2,2115.9,,143.9,100.0,22.0,179
50.866,GIRO,1,7,1,-164.74,630.0,90.12,104.8,39.2,1258.4,,143.4,100.0,22.0,177
50.891,GIRO,1,7,1,-164.74,630.0,90.12,105.1,38.6,786.8,,143.4,100.0,22.0,177
50.916,GIRO,1,7,1,-164.74,630.0,90.12,105.3,38.3,527.4,,143.4,100.0,22.0,177
50.941,GIRO,1,7,1,-164.74,630.0,90.12,,41.0,377.4,,,100.0,22.0,181
50.966,GIRO,1,7,1,-164.74,630.0,90.12,,42.5,294.9,,,100.0,22.0,181
50.991,GIRO,1,7,1,-164.74,630.0,90.12,,43.2,250.5,,,100.0,22.0,185
51.016,GIRO,1,7,1,-164.74,630.0,90.12,,43.7,226.1,,,100.0,22.0,185
51.041,GIRO,1,7,1,-164.74,630.0,90.12,,43.9,212.7,,,100.0,22.0,185
51.066,GIRO,1,7,1,-164.74,630.0,90.12,31.6,44.0,205.5,,75.6,100.0,22.0,184
51.091,GIRO,1,7,1,-164.74,630.0,90.12,31.6,44.0,201.6,,75.6,100.0,22.0,184
51.116,GIRO,1,7,1,-164.74,630.0,90.12,31.6,44.0,199.4,,75.6,100.0,22.0,184
51.141,GIRO,1,7,1,-164.74,630.0,90.12,65.5,41.6,1099.7,,145.6,100.0,22.0,182
51.166,GIRO,1,7,1,-164.74,630.0,90.12,84.1,40.3,1594.8,,145.6,100.0,22.0,182
51.192,GIRO,1,7,1,-164.74,630.0,90.12,93.8,,1867.2,,,100.0,22.0,185
51.216,GIRO,1,7,1,-164.74,630.0,90.12,99.2,,2016.9,,,100.0,22.0,185
51.241,GIRO,1,7,1,-164.74,630.0,90.12,102.1,,2099.3,,,100.0,22.0,185
51.266,GIRO,1,7,1,-164.74,630.0,90.12,68.2,,1244.7,,,100.0,22.0,184
51.291,GIRO,1,7,1,-164.74,630.0,90.12,49.6,,774.6,,,100.0,22.0,184
51.317,GIRO,1,7,1,-164.74,630.0,90.12,39.3,,516.1,,,100.0,22.0,184
51.342,GIRO,1,7,1,-164.74,630.0,90.12,69.2,22.0,379.1,,127.6,100.0,22.0,180
51.367,GIRO,1,7,1,-164.74,630.0,90.12,85.6,22.0,303.8,,127.6,100.0,22.0,180
51.392,GIRO,1,7,1,-164.74,630.0,90.12,95.4,30.3,1157.1,,147.9,100.0,22.0,185
51.418,GIRO,1,7,1,-164.74,630.0,90.12,100.8,34.9,1626.4,,147.9,100.0,22.0,185
51.442,GIRO,1,7,1,-164.74,630.0,90.12,103.8,37.4,1884.5,,147.9,100.0,22.0,185
51.467,GIRO,1,7,1,-164.74,630.0,90.12,105.0,37.2,2026.5,,143.5,100.0,22.0,184
51.493,GIRO,1,7,1,-164.74,630.0,90.12,105.7,37.1,2104.6,,143.5,100.0,22.0,184
51.518,GIRO,1,7,1,-164.74,630.0,90.12,106.1,37.0,2147.5,,143.5,100.0,22.0,184
51.542,GIRO,1,7,1,-164.74,630.0,90.12,71.6,39.3,1271.2,,71.7,100.0,22.0,183
51.567,GIRO,1,7,1,-164.74,630.0,90.12,52.7,40.6,789.2,,71.7,100.0,22.0,183
51.592,GIRO,1,7,1,-164.74,630.0,90.12,76.7,40.5,1424.1,,146.5,100.0,22.0,179
51.617,GIRO,1,7,1,-164.74,630.0,90.12,90.0,40.4,1773.2,,146.5,100.0,22.0,179
51.643,GIRO,1,7,1,-164.74,630.0,90.12,97.2,40.4,1965.3,,146.5,100.0,22.0,179
51.667,GIRO,1,7,1,-164.74,630.0,90.12,,40.4,1169.2,,,100.0,22.0,184
51.692,GIRO,1,7,1,-164.74,630.0,90.12,,40.4,731.4,,,100.0,22.0,184
51.719,GIRO,1,7,1,-164.74,630.0,90.12,,40.4,490.6,,,100.0,22.0,184
51.742,GIRO,1,7,1,-164.74,630.0,90.12,25.6,39.8,356.0,,64.6,100.0,22.0,181
51.767,GIRO,1,7,1,-164.74,630.0,90.12,25.6,39.4,282.0,,64.6,100.0,22.0,181
51.793,GIRO,1,7,1,-164.74,630.0,90.12,25.1,,243.2,,,100.0,22.0,180
51.817,GIRO,1,7,1,-164.74,630.0,90.12,24.8,,221.8,,,100.0,22.0,180
51.843,GIRO,1,7,1,-164.74,630.0,90.12,24.7,,210.1,,,100.0,22.0,180
51.868,GIRO,1,7,1,-164.74,630.0,90.12,62.7,43.8,1105.5,,153.0,100.0,22.0,185
51.893,GIRO,1,7,1,-164.74,630.0,90.12,83.6,43.8,1598.0,,153.0,100.0,22.0,185
51.919,GIRO,1,7,1,-164.74,630.0,90.12,95.1,43.8,1868.9,,153.0,100.0,22.0,185
51.944,GIRO,1,7,1,-164.74,630.0,90.12,100.5,44.3,2017.9,,151.9,100.0,22.0,184
51.968,GIRO,1,7,1,-164.74,630.0,90.12,103.5,44.5,2099.8,,151.9,100.0,22.0,184
51.993,GIRO,1,7,1,-164.74,630.0,90.12,,45.0,1241.1,,,100.0,22.0,185
52.018,GIRO,1,7,1,-164.74,630.0,90.12,,45.3,768.8,,,100.0,22.0,185
52.043,GIRO,1,7,1,-164.74,630.0,90.12,,45.4,509.0,,,100.0,22.0,185
52.069,GIRO,1,7,1,-164.74,630.0,90.12,108.7,44.7,362.2,,152.5,100.0,22.0,186
52.094,GIRO,1,7,1,-164.74,630.0,90.12,108.7,44.3,281.4,,152.5,100.0,22.0,186
52.119,GIRO,1,7,1,-164.74,630.0,90.12,108.7,44.1,237.0,,152.5,100.0,22.0,186
52.144,GIRO,1,7,1,-164.74,630.0,90.12,109.2,36.3,225.0,,136.6,100.0,22.0,182
52.17,GIRO,1,7,1,-164.74,630.0,90.12,109.5,32.0,218.5,,136.6,100.0,22.0,182
52.193,GIRO,1,7,1,-164.74,630.0,90.12,,36.8,205.2,,,100.0,22.0,182
52.218,GIRO,1,7,1,-164.74,630.0,90.12,,39.5,197.9,,,100.0,22.0,182
52.243,GIRO,1,7,1,-164.74,630.0,90.12,,40.9,193.9,,,100.0,22.0,182
52.269,GIRO,1,7,1,-164.74,630.0,90.12,,43.1,192.8,,,100.0,22.0,185
52.294,GIRO,1,7,1,-164.74,630.0,90.12,,44.4,192.2,,,100.0,22.0,185
52.319,GIRO,1,7,1,-164.74,630.0,90.12,,45.0,191.9,,,100.0,22.0,185
52.344,GIRO,1,7,1,-164.74,630.0,90.12,57.9,46.2,200.2,355.6,105.6,100.0,22.0,184
52.369,GIRO,1,7,1,-164.74,630.0,90.12,57.9,46.9,204.8,355.6,105.6,100.0,22.0,184
52.395,SIGUE_MURO,1,7,1,-164.74,630.0,111.92,44.9,47.6,202.5,,77.4,100.0,22.0,191
52.42,SIGUE_MURO,1,7,1,-164.74,630.0,110.61,37.7,48.0,201.2,,77.4,100.0,22.0,191
52.445,SIGUE_MURO,1,7,1,-164.74,630.0,109.86,33.8,48.2,200.5,,77.4,100.0,22.0,191
52.47,SIGUE_MURO,1,7,1,-164.74,630.0,94.79,29.0,47.5,201.6,267.8,69.6,100.0,22.0,187
52.495,SIGUE_MURO,1,7,1,-164.74,630.0,94.71,26.3,47.1,202.3,267.8,69.6,100.0,22.0,187
52.52,SIGUE_MURO,1,7,1,-164.74,630.0,94.66,24.8,46.8,202.6,267.8,69.6,100.0,22.0,187
52.545,SIGUE_MURO,1,7,1,-164.74,630.0,63.97,62.9,,193.7,,,100.0,22.0,185
52.57,SIGUE_MURO,1,7,1,-164.74,630.0,63.97,83.8,,188.7,,,100.0,22.0,185
52.595,SIGUE_MURO,1,7,1,-164.74,630.0,115.97,96.6,47.5,1093.8,,159.7,100.0,24.8,184
52.62,SIGUE_MURO,1,7,1,-164.74,630.0,115.97,103.6,47.5,1591.6,,159.7,100.0,24.8,184
