t,state,dir,corners,laps,yaw,target_yaw,head_err,d_inner,d_outer,front,inner_end,corridor,steer,speed,n_pts
0.008,SIGUE_MURO,0,0,0,0.23,0.0,-0.23,,,2200.0,,,-0.6,44.9,174
0.033,SIGUE_MURO,0,0,0,0.23,0.0,-0.23,,,2200.0,,,-0.6,44.9,174
0.058,SIGUE_MURO,0,0,0,0.23,0.0,-0.23,,,2200.0,,,-0.6,44.9,174
0.084,SIGUE_MURO,0,0,0,0.23,0.0,-0.23,,,2200.0,,,-0.6,44.9,174
0.109,SIGUE_MURO,0,0,0,0.23,0.0,-0.23,,,2200.0,,,-0.6,44.9,174
0.134,SIGUE_MURO,0,0,0,0.23,0.0,-0.23,,,2200.0,,,-0.6,44.9,174
0.159,SIGUE_MURO,0,0,0,0.23,0.0,-0.23,,,2200.0,,,-0.6,44.9,170
0.184,SIGUE_MURO,0,0,0,0.23,0.0,-0.23,,,2200.0,,,-0.6,44.9,170
0.209,SIGUE_MURO,0,0,0,0.23,0.0,-0.23,,,2200.0,,,-0.6,44.9,170
0.234,SIGUE_MURO,0,0,0,0.23,0.0,-0.23,,,2200.0,,,-0.6,44.9,170
0.259,SIGUE_MURO,0,0,0,0.23,0.0,-0.23,,,2200.0,,,-0.6,44.9,170
0.284,SIGUE_MURO,0,0,0,0.23,0.0,-0.23,,,2200.0,,,-0.6,44.9,170
0.309,SIGUE_MURO,0,0,0,0.23,0.0,-0.23,,,2200.0,,,-0.6,44.9,170
0.335,SIGUE_MURO,0,0,0,0.23,0.0,-0.23,,,2200.0,,,-0.6,44.9,174
0.359,SIGUE_MURO,0,0,0,0.23,0.0,-0.23,,,2200.0,,,-0.6,44.9,174
0.384,SIGUE_MURO,0,0,0,0.23,0.0,-0.23,,,2200.0,,,-0.6,44.9,174
0.409,SIGUE_MURO,0,0,0,0.23,0.0,-0.23,,,2200.0,,,-0.6,44.9,174
0.434,SIGUE_MURO,0,0,0,0.23,0.0,-0.23,,,2200.0,,,-0.6,44.9,174
0.46,SIGUE_MURO,0,0,0,0.23,0.0,-0.23,,,2200.0,,,-0.6,44.9,174
0.485,SIGUE_MURO,0,0,0,0.23,0.0,-0.23,,,2200.0,,,-0.6,44.9,174
0.51,SIGUE_MURO,0,0,0,0.23,0.0,-0.23,,,2200.0,,,-0.6,44.9,169
0.536,SIGUE_MURO,0,0,0,0.23,0.0,-0.23,,,2200.0,,,-0.6,44.9,169
0.56,SIGUE_MURO,0,0,0,0.23,0.0,-0.23,,,2200.0,,,-0.6,44.9,169
0.585,SIGUE_MURO,0,0,0,0.23,0.0,-0.23,,,2200.0,,,-0.6,44.9,169
0.61,SIGUE_MURO,0,0,0,0.23,0.0,-0.23,,,2200.0,,,-0.6,44.9,169
0.635,SIGUE_MURO,0,0,0,0.23,0.0,-0.23,,,2200.0,,,-0.6,44.9,169
0.66,SIGUE_MURO,0,0,0,0.23,0.0,-0.23,,,2200.0,,,-0.6,44.9,169
0.685,SIGUE_MURO,0,0,0,0.23,0.0,-0.23,,,2200.0,,,-0.6,44.9,171
0.71,SIGUE_MURO,0,0,0,0.23,0.0,-0.23,,,2200.0,,,-0.6,44.9,171
0.735,SIGUE_MURO,0,0,0,0.23,0.0,-0.23,,,2200.0,,,-0.6,44.9,171
0.76,SIGUE_MURO,0,0,0,0.23,0.0,-0.23,,,2200.0,,,-0.6,44.9,171
0.785,SIGUE_MURO,0,0,0,0.23,0.0,-0.23,,,2200.0,,,-0.6,44.9,171
0.81,SIGUE_MURO,0,0,0,0.23,0.0,-0.23,,,2200.0,,,-0.6,44.9,171
0.835,SIGUE_MURO,0,0,0,0.23,0.0,-0.23,,,2200.0,,,-0.6,44.9,171
0.862,SIGUE_MURO,0,0,0,0.23,0.0,-0.23,,,2200.0,,,-0.6,44.9,171
0.886,SIGUE_MURO,0,0,0,0.23,0.0,-0.23,,,2200.0,,,-0.6,44.9,171
0.911,SIGUE_MURO,0,0,0,0.23,0.0,-0.23,,,2200.0,,,-0.6,44.9,171
0.936,SIGUE_MURO,0,0,0,0.23,0.0,-0.23,,,2200.0,,,-0.6,44.9,171
0.961,SIGUE_MURO,0,0,0,0.23,0.0,-0.23,,,2200.0,,,-0.6,44.9,171
0.987,SIGUE_MURO,0,0,0,0.23,0.0,-0.23,,,2200.0,,,-0.6,44.9,171
1.011,SIGUE_MURO,0,0,0,0.23,0.0,-0.23,,,2200.0,,,-0.6,44.9,171
1.036,SIGUE_MURO,0,0,0,0.23,0.0,-0.23,,,2200.0,,,-0.6,44.9,171
1.061,SIGUE_MURO,0,0,0,0.23,0.0,-0.23,,,2200.0,,,-0.6,44.9,170
1.087,SIGUE_MURO,0,0,0,0.23,0.0,-0.23,,,2200.0,,,-0.6,44.9,170
1.111,SIGUE_MURO,0,0,0,0.23,0.0,-0.23,,,2200.0,,,-0.6,44.9,170
1.136,SIGUE_MURO,0,0,0,0.23,0.0,-0.23,,,2200.0,,,-0.6,44.9,170
1.161,SIGUE_MURO,0,0,0,0.23,0.0,-0.23,,,2200.0,,,-0.6,44.9,170
1.186,SIGUE_MURO,0,0,0,0.23,0.0,-0.23,,,2200.0,,,-0.6,44.9,170
1.213,SIGUE_MURO,0,0,0,0.23,0.0,-0.23,,,2200.0,,,-0.6,44.9,170
1.236,SIGUE_MURO,0,0,0,0.23,0.0,-0.23,,,2200.0,,,-0.6,44.9,168
1.261,SIGUE_MURO,0,0,0,0.23,0.0,-0.23,,,2200.0,,,-0.6,44.9,168
1.286,SIGUE_MURO,0,0,0,0.23,0.0,-0.23,,,2200.0,,,-0.6,44.9,168
1.312,SIGUE_MURO,0,0,0,0.23,0.0,-0.23,,,2200.0,,,-0.6,44.9,168
1.337,SIGUE_MURO,0,0,0,0.23,0.0,-0.23,,,2200.0,,,-0.6,44.9,168
1.362,SIGUE_MURO,0,0,0,0.23,0.0,-0.23,,,2200.0,,,-0.6,44.9,168
1.387,SIGUE_MURO,0,0,0,0.23,0.0,-0.23,,,2200.0,,,-0.6,44.9,168
1.412,SIGUE_MURO,0,0,0,0.23,0.0,-0.23,,,2200.0,,,-0.6,44.9,174
1.437,SIGUE_MURO,0,0,0,0.23,0.0,-0.23,,,2200.0,,,-0.6,44.9,174
1.462,SIGUE_MURO,0,0,0,0.23,0.0,-0.23,,,2200.0,,,-0.6,44.9,174
1.487,SIGUE_MURO,0,0,0,0.23,0.0,-0.23,,,2200.0,,,-0.6,44.9,174
1.512,SIGUE_MURO,0,0,0,0.23,0.0,-0.23,,,2200.0,,,-0.6,44.9,174
1.537,SIGUE_MURO,0,0,0,0.0,0.0,0.0,,,2200.0,,,0.0,45.0,174
1.562,SIGUE_MURO,0,0,0,0.0,0.0,0.0,,,2200.0,,,0.0,45.0,174
1.587,SIGUE_MURO,0,0,0,0.0,0.0,0.0,,,2200.0,,,0.0,45.0,173
1.612,SIGUE_MURO,0,0,0,0.0,0.0,0.0,,,2200.0,,,0.0,45.0,173
1.637,SIGUE_MURO,0,0,0,0.0,0.0,0.0,,,2200.0,,,0.0,45.0,173
1.662,SIGUE_MURO,0,0,0,0.0,0.0,0.0,,,2200.0,,,0.0,45.0,173
1.687,SIGUE_MURO,0,0,0,0.0,0.0,0.0,,,2200.0,,,0.0,45.0,173
1.712,SIGUE_MURO,0,0,0,0.0,0.0,0.0,,,2200.0,,,0.0,45.0,173
1.737,SIGUE_MURO,0,0,0,0.0,0.0,0.0,,,2200.0,,,0.0,45.0,173
1.763,SIGUE_MURO,0,0,0,-0.07,0.0,0.07,,,2200.0,,,0.2,45.0,173
1.788,SIGUE_MURO,0,0,0,-0.07,0.0,0.07,,,1833.9,,,0.2,45.0,178
1.813,SIGUE_MURO,0,0,0,-0.55,0.0,0.55,,,1632.5,,,1.3,44.7,178
1.838,SIGUE_MURO,0,0,0,-0.55,0.0,0.55,,,1521.7,,,1.3,44.7,178
1.864,SIGUE_MURO,0,0,0,-0.79,0.0,0.79,,,1460.8,,,1.9,44.6,178
1.888,SIGUE_MURO,0,0,0,-0.79,0.0,0.79,,,1427.3,,,1.9,44.6,178
1.913,SIGUE_MURO,0,0,0,-1.11,0.0,1.11,,,1408.9,,,2.7,44.5,178
1.938,SIGUE_MURO,0,0,0,-1.11,0.0,1.11,,,1398.7,,,2.7,44.5,178
1.963,SIGUE_MURO,0,0,0,-1.11,0.0,1.11,,,1350.1,,,2.7,44.5,179
1.988,SIGUE_MURO,0,0,0,-1.61,0.0,1.61,,,1323.4,,,3.9,44.2,179
2.013,SIGUE_MURO,0,0,0,-1.61,0.0,1.61,,,1308.7,,,3.9,44.2,179
2.039,SIGUE_MURO,0,0,0,-1.9,0.0,1.9,,,1300.6,,,4.6,44.1,179
2.064,SIGUE_MURO,0,0,0,-1.9,0.0,1.9,,,1296.2,,,4.6,44.1,179
2.088,SIGUE_MURO,0,0,0,-2.62,0.0,2.62,,,1293.7,,,6.3,43.7,179
2.114,SIGUE_MURO,0,0,0,-2.62,0.0,2.62,,,1292.4,,,6.3,43.7,179
2.139,SIGUE_MURO,0,0,0,-3.03,0.0,3.03,,,1254.2,,,7.3,43.5,175
2.164,SIGUE_MURO,0,0,0,-3.03,0.0,3.03,,,1233.3,,,7.3,43.5,175
2.191,SIGUE_MURO,0,0,0,-3.39,0.0,3.39,,,1221.7,,,8.1,43.4,175
2.214,SIGUE_MURO,0,0,0,-3.39,0.0,3.39,,,1215.4,,,8.1,43.4,175
2.239,SIGUE_MURO,0,0,0,-4.06,0.0,4.06,,,1211.9,,,9.7,43.0,175
2.264,SIGUE_MURO,0,0,0,-4.06,0.0,4.06,,,1210.0,,,9.7,43.0,175
2.289,SIGUE_MURO,0,0,0,-4.06,0.0,4.06,,,1208.9,,,9.7,43.0,175
2.314,SIGUE_MURO,0,0,0,-4.35,0.0,4.35,,,1186.0,,,10.4,42.9,171
2.339,SIGUE_MURO,0,0,0,-4.35,0.0,4.35,,,1173.4,,,10.4,42.9,171
2.364,SIGUE_MURO,0,0,0,-4.57,0.0,4.57,,,1166.5,,,11.0,42.8,171
2.389,SIGUE_MURO,0,0,0,-4.57,0.0,4.57,,,1162.7,,,11.0,42.8,171
2.414,SIGUE_MURO,0,0,0,-5.08,0.0,5.08,,,1160.6,,,12.2,42.5,171
2.439,SIGUE_MURO,0,0,0,-5.08,0.0,5.08,,,1159.4,,,12.2,42.5,171
2.465,SIGUE_MURO,0,0,0,-5.37,0.0,5.37,,,1158.8,,,12.9,42.4,171
2.49,SIGUE_MURO,0,0,0,-5.37,0.0,5.37,,,1158.4,,,12.9,42.4,171
2.514,SIGUE_MURO,0,0,0,-5.65,0.0,5.65,,,1137.7,,,13.6,42.3,166
2.54,SIGUE_MURO,0,0,0,-5.65,0.0,5.65,,,1126.3,,,13.6,42.3,166
2.565,SIGUE_MURO,0,0,0,-6.26,0.0,6.26,,,1120.0,,,15.0,42.0,166
2.59,SIGUE_MURO,0,0,0,-6.26,0.0,6.26,,,1116.6,,,15.0,42.0,166
2.615,SIGUE_MURO,0,0,0,-6.26,0.0,6.26,,,1114.7,,,15.0,42.0,166
2.64,SIGUE_MURO,0,0,0,-6.5,0.0,6.5,,,1113.6,,,15.6,41.8,166
2.665,SIGUE_MURO,0,0,0,-6.5,0.0,6.5,,,1113.1,,,15.6,41.8,166
2.689,SIGUE_MURO,0,0,0,-6.8,0.0,6.8,,,1103.1,,,16.3,41.7,162
2.714,SIGUE_MURO,0,0,0,-6.8,0.0,6.8,,,1097.6,,,16.3,41.7,162
2.74,SIGUE_MURO,0,0,0,-7.62,0.0,7.62,,,1094.6,,,18.3,41.3,162
2.764,SIGUE_MURO,0,0,0,-7.62,0.0,7.62,,,1092.9,,,18.3,41.3,162
2.789,SIGUE_MURO,0,0,0,-7.91,0.0,7.91,,,1092.0,,,19.0,41.2,162
2.814,SIGUE_MURO,0,0,0,-7.91,0.0,7.91,,,1091.5,,,19.0,41.2,162
2.839,SIGUE_MURO,0,0,0,-8.8,0.0,8.8,,,1091.2,,,21.1,40.7,162
2.864,SIGUE_MURO,0,0,0,-8.8,0.0,8.8,,,1110.8,,,21.1,40.7,156
2.89,SIGUE_MURO,0,0,0,-9.03,0.0,9.03,,,1121.6,,,21.7,40.6,156
2.914,SIGUE_MURO,0,0,0,-9.03,0.0,9.03,,,1127.5,,,21.7,40.6,156
2.939,SIGUE_MURO,0,0,0,-9.03,0.0,9.03,,,1130.7,,,21.7,40.6,156
2.965,SIGUE_MURO,0,0,0,-9.42,0.0,9.42,,,1132.5,,,22.6,40.4,156
2.99,SIGUE_MURO,0,0,0,-9.42,0.0,9.42,,,1133.5,,,22.6,40.4,156
3.015,SIGUE_MURO,0,0,0,-10.16,0.0,10.16,,,1134.1,,,24.4,40.1,156
3.04,SIGUE_MURO,0,0,0,-10.16,0.0,10.16,,,1613.7,,,24.4,40.1,153
3.066,SIGUE_MURO,0,0,0,-10.66,0.0,10.66,,,1877.6,,,25.6,39.8,153
3.091,SIGUE_MURO,0,0,0,-10.66,0.0,10.66,,,2022.7,,,25.6,39.8,153
3.116,SIGUE_MURO,0,0,0,-11.15,0.0,11.15,,,2102.5,,,26.8,39.6,153
3.141,SIGUE_MURO,0,0,0,-11.15,0.0,11.15,,,2146.4,,,26.8,39.6,153
3.166,SIGUE_MURO,0,0,0,-12.12,0.0,12.12,,,2170.5,,,29.1,39.1,153
3.191,SIGUE_MURO,0,0,0,-12.12,0.0,12.12,,,2183.8,,,29.1,39.1,153
3.216,SIGUE_MURO,0,0,0,-12.64,0.0,12.64,,,2191.1,,,30.3,38.9,143
3.241,SIGUE_MURO,0,0,0,-12.64,0.0,12.64,,,2195.1,,,30.3,38.9,143
3.266,SIGUE_MURO,0,0,0,-12.64,0.0,12.64,,,2197.3,,,30.3,38.9,143
3.291,SIGUE_MURO,0,0,0,-13.11,0.0,13.11,,,2198.5,,,31.5,38.6,143
3.316,SIGUE_MURO,0,0,0,-13.11,0.0,13.11,,,2199.2,,,31.5,38.6,143
3.341,SIGUE_MURO,0,0,0,-14.17,0.0,14.17,,,2199.6,,,34.0,38.1,143
3.366,SIGUE_MURO,0,0,0,-14.17,0.0,14.17,,,2199.8,,,34.0,38.1,143
3.392,SIGUE_MURO,0,0,0,-14.81,0.0,14.81,,,2199.9,,,35.5,37.8,143
3.416,SIGUE_MURO,0,0,0,-14.81,0.0,14.81,,,2199.9,,,35.5,37.8,131
3.441,SIGUE_MURO,0,0,0,-15.41,0.0,15.41,,,2200.0,,,37.0,37.5,131
3.467,SIGUE_MURO,0,0,0,-15.41,0.0,15.41,,,2200.0,,,37.0,37.5,131
3.492,SIGUE_MURO,0,0,0,-16.95,0.0,16.95,,,2200.0,,,40.7,36.8,131
3.517,SIGUE_MURO,0,0,0,-16.95,0.0,16.95,,,2200.0,,,40.7,36.8,131
3.542,SIGUE_MURO,0,0,0,-17.55,0.0,17.55,,,2200.0,,,42.1,36.5,131
3.567,SIGUE_MURO,0,0,0,-17.55,0.0,17.55,,,2200.0,,,42.1,36.5,131
3.592,SIGUE_MURO,0,0,0,-17.55,0.0,17.55,,,2200.0,,,42.1,36.5,117
3.617,SIGUE_MURO,0,0,0,-18.3,0.0,18.3,,,2200.0,,,43.9,36.1,117
3.642,SIGUE_MURO,0,0,0,-18.3,0.0,18.3,,,2200.0,,,43.9,36.1,117
3.667,SIGUE_MURO,0,0,0,-19.74,0.0,19.74,,,2200.0,,,47.4,35.4,117
3.692,SIGUE_MURO,0,0,0,-19.74,0.0,19.74,,,2200.0,,,47.4,35.4,117
3.717,SIGUE_MURO,0,0,0,-20.36,0.0,20.36,,,2200.0,,,48.9,35.1,117
3.742,SIGUE_MURO,0,0,0,-20.36,0.0,20.36,,,2200.0,,,48.9,35.1,117
3.767,SIGUE_MURO,0,0,0,-22.14,0.0,22.14,,,2200.0,,,53.1,34.2,102
3.792,SIGUE_MURO,0,0,0,-22.14,0.0,22.14,,,2200.0,,,53.1,34.2,102
3.817,SIGUE_MURO,0,0,0,-22.96,0.0,22.96,,,2200.0,,,55.1,33.8,102
3.843,SIGUE_MURO,0,0,0,-22.96,0.0,22.96,,,2200.0,,,55.1,33.8,102
3.867,SIGUE_MURO,1,0,0,-23.87,0.0,23.87,,,2200.0,,,57.3,33.4,102
3.892,SIGUE_MURO,1,0,0,-23.87,0.0,23.87,,,2200.0,,,57.3,33.4,102
3.917,SIGUE_MURO,1,0,0,-23.87,0.0,23.87,,,2200.0,,,57.3,33.4,102
3.943,SIGUE_MURO,1,0,0,-25.82,0.0,25.82,,,2200.0,,,62.0,32.5,83
3.968,SIGUE_MURO,1,0,0,-25.82,0.0,25.82,,,2200.0,,,62.0,32.5,83
3.993,SIGUE_MURO,1,0,0,-26.95,0.0,26.95,,,2200.0,,,64.7,31.9,83
4.018,SIGUE_MURO,1,0,0,-26.95,0.0,26.95,,,2200.0,,,64.7,31.9,83
4.043,SIGUE_MURO,1,0,0,-27.93,0.0,27.93,,,2200.0,,,67.0,31.4,83
4.069,SIGUE_MURO,1,0,0,-27.93,0.0,27.93,,,2200.0,,,67.0,31.4,83
4.093,SIGUE_MURO,1,0,0,-30.16,0.0,30.16,,,2200.0,,,72.4,30.3,83
4.118,SIGUE_MURO,1,0,0,-30.16,0.0,30.16,,,2200.0,,,72.4,30.3,62
4.143,SIGUE_MURO,1,0,0,-31.31,0.0,31.31,,,2200.0,,,75.1,29.8,62
4.169,SIGUE_MURO,1,0,0,-31.31,0.0,31.31,,,2200.0,,,75.1,29.8,62
4.193,SIGUE_MURO,1,0,0,-32.55,0.0,32.55,,,2200.0,,,78.1,29.2,62
4.218,SIGUE_MURO,1,0,0,-32.55,0.0,32.55,,,2200.0,,,78.1,29.2,62
4.244,SIGUE_MURO,1,0,0,-34.96,0.0,34.96,,,2200.0,,,83.9,28.0,62
4.269,SIGUE_MURO,1,0,0,-34.96,0.0,34.96,,,2200.0,,,83.9,28.0,62
4.294,SIGUE_MURO,1,0,0,-34.96,0.0,34.96,,,2200.0,,,83.9,28.0,62
4.319,SIGUE_MURO,1,0,0,-36.31,0.0,36.31,,,2200.0,,,87.1,27.4,55
4.343,SIGUE_MURO,1,0,0,-36.31,0.0,36.31,,,2200.0,,,87.1,27.4,55
4.368,SIGUE_MURO,1,0,0,-37.72,0.0,37.72,,,2200.0,,,90.5,26.7,55
4.394,SIGUE_MURO,1,0,0,-37.72,0.0,37.72,,,2200.0,,,90.5,26.7,55
4.418,SIGUE_MURO,1,0,0,-40.49,0.0,40.49,,,2200.0,,,97.2,25.3,55
4.443,SIGUE_MURO,1,0,0,-40.49,0.0,40.49,,,2200.0,,,97.2,25.3,55
4.469,SIGUE_MURO,1,0,0,-41.9,0.0,41.9,,,2200.0,,,100.0,24.8,55
4.494,SIGUE_MURO,1,0,0,-41.9,0.0,41.9,,,2200.0,,,100.0,24.8,83
4.519,SIGUE_MURO,1,0,0,-44.79,0.0,44.79,,,2200.0,,,100.0,24.8,83
4.544,SIGUE_MURO,1,0,0,-44.79,0.0,44.79,,,2200.0,,,100.0,24.8,83
4.569,SIGUE_MURO,1,0,0,-44.79,0.0,44.79,,,2200.0,,,100.0,24.8,83
4.594,SIGUE_MURO,1,0,0,-46.25,0.0,46.25,,,2200.0,,,100.0,24.8,83
4.619,SIGUE_MURO,1,0,0,-46.25,0.0,46.25,,,2200.0,,,100.0,24.8,83
4.644,SIGUE_MURO,1,0,0,-47.67,0.0,47.67,,,2200.0,,,100.0,24.8,83
4.669,SIGUE_MURO,1,0,0,-47.67,0.0,47.67,,,2200.0,,,100.0,24.8,102
4.694,SIGUE_MURO,1,0,0,-50.47,0.0,50.47,,,2200.0,,,100.0,24.8,102
4.723,SIGUE_MURO,1,0,0,-50.47,0.0,50.47,,,2200.0,,,100.0,24.8,102
4.745,SIGUE_MURO,1,0,0,-51.99,0.0,51.99,,,2200.0,,,100.0,24.8,102
4.77,SIGUE_MURO,1,0,0,-51.99,0.0,51.99,,,2200.0,,,100.0,24.8,102
4.795,SIGUE_MURO,1,0,0,-53.39,0.0,53.39,,,2200.0,,,100.0,24.8,102
4.82,SIGUE_MURO,1,0,0,-53.39,0.0,53.39,,,2200.0,,,100.0,24.8,102
4.845,SIGUE_MURO,1,0,0,-56.09,0.0,56.09,,,2200.0,,,100.0,24.8,112
4.87,SIGUE_MURO,1,0,0,-56.09,0.0,56.09,,,2200.0,,,100.0,24.8,112
4.895,SIGUE_MURO,1,0,0,-56.09,0.0,56.09,,,2200.0,,,100.0,24.8,112
4.92,SIGUE_MURO,1,0,0,-57.4,0.0,57.4,,,2200.0,,,100.0,24.8,112
4.945,SIGUE_MURO,1,0,0,-57.4,0.0,57.4,,,2200.0,,,100.0,24.8,112
4.97,SIGUE_MURO,1,0,0,-58.92,0.0,58.92,,,2200.0,,,100.0,24.8,112
4.995,SIGUE_MURO,1,0,0,-58.92,0.0,58.92,,,2200.0,,,100.0,24.8,112
5.02,SIGUE_MURO,1,0,0,-61.96,0.0,61.96,,,2200.0,,,100.0,24.8,112
5.045,SIGUE_MURO,1,0,0,-61.96,0.0,61.96,,,2200.0,,,100.0,24.8,80
5.07,SIGUE_MURO,1,0,0,-63.46,0.0,63.46,,,2200.0,,,100.0,24.8,80
5.095,SIGUE_MURO,1,0,0,-63.46,0.0,63.46,,,2200.0,,,100.0,24.8,80
5.12,SIGUE_MURO,1,0,0,-65.07,0.0,65.07,,,2200.0,,,100.0,24.8,80
5.145,SIGUE_MURO,1,0,0,-65.07,0.0,65.07,,,2200.0,,,100.0,24.8,80
5.17,SIGUE_MURO,1,0,0,-68.4,0.0,68.4,,,2200.0,,,100.0,24.8,80
5.195,SIGUE_MURO,1,0,0,-68.4,0.0,68.4,,,2200.0,,,100.0,24.8,80
5.222,SIGUE_MURO,1,0,0,-68.4,0.0,94.4,1841.6,,2200.0,,,100.0,24.8,73
5.247,SIGUE_MURO,1,0,0,-70.04,0.0,96.04,1841.6,,2200.0,,,100.0,24.8,73
5.273,SIGUE_MURO,1,0,0,-70.04,0.0,96.04,1841.6,,2200.0,,,100.0,24.8,73
5.297,SIGUE_MURO,1,0,0,-73.28,0.0,99.28,1841.6,,2200.0,,,100.0,24.8,73
5.322,SIGUE_MURO,1,0,0,-73.28,0.0,99.28,1841.6,,2200.0,,,100.0,24.8,73
5.347,SIGUE_MURO,1,0,0,-74.92,0.0,100.92,1841.6,,2200.0,,,100.0,24.8,73
5.372,SIGUE_MURO,1,0,0,-74.92,0.0,100.92,1841.6,,2200.0,,,100.0,24.8,73
5.397,SIGUE_MURO,1,0,0,-76.51,0.0,102.51,1922.5,,2200.0,,,100.0,24.8,89
5.422,SIGUE_MURO,1,0,0,-76.51,0.0,102.51,1967.0,,2200.0,,,100.0,24.8,89
5.447,SIGUE_MURO,1,0,0,-79.84,0.0,105.84,1991.5,,2200.0,,,100.0,24.8,89
5.472,SIGUE_MURO,1,0,0,-79.84,0.0,105.84,2004.9,,2200.0,,,100.0,24.8,89
5.498,SIGUE_MURO,1,0,0,-81.46,0.0,107.46,2012.3,,2200.0,,,100.0,24.8,89
5.522,SIGUE_MURO,1,0,0,-81.46,0.0,107.46,2016.4,,2200.0,,,100.0,24.8,89
5.547,SIGUE_MURO,1,0,0,-81.46,0.0,107.46,2018.6,,2200.0,,,100.0,24.8,89
5.571,SIGUE_MURO,1,0,0,-82.99,0.0,82.99,,,2200.0,,,100.0,24.8,91
5.596,SIGUE_MURO,1,0,0,-82.99,0.0,82.99,,,2200.0,,,100.0,24.8,91
5.622,SIGUE_MURO,1,0,0,-86.12,0.0,86.12,,,2200.0,,,100.0,24.8,91
5.647,SIGUE_MURO,1,0,0,-86.12,0.0,86.12,,,2200.0,,,100.0,24.8,91
5.672,SIGUE_MURO,1,0,0,-87.59,0.0,87.59,,,2200.0,,,100.0,24.8,91
5.698,SIGUE_MURO,1,0,0,-87.59,0.0,87.59,,,2200.0,,,100.0,24.8,91
5.722,SIGUE_MURO,1,0,0,-89.05,0.0,89.05,,,2200.0,,,100.0,24.8,91
5.747,SIGUE_MURO,1,0,0,-89.05,0.0,89.05,,,2200.0,,,100.0,24.8,98
5.772,SIGUE_MURO,1,0,0,-92.09,0.0,92.09,,,2200.0,,,100.0,24.8,98
5.797,SIGUE_MURO,1,0,0,-92.09,0.0,92.09,,,2200.0,,,100.0,24.8,98
5.822,SIGUE_MURO,1,0,0,-93.64,0.0,93.64,,,2200.0,,,100.0,24.8,98
5.847,SIGUE_MURO,1,0,0,-93.64,0.0,93.64,,,2200.0,,,100.0,24.8,98
5.872,SIGUE_MURO,1,0,0,-93.64,0.0,93.64,,,2200.0,,,100.0,24.8,98
5.897,SIGUE_MURO,1,0,0,-96.45,0.0,96.45,,,2200.0,,,100.0,24.8,98
5.922,SIGUE_MURO,1,0,0,-96.45,0.0,96.45,,,2200.0,,,100.0,24.8,98
5.949,SIGUE_MURO,1,0,0,-97.89,0.0,82.0,241.1,,2200.0,811.0,,100.0,24.8,110
5.973,SIGUE_MURO,1,0,0,-97.89,0.0,81.92,241.1,,2200.0,811.0,,100.0,24.8,110
5.999,SIGUE_MURO,1,0,0,-99.3,0.0,83.26,241.1,,2200.0,811.0,,100.0,24.8,110
6.024,SIGUE_MURO,1,0,0,-99.3,0.0,83.18,241.1,,2200.0,811.0,,100.0,24.8,110
6.049,SIGUE_MURO,1,0,0,-102.19,0.0,86.0,241.1,,2200.0,811.0,,100.0,24.8,110
6.074,SIGUE_MURO,1,0,0,-102.19,0.0,85.92,241.1,,2200.0,811.0,,100.0,24.8,110
6.099,SIGUE_MURO,1,0,0,-103.58,0.0,87.24,241.1,,2200.0,811.0,,100.0,24.8,110
6.124,SIGUE_MURO,1,0,0,-103.58,0.0,84.37,223.7,,2200.0,778.0,,100.0,24.8,103
6.15,SIGUE_MURO,1,0,0,-104.99,0.0,84.17,214.1,,2200.0,778.0,,100.0,24.8,103
6.174,SIGUE_MURO,1,0,0,-104.99,0.0,83.25,208.8,,2200.0,778.0,,100.0,24.8,103
6.199,SIGUE_MURO,1,0,0,-104.99,0.0,82.71,205.9,,2200.0,778.0,,100.0,24.8,103
6.224,SIGUE_MURO,1,0,0,-108.12,0.0,85.51,204.4,,2200.0,778.0,,100.0,24.8,103
6.249,SIGUE_MURO,1,0,0,-108.12,0.0,85.3,203.5,,2200.0,778.0,,100.0,24.8,103
6.276,SIGUE_MURO,1,0,0,-109.6,0.0,86.63,203.0,,2200.0,778.0,,100.0,24.8,103
6.299,SIGUE_MURO,1,0,0,-109.6,0.0,83.21,182.1,,2200.0,778.0,,100.0,24.8,105
6.324,SIGUE_MURO,1,0,0,-111.13,0.0,83.93,170.6,,2200.0,778.0,,100.0,24.8,105
6.349,SIGUE_MURO,1,0,0,-111.13,0.0,83.85,164.3,,2200.0,778.0,,100.0,24.8,105
6.375,SIGUE_MURO,1,0,0,-114.16,0.0,86.81,160.8,,2200.0,778.0,,100.0,24.8,105
6.4,SIGUE_MURO,1,0,0,-114.16,0.0,86.73,158.9,,2200.0,778.0,,100.0,24.8,105
6.425,SIGUE_MURO,1,0,0,-115.69,0.0,88.19,157.8,,2200.0,778.0,,100.0,24.8,105
6.45,SIGUE_MURO,1,0,0,-115.69,0.0,88.11,157.3,,2200.0,778.0,,100.0,24.8,105
6.476,SIGUE_MURO,1,0,0,-117.16,0.0,89.51,136.0,,2200.0,788.7,,100.0,24.8,124
6.5,SIGUE_MURO,1,0,0,-117.16,0.0,89.43,124.3,,2200.0,788.7,,100.0,24.8,124
6.525,SIGUE_MURO,1,0,0,-117.16,0.0,89.36,117.9,,2200.0,788.7,,100.0,24.8,124
6.55,SIGUE_MURO,1,0,0,-119.95,0.0,92.07,114.3,,2200.0,788.7,,100.0,24.8,124
6.575,SIGUE_MURO,1,0,0,-119.95,0.0,92.0,112.4,,2200.0,788.7,,100.0,24.8,124
6.6,SIGUE_MURO,1,0,0,-121.24,0.0,93.21,111.3,,2200.0,788.7,,100.0,24.8,124
6.625,SIGUE_MURO,1,0,0,-121.24,0.0,93.13,110.7,,2200.0,788.7,,100.0,24.8,124
6.651,SIGUE_MURO,1,0,0,-124.03,0.0,95.85,110.4,,2200.0,788.7,,100.0,24.8,124
6.675,SIGUE_MURO,1,0,0,-124.03,0.0,95.85,88.3,,2200.0,,,100.0,24.8,144
6.701,SIGUE_MURO,1,0,0,-125.3,0.0,97.12,76.2,,2200.0,,,100.0,24.8,144
6.725,SIGUE_MURO,1,0,0,-125.3,0.0,97.12,69.5,,2200.0,,,100.0,24.8,144
6.75,SIGUE_MURO,1,0,0,-126.63,0.0,98.45,65.8,,2200.0,,,100.0,24.8,144
6.776,SIGUE_MURO,1,0,0,-126.63,0.0,98.45,63.8,,2200.0,,,100.0,24.8,144
6.801,SIGUE_MURO,1,0,0,-129.0,0.0,100.82,62.7,,2200.0,,,100.0,24.8,144
6.826,SIGUE_MURO,1,0,0,-129.0,0.0,100.82,62.1,,2200.0,,,100.0,24.8,144
6.851,SIGUE_MURO,1,0,0,-129.0,0.0,126.82,,,2200.0,,,100.0,24.8,168
6.876,SIGUE_MURO,1,0,0,-130.43,0.0,128.25,,,2200.0,,,100.0,24.8,168
6.901,SIGUE_MURO,1,0,0,-130.43,0.0,128.25,,,2200.0,,,100.0,24.8,168
6.926,SIGUE_MURO,1,0,0,-131.78,0.0,129.6,,,2200.0,,,100.0,24.8,168
6.951,SIGUE_MURO,1,0,0,-131.78,0.0,129.6,,,2200.0,,,100.0,24.8,168
6.976,SIGUE_MURO,1,0,0,-134.43,0.0,132.25,,,2200.0,,,100.0,24.8,168
7.001,SIGUE_MURO,1,0,0,-134.43,0.0,132.25,,,2200.0,,,100.0,24.8,168
7.027,SIGUE_MURO,1,0,0,-135.8,0.0,159.62,,57.8,1287.1,,,100.0,24.8,194
7.051,SIGUE_MURO,1,0,0,-135.8,0.0,159.62,,57.8,785.0,,,100.0,24.8,194
7.076,GIRO,1,1,0,-137.13,90.0,-135.05,,57.8,508.8,,,89.5,22.0,194
7.101,GIRO,1,1,0,-137.13,90.0,-135.05,,57.8,356.9,,,79.0,22.0,194
7.127,GIRO,1,1,0,-139.87,90.0,-132.31,,57.8,273.4,,,68.4,22.1,194
7.152,GIRO,1,1,0,-139.87,90.0,-132.31,,57.8,227.4,,,57.9,23.7,194
7.177,GIRO,1,1,0,-139.87,90.0,-132.31,,57.8,202.2,,,47.4,25.2,194
7.201,GIRO,1,1,0,-141.19,90.0,-130.99,,,188.3,,,36.8,26.7,214
7.226,GIRO,1,1,0,-141.19,90.0,-130.99,,,180.6,,,26.3,28.2,214
7.251,GIRO,1,1,0,-142.63,90.0,-129.55,,,176.4,,,15.8,29.7,214
7.276,GIRO,1,1,0,-142.63,90.0,-129.55,,,174.1,,,5.3,31.2,214
7.301,GIRO,1,1,0,-144.77,90.0,-127.41,,,172.8,,,-5.3,31.2,214
7.326,GIRO,1,1,0,-144.77,90.0,-127.41,,,172.1,,,-15.8,29.7,214
7.351,GIRO,1,1,0,-145.15,90.0,-127.03,,,171.7,,,-26.3,28.2,214
7.376,GIRO,1,1,0,-145.15,90.0,-127.03,,,171.5,,,-36.8,26.7,214
7.401,GIRO,1,1,0,-145.76,90.0,-126.42,,,171.4,,,-47.4,25.2,214
7.426,GIRO,1,1,0,-145.76,90.0,-126.42,,,171.4,,,-57.9,23.7,214
7.451,GIRO,1,1,0,-146.21,90.0,-125.97,,,171.3,,,-68.4,22.1,214
7.476,GIRO,1,1,0,-146.21,90.0,-125.97,,,171.3,,,-78.9,22.0,214
7.501,GIRO,1,1,0,-146.21,90.0,-125.97,,,171.3,,,-89.5,22.0,214
7.526,GIRO,1,1,0,-146.95,90.0,-125.23,,,171.3,,,-100.0,22.0,214
7.551,GIRO,1,1,0,-146.95,90.0,-125.23,,,171.3,,,-100.0,22.0,214
7.576,GIRO,1,1,0,-148.48,90.0,-123.7,,,171.3,,,-100.0,22.0,214
7.601,GIRO,1,1,0,-148.48,90.0,-123.7,,,171.3,,,-100.0,22.0,214
7.626,GIRO,1,1,0,-149.67,90.0,-122.51,,,171.3,,,-100.0,22.0,214
7.651,GIRO,1,1,0,-149.67,90.0,-122.51,,,171.3,,,-100.0,22.0,214
7.676,GIRO,1,1,0,-150.77,90.0,-121.41,,,171.3,,,-100.0,22.0,214
7.702,GIRO,1,1,0,-150.77,90.0,-121.41,,,171.3,,,-100.0,22.0,214
7.727,GIRO,1,1,0,-150.75,90.0,-121.43,,,171.3,,,-100.0,22.0,214
7.752,GIRO,1,1,0,-150.75,90.0,-121.43,,,171.3,,,-100.0,22.0,214
7.777,GIRO,1,1,0,-150.93,90.0,-121.25,,,171.3,,,-100.0,22.0,214
7.802,GIRO,1,1,0,-150.93,90.0,-121.25,,,171.3,,,-100.0,22.0,214
7.827,GIRO,1,1,0,-150.93,90.0,-121.25,,,171.3,,,-100.0,22.0,214
7.852,GIRO,1,1,0,-150.47,90.0,-121.71,,,171.3,,,-100.0,22.0,214
7.877,GIRO,1,1,0,-150.47,90.0,-121.71,,,171.3,,,-100.0,22.0,214
7.903,GIRO,1,1,0,-150.17,90.0,-122.01,,,171.3,,,-100.0,22.0,214
7.927,GIRO,1,1,0,-150.17,90.0,-122.01,,,171.3,,,-100.0,22.0,214
7.952,GIRO,1,1,0,-150.2,90.0,-121.98,,,171.3,,,-100.0,22.0,214
7.977,GIRO,1,1,0,-150.2,90.0,-121.98,,,171.3,,,-100.0,22.0,214
8.002,GIRO,1,1,0,-150.2,90.0,-121.98,,,171.3,,,-100.0,22.0,214
8.028,GIRO,1,1,0,-150.2,90.0,-121.98,,,171.3,,,-100.0,22.0,214
8.052,GIRO,1,1,0,-150.2,90.0,-121.98,,,171.3,,,-100.0,22.0,214
8.077,GIRO,1,1,0,-150.2,90.0,-121.98,,,171.3,,,-100.0,22.0,214
8.103,GIRO,1,1,0,-150.18,90.0,-122.0,,,171.3,,,-100.0,22.0,214
8.128,GIRO,1,1,0,-150.18,90.0,-122.0,,,171.3,,,-100.0,22.0,214
8.153,GIRO,1,1,0,-150.18,90.0,-122.0,,,171.3,,,-100.0,22.0,214
8.178,GIRO,1,1,0,-150.18,90.0,-122.0,,,171.3,,,-100.0,22.0,214
8.203,GIRO,1,1,0,-150.18,90.0,-122.0,,,171.3,,,-100.0,22.0,214
8.228,GIRO,1,1,0,-150.16,90.0,-122.02,,,171.3,,,-100.0,22.0,214
8.253,GIRO,1,1,0,-150.16,90.0,-122.02,,,171.3,,,-100.0,22.0,214
8.278,GIRO,1,1,0,-150.16,90.0,-122.02,,,171.3,,,-100.0,22.0,214
8.303,GIRO,1,1,0,-150.16,90.0,-122.02,,,171.3,,,-100.0,22.0,214
8.328,GIRO,1,1,0,-150.16,90.0,-122.02,,,171.3,,,-100.0,22.0,214
8.353,GIRO,1,1,0,-150.16,90.0,-122.02,,,171.3,,,-100.0,22.0,214
8.378,GIRO,1,1,0,-150.13,90.0,-122.05,,,171.3,,,-100.0,22.0,214
8.403,GIRO,1,1,0,-150.13,90.0,-122.05,,,171.3,,,-100.0,22.0,214
8.428,GIRO,1,1,0,-150.17,90.0,-122.01,,,171.3,,,-100.0,22.0,214
8.454,GIRO,1,1,0,-150.17,90.0,-122.01,,,171.3,,,-100.0,22.0,214
8.479,GIRO,1,1,0,-150.17,90.0,-122.01,,,171.3,,,-100.0,22.0,214
8.504,GIRO,1,1,0,-150.17,90.0,-122.01,,,171.3,,,-100.0,22.0,214
8.529,GIRO,1,1,0,-150.17,90.0,-122.01,,,171.3,,,-100.0,22.0,214
8.554,GIRO,1,1,0,-150.19,90.0,-121.99,,,171.3,,,-100.0,22.0,214
8.579,GIRO,1,1,0,-150.19,90.0,-121.99,,,171.3,,,-100.0,22.0,214
8.604,GIRO,1,1,0,-150.19,90.0,-121.99,,,171.3,,,-100.0,22.0,214
8.629,GIRO,1,1,0,-150.19,90.0,-121.99,,,171.3,,,-100.0,22.0,214
8.654,GIRO,1,1,0,-150.19,90.0,-121.99,,,171.3,,,-100.0,22.0,214
8.679,GIRO,1,1,0,-150.19,90.0,-121.99,,,171.3,,,-100.0,22.0,214
8.704,GIRO,1,1,0,-150.23,90.0,-121.95,,,171.3,,,-100.0,22.0,214
8.729,GIRO,1,1,0,-150.23,90.0,-121.95,,,171.3,,,-100.0,22.0,214
8.754,GIRO,1,1,0,-150.23,90.0,-121.95,,,171.3,,,-100.0,22.0,214
8.779,GIRO,1,1,0,-150.23,90.0,-121.95,,,171.3,,,-100.0,22.0,214
8.805,GIRO,1,1,0,-150.23,90.0,-121.95,,,171.3,,,-100.0,22.0,214
8.83,GIRO,1,1,0,-150.23,90.0,-121.95,,,171.3,,,-100.0,22.0,214
8.855,GIRO,1,1,0,-150.23,90.0,-121.95,,,171.3,,,-100.0,22.0,214
8.88,GIRO,1,1,0,-150.2,90.0,-121.98,,,171.3,,,-100.0,22.0,214
8.905,GIRO,1,1,0,-150.2,90.0,-121.98,,,171.3,,,-100.0,22.0,214
8.93,GIRO,1,1,0,-150.22,90.0,-121.96,,,171.3,,,-100.0,22.0,214
8.955,GIRO,1,1,0,-150.22,90.0,-121.96,,,171.3,,,-100.0,22.0,214
8.98,GIRO,1,1,0,-150.22,90.0,-121.96,,,171.3,,,-100.0,22.0,214
9.006,GIRO,1,1,0,-150.22,90.0,-121.96,,,171.3,,,-100.0,22.0,214
9.03,GIRO,1,1,0,-150.22,90.0,-121.96,,,171.3,,,-100.0,22.0,214
9.055,GIRO,1,1,0,-150.22,90.0,-121.96,,,171.3,,,-100.0,22.0,214
9.08,GIRO,1,1,0,-150.22,90.0,-121.96,,,171.3,,,-100.0,22.0,214
9.105,GIRO,1,1,0,-150.22,90.0,-121.96,,,171.3,,,-100.0,22.0,214
9.131,GIRO,1,1,0,-150.22,90.0,-121.96,,,171.3,,,-100.0,22.0,214
9.155,GIRO,1,1,0,-150.22,90.0,-121.96,,,171.3,,,-100.0,22.0,214
9.18,GIRO,1,1,0,-150.22,90.0,-121.96,,,171.3,,,-100.0,22.0,214
9.205,GIRO,1,1,0,-150.27,90.0,-121.91,,,171.3,,,-100.0,22.0,214
9.231,GIRO,1,1,0,-150.27,90.0,-121.91,,,171.3,,,-100.0,22.0,214
9.256,GIRO,1,1,0,-150.29,90.0,-121.89,,,171.3,,,-100.0,22.0,214
9.281,GIRO,1,1,0,-150.29,90.0,-121.89,,,171.3,,,-100.0,22.0,214
9.306,GIRO,1,1,0,-150.29,90.0,-121.89,,,171.3,,,-100.0,22.0,214
9.331,GIRO,1,1,0,-150.29,90.0,-121.89,,,171.3,,,-100.0,22.0,214
9.357,GIRO,1,1,0,-150.29,90.0,-121.89,,,171.3,,,-100.0,22.0,214
9.382,GIRO,1,1,0,-150.29,90.0,-121.89,,,171.3,,,-100.0,22.0,214
9.406,GIRO,1,1,0,-150.31,90.0,-121.87,,,171.3,,,-100.0,22.0,214
9.432,GIRO,1,1,0,-150.31,90.0,-121.87,,,171.3,,,-100.0,22.0,214
9.457,GIRO,1,1,0,-150.31,90.0,-121.87,,,171.3,,,-100.0,22.0,214
9.482,GIRO,1,1,0,-150.31,90.0,-121.87,,,171.3,,,-100.0,22.0,214
9.507,GIRO,1,1,0,-150.31,90.0,-121.87,,,171.3,,,-100.0,22.0,214
9.532,GIRO,1,1,0,-150.31,90.0,-121.87,,,171.3,,,-100.0,22.0,214
9.556,GIRO,1,1,0,-150.31,90.0,-121.87,,,171.3,,,-100.0,22.0,214
9.582,GIRO,1,1,0,-150.3,90.0,-121.88,,,171.3,,,-100.0,22.0,214
9.607,GIRO,1,1,0,-150.3,90.0,-121.88,,,171.3,,,-100.0,22.0,214
9.631,GIRO,1,1,0,-150.31,90.0,-121.87,,,171.3,,,-100.0,22.0,214
9.656,GIRO,1,1,0,-150.31,90.0,-121.87,,,171.3,,,-100.0,22.0,214
9.682,GIRO,1,1,0,-150.3,90.0,-121.88,,,171.3,,,-100.0,22.0,214
9.707,GIRO,1,1,0,-150.3,90.0,-121.88,,,171.3,,,-100.0,22.0,214
9.732,GIRO,1,1,0,-150.34,90.0,-121.84,,,171.3,,,-100.0,22.0,214
9.757,GIRO,1,1,0,-150.34,90.0,-121.84,,,171.3,,,-100.0,22.0,214
9.782,GIRO,1,1,0,-150.34,90.0,-121.84,,,171.3,,,-100.0,22.0,214
9.807,GIRO,1,1,0,-150.34,90.0,-121.84,,,171.3,,,-100.0,22.0,214
9.832,GIRO,1,1,0,-150.34,90.0,-121.84,,,171.3,,,-100.0,22.0,214
9.857,GIRO,1,1,0,-150.34,90.0,-121.84,,,171.3,,,-100.0,22.0,214
9.882,GIRO,1,1,0,-150.34,90.0,-121.84,,,171.3,,,-100.0,22.0,214
9.908,GIRO,1,1,0,-150.34,90.0,-121.84,,,171.3,,,-100.0,22.0,214
9.932,GIRO,1,1,0,-150.34,90.0,-121.84,,,171.3,,,-100.0,22.0,214
9.957,GIRO,1,1,0,-150.38,90.0,-121.8,,,171.3,,,-100.0,22.0,214
9.982,GIRO,1,1,0,-150.38,90.0,-121.8,,,171.3,,,-100.0,22.0,214
10.007,GIRO,1,1,0,-150.38,90.0,-121.8,,,171.3,,,-100.0,22.0,214
10.032,GIRO,1,1,0,-150.38,90.0,-121.8,,,171.3,,,-100.0,22.0,214
10.058,GIRO,1,1,0,-150.38,90.0,-121.8,,,171.3,,,-100.0,22.0,214
10.083,GIRO,1,1,0,-150.38,90.0,-121.8,,,171.3,,,-100.0,22.0,214
10.108,GIRO,1,1,0,-150.38,90.0,-121.8,,,171.3,,,-100.0,22.0,214
10.133,GIRO,1,1,0,-150.38,90.0,-121.8,,,171.3,,,-100.0,22.0,214
10.158,GIRO,1,1,0,-150.38,90.0,-121.8,,,171.3,,,-100.0,22.0,214
10.183,GIRO,1,1,0,-150.38,90.0,-121.8,,,171.3,,,-100.0,22.0,214
10.208,GIRO,1,1,0,-150.38,90.0,-121.8,,,171.3,,,-100.0,22.0,214
10.233,GIRO,1,1,0,-150.38,90.0,-121.8,,,171.3,,,-100.0,22.0,214
10.258,GIRO,1,1,0,-150.38,90.0,-121.8,,,171.3,,,-100.0,22.0,214
10.283,GIRO,1,1,0,-150.35,90.0,-121.83,,,171.3,,,-100.0,22.0,214
10.308,GIRO,1,1,0,-150.35,90.0,-121.83,,,171.3,,,-100.0,22.0,214
10.333,GIRO,1,1,0,-150.35,90.0,-121.83,,,171.3,,,-100.0,22.0,214
10.358,GIRO,1,1,0,-150.35,90.0,-121.83,,,171.3,,,-100.0,22.0,214
10.383,GIRO,1,1,0,-150.35,90.0,-121.83,,,171.3,,,-100.0,22.0,214
10.408,GIRO,1,1,0,-150.35,90.0,-121.83,,,171.3,,,-100.0,22.0,214
10.433,GIRO,1,1,0,-150.35,90.0,-121.83,,,171.3,,,-100.0,22.0,214
10.459,GIRO,1,1,0,-150.35,90.0,-121.83,,,171.3,,,-100.0,22.0,214
10.484,GIRO,1,1,0,-150.35,90.0,-121.83,,,171.3,,,-100.0,22.0,214
10.508,GIRO,1,1,0,-150.37,90.0,-121.81,,,171.3,,,-100.0,22.0,214
10.534,GIRO,1,1,0,-150.37,90.0,-121.81,,,171.3,,,-100.0,22.0,214
10.559,GIRO,1,1,0,-150.37,90.0,-121.81,,,171.3,,,-100.0,22.0,214
10.584,GIRO,1,1,0,-150.37,90.0,-121.81,,,171.3,,,-100.0,22.0,214
10.609,GIRO,1,1,0,-150.37,90.0,-121.81,,,171.3,,,-100.0,22.0,214
10.634,GIRO,1,1,0,-150.37,90.0,-121.81,,,171.3,,,-100.0,22.0,214
10.659,GIRO,1,1,0,-150.37,90.0,-121.81,,,171.3,,,-100.0,22.0,214
10.684,GIRO,1,1,0,-150.37,90.0,-121.81,,,171.3,,,-100.0,22.0,214
10.709,GIRO,1,1,0,-150.36,90.0,-121.82,,,171.3,,,-100.0,22.0,214
10.734,GIRO,1,1,0,-150.36,90.0,-121.82,,,171.3,,,-100.0,22.0,214
10.76,GIRO,1,1,0,-150.36,90.0,-121.82,,,171.3,,,-100.0,22.0,214
10.784,GIRO,1,1,0,-150.36,90.0,-121.82,,,171.3,,,-100.0,22.0,214
10.809,GIRO,1,1,0,-150.36,90.0,-121.82,,,171.3,,,-100.0,22.0,214
10.835,GIRO,1,1,0,-150.36,90.0,-121.82,,,171.3,,,-100.0,22.0,214
10.86,GIRO,1,1,0,-150.36,90.0,-121.82,,,171.3,,,-100.0,22.0,214
10.885,GIRO,1,1,0,-150.36,90.0,-121.82,,,171.3,,,-100.0,22.0,214
10.91,GIRO,1,1,0,-150.36,90.0,-121.82,,,171.3,,,-100.0,22.0,214
10.935,GIRO,1,1,0,-150.36,90.0,-121.82,,,171.3,,,-100.0,22.0,214
10.96,GIRO,1,1,0,-150.36,90.0,-121.82,,,171.3,,,-100.0,22.0,214
10.985,GIRO,1,1,0,-150.36,90.0,-121.82,,,171.3,,,-100.0,22.0,214
11.01,GIRO,1,1,0,-150.36,90.0,-121.82,,,171.3,,,-100.0,22.0,214
11.035,GIRO,1,1,0,-150.36,90.0,-121.82,,,171.3,,,-100.0,22.0,214
11.06,GIRO,1,1,0,-150.36,90.0,-121.82,,,171.3,,,-100.0,22.0,214
11.085,GIRO,1,1,0,-150.34,90.0,-121.84,,,171.3,,,-100.0,22.0,214
11.11,GIRO,1,1,0,-150.34,90.0,-121.84,,,171.3,,,-100.0,22.0,214
11.135,GIRO,1,1,0,-150.34,90.0,-121.84,,,171.3,,,-100.0,22.0,214
11.16,GIRO,1,1,0,-150.36,90.0,-121.82,,,171.3,,,-100.0,22.0,214
11.185,GIRO,1,1,0,-150.36,90.0,-121.82,,,171.3,,,-100.0,22.0,214
11.211,GIRO,1,1,0,-150.36,90.0,-121.82,,,171.3,,,-100.0,22.0,214
11.236,GIRO,1,1,0,-150.36,90.0,-121.82,,,171.3,,,-100.0,22.0,214
11.26,GIRO,1,1,0,-150.36,90.0,-121.82,,,171.3,,,-100.0,22.0,214
11.286,GIRO,1,1,0,-150.36,90.0,-121.82,,,171.3,,,-100.0,22.0,214
11.311,GIRO,1,1,0,-150.42,90.0,-121.76,,,171.3,,,-100.0,22.0,214
11.336,GIRO,1,1,0,-150.42,90.0,-121.76,,,171.3,,,-100.0,22.0,214
11.361,GIRO,1,1,0,-150.42,90.0,-121.76,,,171.3,,,-100.0,22.0,214
11.386,GIRO,1,1,0,-150.42,90.0,-121.76,,,171.3,,,-100.0,22.0,214
11.411,GIRO,1,1,0,-150.42,90.0,-121.76,,,171.3,,,-100.0,22.0,214
11.437,GIRO,1,1,0,-150.42,90.0,-121.76,,,171.3,,,-100.0,22.0,214
11.462,GIRO,1,1,0,-150.42,90.0,-121.76,,,171.3,,,-100.0,22.0,214
11.487,GIRO,1,1,0,-150.42,90.0,-121.76,,,171.3,,,-100.0,22.0,214
11.512,GIRO,1,1,0,-150.42,90.0,-121.76,,,171.3,,,-100.0,22.0,214
11.538,GIRO,1,1,0,-150.42,90.0,-121.76,,,171.3,,,-100.0,22.0,214
11.562,GIRO,1,1,0,-150.42,90.0,-121.76,,,171.3,,,-100.0,22.0,214
11.587,SIGUE_MURO,1,1,0,-150.45,90.0,-121.73,,,171.3,,,-100.0,22.0,214
11.612,SIGUE_MURO,1,1,0,-150.45,90.0,-121.73,,,171.3,,,-100.0,22.0,214
11.637,SIGUE_MURO,1,1,0,-150.44,90.0,-121.74,,,171.3,,,-100.0,22.0,214
11.663,SIGUE_MURO,1,1,0,-150.44,90.0,-121.74,,,171.3,,,-100.0,22.0,214
11.687,SIGUE_MURO,1,1,0,-150.46,90.0,-121.72,,,171.3,,,-100.0,22.0,214
11.712,SIGUE_MURO,1,1,0,-150.46,90.0,-121.72,,,171.3,,,-100.0,22.0,214
11.737,SIGUE_MURO,1,1,0,-150.46,90.0,-121.72,,,171.3,,,-100.0,22.0,214
11.763,SIGUE_MURO,1,1,0,-150.46,90.0,-121.72,,,171.3,,,-100.0,22.0,214
11.787,SIGUE_MURO,1,1,0,-150.46,90.0,-121.72,,,171.3,,,-100.0,22.0,214
11.812,SIGUE_MURO,1,1,0,-150.49,90.0,-121.69,,,171.3,,,-100.0,22.0,214
11.838,SIGUE_MURO,1,1,0,-150.49,90.0,-121.69,,,171.3,,,-100.0,22.0,214
11.863,SIGUE_MURO,1,1,0,-150.49,90.0,-121.69,,,171.3,,,-100.0,22.0,214
11.888,SIGUE_MURO,1,1,0,-150.49,90.0,-121.69,,,171.3,,,-100.0,22.0,214
11.913,SIGUE_MURO,1,1,0,-150.49,90.0,-121.69,,,171.3,,,-100.0,22.0,214
11.938,SIGUE_MURO,1,1,0,-150.49,90.0,-121.69,,,171.3,,,-100.0,22.0,214
11.963,SIGUE_MURO,1,1,0,-150.49,90.0,-121.69,,,171.3,,,-100.0,22.0,214
11.988,SIGUE_MURO,1,1,0,-150.49,90.0,-121.69,,,171.3,,,-100.0,22.0,214
12.013,SIGUE_MURO,1,1,0,-150.49,90.0,-121.69,,,171.3,,,-100.0,22.0,214
12.038,SIGUE_MURO,1,1,0,-150.49,90.0,-121.69,,,171.3,,,-100.0,22.0,214
12.063,SIGUE_MURO,1,1,0,-150.49,90.0,-121.69,,,171.3,,,-100.0,22.0,214
12.088,SIGUE_MURO,1,1,0,-150.49,90.0,-121.69,,,171.3,,,-100.0,22.0,214
12.114,SIGUE_MURO,1,1,0,-150.49,90.0,-121.69,,,171.3,,,-100.0,22.0,214
12.139,SIGUE_MURO,1,1,0,-150.49,90.0,-121.69,,,171.3,,,-100.0,22.0,214
12.163,SIGUE_MURO,1,1,0,-150.49,90.0,-121.69,,,171.3,,,-100.0,22.0,214
12.189,SIGUE_MURO,1,1,0,-150.49,90.0,-121.69,,,171.3,,,-100.0,22.0,214
12.214,SIGUE_MURO,1,1,0,-150.49,90.0,-121.69,,,171.3,,,-100.0,22.0,214
12.239,SIGUE_MURO,1,1,0,-150.49,90.0,-121.69,,,171.3,,,-100.0,22.0,214
12.264,SIGUE_MURO,1,1,0,-150.49,90.0,-121.69,,,171.3,,,-100.0,22.0,214
12.289,SIGUE_MURO,1,1,0,-150.49,90.0,-121.69,,,171.3,,,-100.0,22.0,214
12.314,SIGUE_MURO,1,1,0,-150.49,90.0,-121.69,,,171.3,,,-100.0,22.0,214
12.339,SIGUE_MURO,1,1,0,-150.49,90.0,-121.69,,,171.3,,,-100.0,22.0,214
12.364,SIGUE_MURO,1,1,0,-150.49,90.0,-121.69,,,171.3,,,-100.0,22.0,214
12.389,SIGUE_MURO,1,1,0,-150.49,90.0,-121.69,,,171.3,,,-100.0,22.0,214
12.414,SIGUE_MURO,1,1,0,-150.49,90.0,-121.69,,,171.3,,,-100.0,22.0,214
12.44,SIGUE_MURO,1,1,0,-150.49,90.0,-121.69,,,171.3,,,-100.0,22.0,214
12.464,SIGUE_MURO,1,1,0,-150.52,90.0,-121.66,,,171.3,,,-100.0,22.0,214
12.489,SIGUE_MURO,1,1,0,-150.52,90.0,-121.66,,,171.3,,,-100.0,22.0,214
12.516,SIGUE_MURO,1,1,0,-150.52,90.0,-121.66,,,171.3,,,-100.0,22.0,214
12.539,SIGUE_MURO,1,1,0,-150.52,90.0,-121.66,,,171.3,,,-100.0,22.0,214
12.564,SIGUE_MURO,1,1,0,-150.52,90.0,-121.66,,,171.3,,,-100.0,22.0,214
12.59,SIGUE_MURO,1,1,0,-150.52,90.0,-121.66,,,171.3,,,-100.0,22.0,214
12.615,SIGUE_MURO,1,1,0,-150.52,90.0,-121.66,,,171.3,,,-100.0,22.0,214
12.641,SIGUE_MURO,1,1,0,-150.52,90.0,-121.66,,,171.3,,,-100.0,22.0,210
12.665,SIGUE_MURO,1,1,0,-150.5,90.0,-121.68,,,171.3,,,-100.0,22.0,210
12.69,SIGUE_MURO,1,1,0,-150.5,90.0,-121.68,,,171.3,,,-100.0,22.0,210
12.715,SIGUE_MURO,1,1,0,-150.5,90.0,-121.68,,,171.3,,,-100.0,22.0,210
12.74,SIGUE_MURO,1,1,0,-150.53,90.0,-121.65,,,171.3,,,-100.0,22.0,210
12.765,SIGUE_MURO,1,1,0,-150.53,90.0,-121.65,,,171.3,,,-100.0,22.0,210
12.79,SIGUE_MURO,1,1,0,-150.53,90.0,-121.65,,,171.3,,,-100.0,22.0,210
12.817,SIGUE_MURO,1,1,0,-150.53,90.0,-95.65,,43.5,171.3,,,-100.0,22.0,209
12.841,SIGUE_MURO,1,1,0,-150.56,90.0,-95.62,,43.5,171.3,,,-100.0,22.0,209
12.867,SIGUE_MURO,1,1,0,-150.56,90.0,-95.62,,43.5,171.3,,,-100.0,22.0,209
12.891,SIGUE_MURO,1,1,0,-150.56,90.0,-95.62,,43.5,171.3,,,-100.0,22.0,209
12.917,SIGUE_MURO,1,1,0,-150.56,90.0,-95.62,,43.5,171.3,,,-100.0,22.0,209
12.942,SIGUE_MURO,1,1,0,-150.56,90.0,-95.62,,43.5,171.3,,,-100.0,22.0,209
12.967,SIGUE_MURO,1,1,0,-150.56,90.0,-95.62,,43.5,171.3,,,-100.0,22.0,209
12.992,SIGUE_MURO,1,1,0,-150.56,90.0,-95.62,,43.3,171.3,,,-100.0,22.0,209
13.017,SIGUE_MURO,1,1,0,-150.56,90.0,-95.62,,43.2,171.3,,,-100.0,22.0,209
13.042,SIGUE_MURO,1,1,0,-150.56,90.0,-95.62,,43.1,171.3,,,-100.0,22.0,209
13.067,SIGUE_MURO,1,1,0,-150.56,90.0,-95.62,,43.1,171.3,,,-100.0,22.0,209
13.092,SIGUE_MURO,1,1,0,-150.56,90.0,-95.62,,43.1,171.3,,,-100.0,22.0,209
13.117,SIGUE_MURO,1,1,0,-150.59,90.0,-95.59,,43.1,171.3,,,-100.0,22.0,209
13.142,SIGUE_MURO,1,1,0,-150.59,90.0,-95.59,,43.1,171.3,,,-100.0,22.0,209
13.167,SIGUE_MURO,1,1,0,-150.59,90.0,-95.59,,43.1,171.3,,,-100.0,22.0,209
13.194,GIRO,1,2,0,-150.59,180.0,-31.59,,45.0,171.3,,,-89.5,22.0,212
13.217,GIRO,1,2,0,-150.59,180.0,-31.59,,46.0,171.3,,,-78.9,22.0,212
13.242,GIRO,1,2,0,-150.59,180.0,-31.59,,46.6,171.3,,,-75.8,22.0,212
13.267,GIRO,1,2,0,-150.66,180.0,-31.52,,46.9,171.3,,,-75.6,22.0,212
13.294,GIRO,1,2,0,-150.66,180.0,-31.52,,47.0,171.3,,,-75.6,22.0,212
13.318,GIRO,1,2,0,-150.66,180.0,-31.52,,47.1,171.3,,,-75.6,22.0,212
13.343,GIRO,1,2,0,-150.66,180.0,-31.52,,47.2,171.3,,,-75.6,22.0,212
13.368,GIRO,1,2,0,-150.66,180.0,-31.52,,45.2,171.3,,,-75.6,22.0,203
13.393,GIRO,1,2,0,-150.68,180.0,-31.5,,44.1,171.3,,,-75.6,22.0,203
13.418,GIRO,1,2,0,-150.68,180.0,-31.5,,43.5,171.3,,,-75.6,22.0,203
13.443,GIRO,1,2,0,-150.68,180.0,-31.5,,43.2,171.3,,,-75.6,22.0,203
13.468,GIRO,1,2,0,-150.68,180.0,-31.5,,43.0,171.3,,,-75.6,22.0,203
13.493,GIRO,1,2,0,-150.65,180.0,-31.53,,42.9,171.3,,,-75.7,22.0,203
13.519,GIRO,1,2,0,-150.65,180.0,-31.53,,42.8,171.3,,,-75.7,22.0,203
13.543,GIRO,1,2,0,-150.67,180.0,-31.51,,44.7,171.3,,,-75.6,22.0,205
13.568,GIRO,1,2,0,-150.67,180.0,-31.51,,45.8,171.3,,,-75.6,22.0,205
13.593,GIRO,1,2,0,-150.67,180.0,-31.51,,46.4,171.3,,,-75.6,22.0,205
13.618,GIRO,1,2,0,-150.67,180.0,-31.51,,46.7,171.3,,,-75.6,22.0,205
13.643,GIRO,1,2,0,-150.67,180.0,-31.51,,46.9,171.3,,,-75.6,22.0,205
13.668,GIRO,1,2,0,-150.67,180.0,-31.51,,47.0,171.3,,,-75.6,22.0,205
13.694,GIRO,1,2,0,-150.67,180.0,-31.51,,47.0,171.3,,,-75.6,22.0,205
13.719,GIRO,1,2,0,-150.67,180.0,-31.51,,44.3,171.3,,,-75.6,22.0,209
13.744,GIRO,1,2,0,-150.67,180.0,-31.51,,42.9,171.3,,,-75.6,22.0,209
13.769,GIRO,1,2,0,-150.67,180.0,-31.51,,42.1,171.3,,,-75.6,22.0,209
13.794,GIRO,1,2,0,-150.67,180.0,-31.51,,41.6,171.3,,,-75.6,22.0,209
13.819,GIRO,1,2,0,-150.67,180.0,-31.51,,41.4,171.3,,,-75.6,22.0,209
13.844,GIRO,1,2,0,-150.67,180.0,-31.51,,41.2,171.3,,,-75.6,22.0,209
13.869,GIRO,1,2,0,-150.69,180.0,-31.49,,41.2,171.3,,,-75.6,22.0,209
13.894,GIRO,1,2,0,-150.69,180.0,-31.49,,41.7,171.3,,,-75.6,22.0,206
13.919,GIRO,1,2,0,-150.69,180.0,-31.49,,42.1,171.3,,,-75.6,22.0,206
13.944,GIRO,1,2,0,-150.69,180.0,-31.49,,42.2,171.3,,,-75.6,22.0,206
13.97,GIRO,1,2,0,-150.72,180.0,-31.46,,42.3,171.3,,,-75.5,22.0,206
13.994,GIRO,1,2,0,-150.72,180.0,-31.46,,42.4,171.3,,,-75.5,22.0,206
14.019,GIRO,1,2,0,-150.72,180.0,-31.46,,42.4,171.3,,,-75.5,22.0,206
14.044,GIRO,1,2,0,-150.75,180.0,-31.43,,42.4,171.3,,,-75.4,22.0,206
14.071,GIRO,1,2,0,-150.75,180.0,-31.43,,42.4,171.3,,,-75.4,22.0,206
14.094,GIRO,1,2,0,-150.75,180.0,-31.43,,42.1,171.3,,,-75.4,22.0,208
14.119,GIRO,1,2,0,-150.75,180.0,-31.43,,41.8,171.3,,,-75.4,22.0,208
14.145,GIRO,1,2,0,-150.75,180.0,-31.43,,41.7,171.3,,,-75.4,22.0,208
14.17,GIRO,1,2,0,-150.75,180.0,-31.43,,41.7,171.3,,,-75.4,22.0,208
14.195,GIRO,1,2,0,-150.77,180.0,-31.41,,41.6,171.3,,,-75.4,22.0,208
14.22,GIRO,1,2,0,-150.77,180.0,-31.41,,41.6,171.3,,,-75.4,22.0,208
14.245,GIRO,1,2,0,-150.82,180.0,-31.36,,41.6,171.3,,,-75.3,22.0,208
14.27,GIRO,1,2,0,-150.82,180.0,-31.36,,42.9,171.3,,,-75.3,22.0,206
14.295,GIRO,1,2,0,-150.83,180.0,-31.35,,43.7,171.3,,,-75.2,22.0,206
14.32,GIRO,1,2,0,-150.83,180.0,-31.35,,44.1,171.3,,,-75.2,22.0,206
14.345,GIRO,1,2,0,-150.83,180.0,-31.35,,44.3,171.3,,,-75.2,22.0,206
14.37,GIRO,1,2,0,-150.83,180.0,-31.35,,44.4,171.3,,,-75.2,22.0,206
14.396,GIRO,1,2,0,-150.83,180.0,-31.35,,44.5,171.3,,,-75.2,22.0,206
14.42,GIRO,1,2,0,-150.86,180.0,-31.32,,44.5,171.3,,,-75.2,22.0,206
14.446,GIRO,1,2,0,-150.86,180.0,-31.32,,44.7,171.3,,,-75.2,22.0,203
14.471,GIRO,1,2,0,-150.86,180.0,-31.32,,44.7,171.3,,,-75.2,22.0,203
14.496,GIRO,1,2,0,-150.86,180.0,-31.32,,44.8,171.3,,,-75.2,22.0,203
14.521,GIRO,1,2,0,-150.86,180.0,-31.32,,44.8,171.3,,,-75.2,22.0,203
14.547,GIRO,1,2,0,-150.86,180.0,-31.32,,44.8,171.3,,,-75.2,22.0,203
14.572,GIRO,1,2,0,-150.86,180.0,-31.32,,44.8,171.3,,,-75.2,22.0,203
14.597,GIRO,1,2,0,-150.86,180.0,-31.32,,44.8,171.3,,,-75.2,22.0,203
14.623,GIRO,1,2,0,-150.86,180.0,-31.32,,47.0,171.3,,,-75.2,22.0,207
14.646,GIRO,1,2,0,-150.86,180.0,-31.32,,48.3,171.3,,,-75.2,22.0,207
14.671,GIRO,1,2,0,-150.86,180.0,-31.32,,49.0,171.3,,,-75.2,22.0,207
14.696,GIRO,1,2,0,-150.86,180.0,-31.32,,49.3,171.3,,,-75.2,22.0,207
14.721,GIRO,1,2,0,-150.86,180.0,-31.32,,49.5,171.3,,,-75.2,22.0,207
14.746,GIRO,1,2,0,-150.93,180.0,-31.25,,49.7,171.3,,,-75.0,22.0,207
14.771,GIRO,1,2,0,-150.93,180.0,-31.25,,49.7,171.3,,,-75.0,22.0,207
14.796,GIRO,1,2,0,-150.96,180.0,-31.22,,47.0,171.3,,,-74.9,22.0,206
14.821,GIRO,1,2,0,-150.96,180.0,-31.22,,45.5,171.3,,,-74.9,22.0,206
14.847,GIRO,1,2,0,-151.0,180.0,-31.18,,44.7,171.3,,,-74.8,22.0,206
14.871,GIRO,1,2,0,-151.0,180.0,-31.18,,44.3,171.3,,,-74.8,22.0,206
14.896,GIRO,1,2,0,-151.0,180.0,-31.18,,44.0,171.3,,,-74.8,22.0,206
14.922,GIRO,1,2,0,-151.0,180.0,-31.18,,43.9,171.3,,,-74.8,22.0,206
14.947,GIRO,1,2,0,-151.0,180.0,-31.18,,43.8,171.3,,,-74.8,22.0,206
14.972,GIRO,1,2,0,-151.0,180.0,-31.18,,43.8,171.3,,,-74.8,22.0,206
14.997,GIRO,1,2,0,-151.0,180.0,-31.18,,42.0,171.3,,,-74.8,22.0,201
15.022,GIRO,1,2,0,-151.0,180.0,-31.18,,41.0,171.3,,,-74.8,22.0,201
15.047,GIRO,1,2,0,-151.0,180.0,-31.18,,40.5,171.3,,,-74.8,22.0,201
15.072,GIRO,1,2,0,-151.0,180.0,-31.18,,40.2,171.3,,,-74.8,22.0,201
15.097,GIRO,1,2,0,-151.0,180.0,-31.18,,40.0,171.3,,,-74.8,22.0,201
15.122,GIRO,1,2,0,-150.96,180.0,-31.22,,39.9,171.3,,,-74.9,22.0,201
15.147,GIRO,1,2,0,-150.96,180.0,-31.22,,39.9,171.3,,,-74.9,22.0,201
15.174,GIRO,1,2,0,-150.96,180.0,-31.22,,40.7,171.3,,,-74.9,22.0,203
15.197,GIRO,1,2,0,-150.96,180.0,-31.22,,41.1,171.3,,,-74.9,22.0,203
15.222,GIRO,1,2,0,-150.96,180.0,-31.22,,41.3,171.3,,,-74.9,22.0,203
15.247,GIRO,1,2,0,-150.96,180.0,-31.22,,41.4,171.3,,,-74.9,22.0,203
15.272,GIRO,1,2,0,-150.96,180.0,-31.22,,41.5,171.3,,,-74.9,22.0,203
15.297,GIRO,1,2,0,-151.04,180.0,-31.14,,41.6,171.3,,,-74.7,22.0,203
15.322,GIRO,1,2,0,-151.04,180.0,-31.14,,41.6,171.3,,,-74.7,22.0,203
15.347,GIRO,1,2,0,-151.06,180.0,-31.12,,41.9,171.3,,,-74.7,22.0,201
15.372,GIRO,1,2,0,-151.06,180.0,-31.12,,42.1,171.3,,,-74.7,22.0,201
15.398,GIRO,1,2,0,-151.06,180.0,-31.12,,42.2,171.3,,,-74.7,22.0,201
15.423,GIRO,1,2,0,-151.06,180.0,-31.12,,42.2,171.3,,,-74.7,22.0,201
15.448,GIRO,1,2,0,-151.08,180.0,-31.1,,42.2,171.3,,,-74.6,22.0,201
15.473,GIRO,1,2,0,-151.08,180.0,-31.1,,42.3,171.3,,,-74.6,22.0,201
15.498,GIRO,1,2,0,-151.08,180.0,-31.1,,42.3,171.3,,,-74.6,22.0,201
15.523,GIRO,1,2,0,-151.08,180.0,-31.1,,42.0,171.3,,,-74.6,22.0,207
15.548,GIRO,1,2,0,-151.08,180.0,-31.1,,41.8,171.3,,,-74.6,22.0,207
15.573,GIRO,1,2,0,-151.08,180.0,-31.1,,41.7,171.3,,,-74.6,22.0,207
15.6,GIRO,1,2,0,-151.08,180.0,-31.1,,41.7,171.3,,,-74.6,22.0,207
15.623,GIRO,1,2,0,-151.08,180.0,-31.1,,41.6,171.3,,,-74.6,22.0,207
15.648,GIRO,1,2,0,-151.08,180.0,-31.1,,41.6,171.3,,,-74.6,22.0,207
15.673,GIRO,1,2,0,-151.08,180.0,-31.1,,41.6,171.3,,,-74.6,22.0,207
15.698,GIRO,1,2,0,-151.08,180.0,-31.1,,41.6,171.3,,,-74.6,22.0,207
15.723,GIRO,1,2,0,-151.08,180.0,-31.1,,38.9,171.3,,,-74.6,22.0,202
15.748,GIRO,1,2,0,-151.08,180.0,-31.1,,37.4,171.3,,,-74.6,22.0,202
15.773,GIRO,1,2,0,-151.16,180.0,-31.02,,36.6,171.3,,,-74.4,22.0,202
15.798,GIRO,1,2,0,-151.16,180.0,-31.02,,36.1,171.3,,,-74.4,22.0,202
15.824,GIRO,1,2,0,-151.16,180.0,-31.02,,35.9,171.3,,,-74.4,22.0,202
15.849,GIRO,1,2,0,-151.16,180.0,-31.02,,35.7,171.3,,,-74.4,22.0,202
15.874,GIRO,1,2,0,-151.16,180.0,-31.02,,35.6,171.3,,,-74.4,22.0,202
15.899,GIRO,1,2,0,-151.16,180.0,-31.02,,37.6,171.3,,,-74.4,22.0,199
15.924,GIRO,1,2,0,-151.16,180.0,-31.02,,38.7,171.3,,,-74.4,22.0,199
15.95,GIRO,1,2,0,-151.16,180.0,-31.02,,39.3,171.3,,,-74.4,22.0,199
15.974,GIRO,1,2,0,-151.16,180.0,-31.02,,39.6,171.3,,,-74.4,22.0,199
15.999,GIRO,1,2,0,-151.16,180.0,-31.02,,39.8,171.3,,,-74.4,22.0,199
16.024,GIRO,1,2,0,-151.16,180.0,-31.02,,39.9,171.3,,,-74.4,22.0,199
16.049,GIRO,1,2,0,-151.16,180.0,-31.02,,40.0,171.3,,,-74.4,22.0,199
16.074,GIRO,1,2,0,-151.16,180.0,-31.02,,44.8,171.3,,,-74.4,22.0,201
16.099,GIRO,1,2,0,-151.16,180.0,-31.02,,47.4,171.3,,,-74.4,22.0,201
16.124,GIRO,1,2,0,-151.16,180.0,-31.02,,48.9,171.3,,,-74.4,22.0,201
16.149,GIRO,1,2,0,-151.16,180.0,-31.02,,49.7,171.3,,,-74.4,22.0,201
16.174,GIRO,1,2,0,-151.16,180.0,-31.02,,50.1,171.3,,,-74.4,22.0,201
16.199,GIRO,1,2,0,-151.18,180.0,-31.0,,50.4,171.3,,,-74.4,22.0,201
16.225,GIRO,1,2,0,-151.18,180.0,-31.0,,50.5,171.3,,,-74.4,22.0,201
16.25,GIRO,1,2,0,-151.18,180.0,-31.0,,43.2,171.3,,,-74.4,22.0,201
16.276,GIRO,1,2,0,-151.2,180.0,-30.98,,39.1,171.3,,,-74.4,22.0,201
16.3,GIRO,1,2,0,-151.2,180.0,-30.98,,36.9,171.3,,,-74.4,22.0,201
16.325,GIRO,1,2,0,-151.2,180.0,-30.98,,35.7,171.3,,,-74.4,22.0,201
16.35,GIRO,1,2,0,-151.2,180.0,-30.98,,35.0,171.3,,,-74.4,22.0,201
16.375,GIRO,1,2,0,-151.21,180.0,-30.97,,34.7,171.3,,,-74.3,22.0,201
16.4,GIRO,1,2,0,-151.21,180.0,-30.97,,34.5,171.3,,,-74.3,22.0,201
16.425,GIRO,1,2,0,-151.21,180.0,-30.97,,39.7,171.3,,,-74.3,22.0,201
16.45,GIRO,1,2,0,-151.21,180.0,-30.97,,42.5,171.3,,,-74.3,22.0,201
16.475,GIRO,1,2,0,-151.27,180.0,-30.91,,44.1,171.3,,,-74.2,22.0,201
16.5,GIRO,1,2,0,-151.27,180.0,-30.91,,45.0,171.3,,,-74.2,22.0,201
16.525,GIRO,1,2,0,-151.3,180.0,-30.88,,45.4,171.3,,,-74.1,22.0,201
16.55,GIRO,1,2,0,-151.3,180.0,-30.88,,45.7,171.3,,,-74.1,22.0,201
16.575,GIRO,1,2,0,-151.3,180.0,-30.88,,45.8,171.3,,,-74.1,22.0,201
16.602,GIRO,1,2,0,-151.3,180.0,-30.88,,45.9,171.3,,,-74.1,22.0,201
16.626,GIRO,1,2,0,-151.3,180.0,-30.88,,45.9,171.3,,,-74.1,22.0,205
16.65,GIRO,1,2,0,-151.3,180.0,-30.88,,45.9,171.3,,,-74.1,22.0,205
16.676,GIRO,1,2,0,-151.3,180.0,-30.88,,45.8,171.3,,,-74.1,22.0,205
16.702,GIRO,1,2,0,-151.3,180.0,-30.88,,45.8,171.3,,,-74.1,22.0,205
16.726,GIRO,1,2,0,-151.3,180.0,-30.88,,45.8,171.3,,,-74.1,22.0,205
16.751,GIRO,1,2,0,-151.3,180.0,-30.88,,45.8,171.3,,,-74.1,22.0,205
16.776,GIRO,1,2,0,-151.3,180.0,-30.88,,45.8,171.3,,,-74.1,22.0,205
16.801,GIRO,1,2,0,-151.3,180.0,-30.88,,45.1,171.3,,,-74.1,22.0,205
16.827,GIRO,1,2,0,-151.3,180.0,-30.88,,44.7,171.3,,,-74.1,22.0,205
16.851,GIRO,1,2,0,-151.3,180.0,-30.88,,44.5,171.3,,,-74.1,22.0,205
16.876,GIRO,1,2,0,-151.3,180.0,-30.88,,44.4,171.3,,,-74.1,22.0,205
16.901,GIRO,1,2,0,-151.3,180.0,-30.88,,44.3,171.3,,,-74.1,22.0,205
16.926,GIRO,1,2,0,-151.35,180.0,-30.83,,44.3,171.3,,,-74.0,22.0,205
16.951,GIRO,1,2,0,-151.35,180.0,-30.83,,44.3,171.3,,,-74.0,22.0,205
16.976,GIRO,1,2,0,-151.35,180.0,-30.83,,44.1,171.3,,,-74.0,22.0,202
17.001,GIRO,1,2,0,-151.35,180.0,-30.83,,44.0,171.3,,,-74.0,22.0,202
17.027,GIRO,1,2,0,-151.35,180.0,-30.83,,44.0,171.3,,,-74.0,22.0,202
17.053,GIRO,1,2,0,-151.35,180.0,-30.83,,44.0,171.3,,,-74.0,22.0,202
17.077,GIRO,1,2,0,-151.37,180.0,-30.81,,44.0,171.3,,,-73.9,22.0,202
17.102,GIRO,1,2,0,-151.37,180.0,-30.81,,43.9,171.3,,,-73.9,22.0,202
17.127,GIRO,1,2,0,-151.38,180.0,-30.8,,43.9,171.3,,,-73.9,22.0,202
17.152,GIRO,1,2,0,-151.38,180.0,-30.8,,45.1,171.3,,,-73.9,22.0,206
17.177,GIRO,1,2,0,-151.38,180.0,-30.8,,45.8,171.3,,,-73.9,22.0,206
17.202,GIRO,1,2,0,-151.38,180.0,-30.8,,46.2,171.3,,,-73.9,22.0,206
17.227,GIRO,1,2,0,-151.38,180.0,-30.8,,46.4,171.3,,,-73.9,22.0,206
17.252,GIRO,1,2,0,-151.38,180.0,-30.8,,46.5,171.3,,,-73.9,22.0,206
17.278,GIRO,1,2,0,-151.38,180.0,-30.8,,46.5,171.3,,,-73.9,22.0,206
17.302,GIRO,1,2,0,-151.4,180.0,-30.78,,46.6,171.3,,,-73.9,22.0,206
17.327,GIRO,1,2,0,-151.4,180.0,-30.78,,46.6,171.3,,,-73.9,22.0,206
17.352,GIRO,1,2,0,-151.4,180.0,-30.78,,45.9,171.3,,,-73.9,22.0,202
17.377,GIRO,1,2,0,-151.4,180.0,-30.78,,45.6,171.3,,,-73.9,22.0,202
17.402,GIRO,1,2,0,-151.4,180.0,-30.78,,45.4,171.3,,,-73.9,22.0,202
17.427,GIRO,1,2,0,-151.4,180.0,-30.78,,45.2,171.3,,,-73.9,22.0,202
17.452,GIRO,1,2,0,-151.4,180.0,-30.78,,45.2,171.3,,,-73.9,22.0,202
17.481,GIRO,1,2,0,-151.4,180.0,-30.78,,45.1,171.3,,,-73.9,22.0,202
17.503,GIRO,1,2,0,-151.37,180.0,-30.81,,45.1,171.3,,,-73.9,22.0,202
17.528,GIRO,1,2,0,-151.37,180.0,-30.81,,44.7,171.3,,,-73.9,22.0,205
17.553,GIRO,1,2,0,-151.37,180.0,-30.81,,44.4,171.3,,,-73.9,22.0,205
17.578,GIRO,1,2,0,-151.39,180.0,-30.79,,44.3,171.3,,,-73.9,22.0,205
17.603,GIRO,1,2,0,-151.39,180.0,-30.79,,44.2,171.3,,,-73.9,22.0,205
17.628,GIRO,1,2,0,-151.4,180.0,-30.78,,44.1,171.3,,,-73.9,22.0,205
17.653,GIRO,1,2,0,-151.4,180.0,-30.78,,44.1,171.3,,,-73.9,22.0,205
17.678,GIRO,1,2,0,-151.42,180.0,-30.76,,44.1,171.3,,,-73.8,22.0,205
17.705,SIGUE_MURO,1,2,0,-151.42,180.0,-4.76,,43.5,171.3,,,-63.3,22.9,197
17.728,SIGUE_MURO,1,2,0,-151.42,180.0,-4.76,,43.2,171.3,,,-52.8,24.4,197
17.754,SIGUE_MURO,1,2,0,-151.42,180.0,-4.76,,43.0,171.3,,,-42.2,25.9,197
17.778,SIGUE_MURO,1,2,0,-151.42,180.0,-4.76,,42.9,171.3,,,-31.7,27.4,197
17.803,SIGUE_MURO,1,2,0,-151.42,180.0,-4.76,,42.8,171.3,,,-21.2,28.9,197
17.829,SIGUE_MURO,1,2,0,-151.42,180.0,-4.76,,42.8,171.3,,,-11.4,30.4,197
17.854,SIGUE_MURO,1,2,0,-151.42,180.0,-4.76,,42.8,171.3,,,-11.4,30.4,197
17.879,SIGUE_MURO,1,2,0,-151.42,180.0,-4.76,,45.1,171.3,,,-11.4,30.4,205
17.904,SIGUE_MURO,1,2,0,-151.41,180.0,-4.77,,46.4,171.3,,,-11.4,30.4,205
17.929,SIGUE_MURO,1,2,0,-151.41,180.0,-4.77,,47.2,171.3,,,-11.4,30.4,205
17.954,SIGUE_MURO,1,2,0,-151.29,180.0,-4.89,,47.5,171.3,,,-11.7,30.3,205
17.979,SIGUE_MURO,1,2,0,-151.29,180.0,-4.89,,47.8,171.3,,,-11.7,30.3,205
18.004,SIGUE_MURO,1,2,0,-151.03,180.0,-5.15,,47.9,171.3,,,-12.4,30.2,205
18.03,SIGUE_MURO,1,2,0,-151.03,180.0,-5.15,,47.9,171.3,,,-12.4,30.2,205
18.054,SIGUE_MURO,1,2,0,-150.02,180.0,-6.16,,48.0,171.3,,,-14.8,29.9,205
18.079,SIGUE_MURO,1,2,0,-150.02,180.0,-6.16,,45.6,171.3,,,-14.8,29.9,208
18.104,SIGUE_MURO,1,2,0,-149.29,180.0,-6.89,,44.2,171.3,,,-16.5,29.6,208
18.129,SIGUE_MURO,1,2,0,-149.29,180.0,-6.89,,43.5,171.3,,,-16.5,29.6,208
18.154,SIGUE_MURO,1,2,0,-149.35,180.0,-6.83,,43.1,171.3,,,-16.4,29.6,208
18.179,SIGUE_MURO,1,2,0,-149.35,180.0,-6.83,,42.9,171.3,,,-16.4,29.6,208
18.204,SIGUE_MURO,1,2,0,-149.35,180.0,-6.83,,42.7,171.3,,,-16.4,29.6,208
18.229,SIGUE_MURO,1,2,0,-149.27,180.0,-6.91,,42.7,171.3,,,-16.6,29.6,208
18.254,SIGUE_MURO,1,2,0,-149.27,180.0,-6.91,,42.6,171.3,,,-16.6,29.6,212
18.279,SIGUE_MURO,1,2,0,-149.27,180.0,-6.91,,42.5,171.3,,,-16.6,29.6,212
18.305,SIGUE_MURO,1,2,0,-149.27,180.0,-6.91,,42.5,171.3,,,-16.6,29.6,212
18.33,SIGUE_MURO,1,2,0,-149.27,180.0,-6.91,,42.5,171.3,,,-16.6,29.6,212
18.355,SIGUE_MURO,1,2,0,-149.27,180.0,-6.91,,42.5,171.3,,,-16.6,29.6,212
18.38,SIGUE_MURO,1,2,0,-149.25,180.0,-6.93,,42.5,171.3,,,-16.6,29.6,212
18.405,SIGUE_MURO,1,2,0,-149.25,180.0,-6.93,,42.5,171.3,,,-16.6,29.6,212
18.43,SIGUE_MURO,1,2,0,-149.22,180.0,-6.96,,43.3,171.3,,,-16.7,29.6,212
18.455,SIGUE_MURO,1,2,0,-149.22,180.0,-6.96,,43.8,171.3,,,-16.7,29.6,212
18.48,SIGUE_MURO,1,2,0,-149.22,180.0,-6.96,,44.0,171.3,,,-16.7,29.6,212
18.505,SIGUE_MURO,1,2,0,-149.22,180.0,-6.96,,44.2,171.3,,,-16.7,29.6,212
18.53,SIGUE_MURO,1,2,0,-149.22,180.0,-6.96,,44.3,171.3,,,-16.7,29.6,212
18.555,SIGUE_MURO,1,2,0,-149.22,180.0,-6.96,,44.3,171.3,,,-16.7,29.6,212
18.58,SIGUE_MURO,1,2,0,-149.22,180.0,-6.96,,44.3,171.3,,,-16.7,29.6,212
18.605,SIGUE_MURO,1,2,0,-149.22,180.0,-6.96,,41.0,171.3,,,-16.7,29.6,212
18.63,RECUPERANDO,1,2,0,-149.22,180.0,-6.96,,39.2,171.3,,,16.7,-38.0,212
18.655,RECUPERANDO,1,2,0,-149.22,180.0,-6.96,,38.1,171.3,,,-16.7,-38.0,212
18.68,RECUPERANDO,1,2,0,-149.22,180.0,-6.96,,37.6,171.3,,,16.7,-38.0,212
18.706,RECUPERANDO,1,2,0,-149.22,180.0,-6.96,,37.3,171.3,,,-16.7,-38.0,212
18.73,RECUPERANDO,1,2,0,-149.22,180.0,-6.96,,37.1,171.3,,,16.7,-38.0,212
18.756,RECUPERANDO,1,2,0,-149.22,180.0,-6.96,,37.0,171.3,,,-16.7,-38.0,212
18.781,RECUPERANDO,1,2,0,-149.22,180.0,-6.96,,33.6,171.3,,,16.7,-38.0,210
18.806,RECUPERANDO,1,2,0,-148.51,180.0,-6.96,,31.7,171.3,,,-16.7,-38.0,210
18.831,RECUPERANDO,1,2,0,-148.51,180.0,-6.96,,30.7,171.3,,,16.7,-38.0,210
18.856,RECUPERANDO,1,2,0,-148.51,180.0,-6.96,,30.1,171.3,,,-16.7,-38.0,210
18.881,RECUPERANDO,1,2,0,-148.39,180.0,-6.96,,29.8,171.3,,,16.7,-38.0,210
18.907,RECUPERANDO,1,2,0,-148.39,180.0,-6.96,,29.6,171.3,,,-16.7,-38.0,210
18.931,RECUPERANDO,1,2,0,-148.34,180.0,-6.96,,29.5,171.3,,,16.7,-38.0,210
18.956,RECUPERANDO,1,2,0,-148.34,180.0,-6.96,,29.5,171.3,,,-16.7,-38.0,210
18.98,RECUPERANDO,1,2,0,-148.09,180.0,-6.96,,,171.3,,,16.7,-38.0,214
19.005,RECUPERANDO,1,2,0,-148.09,180.0,-6.96,,,171.3,,,-16.7,-38.0,214
19.03,RECUPERANDO,1,2,0,-148.28,180.0,-6.96,,,171.3,,,16.7,-38.0,214
19.055,RECUPERANDO,1,2,0,-148.28,180.0,-6.96,,,171.3,,,-16.7,-38.0,214
19.08,RECUPERANDO,1,2,0,-148.33,180.0,-6.96,,,171.3,,,16.7,-38.0,214
19.105,RECUPERANDO,1,2,0,-148.33,180.0,-6.96,,,171.3,,,-16.7,-38.0,214
19.131,RECUPERANDO,1,2,0,-148.43,180.0,-6.96,,,171.3,,,16.7,-38.0,214
19.156,RECUPERANDO,1,2,0,-148.43,180.0,-6.96,,,171.3,,,-16.7,-38.0,214
19.18,RECUPERANDO,1,2,0,-148.43,180.0,-6.96,,,171.3,,,16.7,-38.0,214
19.205,RECUPERANDO,1,2,0,-148.69,180.0,-6.96,,,171.3,,,-16.7,-38.0,214
19.232,RECUPERANDO,1,2,0,-148.69,180.0,-6.96,,,171.3,,,16.7,-38.0,214
19.256,RECUPERANDO,1,2,0,-149.27,180.0,-6.96,,,171.3,,,-16.7,-38.0,214
19.281,RECUPERANDO,1,2,0,-149.27,180.0,-6.96,,,171.3,,,16.7,-38.0,214
19.306,RECUPERANDO,1,2,0,-149.45,180.0,-6.96,,,171.3,,,-16.7,-38.0,214
19.331,RECUPERANDO,1,2,0,-149.45,180.0,-6.96,,,171.3,,,16.7,-38.0,202
19.357,RECUPERANDO,1,2,0,-149.61,180.0,-6.96,,,171.3,,,-16.7,-38.0,202
19.381,RECUPERANDO,1,2,0,-149.61,180.0,-6.96,,,171.3,,,16.7,-38.0,202
19.406,RECUPERANDO,1,2,0,-149.67,180.0,-6.96,,,171.3,,,-16.7,-38.0,202
19.431,RECUPERANDO,1,2,0,-149.67,180.0,-6.96,,,171.3,,,16.7,-38.0,202
19.456,RECUPERANDO,1,2,0,-149.59,180.0,-6.96,,,171.3,,,-16.7,-38.0,202
19.481,RECUPERANDO,1,2,0,-149.59,180.0,-6.96,,,171.3,,,16.7,-38.0,202
19.506,RECUPERANDO,1,2,0,-149.59,180.0,-6.96,,,171.3,,,-16.7,-38.0,214
19.531,SIGUE_MURO,1,2,0,-149.46,180.0,-32.72,,,171.3,,,-27.2,28.1,214
19.556,GIRO,1,3,0,-149.46,270.0,57.28,,,171.3,,,-16.7,29.6,214
19.581,GIRO,1,3,0,-149.24,270.0,57.06,,,171.3,,,-6.2,31.1,214
19.606,GIRO,1,3,0,-149.24,270.0,57.06,,,171.3,,,4.3,31.4,214
19.631,GIRO,1,3,0,-149.18,270.0,57.0,,,171.3,,,14.9,29.9,214
19.657,GIRO,1,3,0,-149.18,270.0,57.0,,,171.3,,,25.4,28.3,214
19.684,GIRO,1,3,0,-149.22,270.0,57.04,,,171.3,,,35.9,26.8,214
19.708,GIRO,1,3,0,-149.22,270.0,57.04,,,173.6,,,46.5,25.3,214
19.733,GIRO,1,3,0,-149.69,270.0,57.51,,,174.9,,,57.0,23.8,214
19.757,GIRO,1,3,0,-149.69,270.0,57.51,,,175.6,,,67.5,22.3,214
19.782,GIRO,1,3,0,-150.01,270.0,57.83,,,176.0,,,78.0,22.0,214
19.807,GIRO,1,3,0,-150.01,270.0,57.83,,,176.2,,,88.6,22.0,214
19.832,GIRO,1,3,0,-150.01,270.0,57.83,,,176.4,,,99.1,22.0,214
19.857,GIRO,1,3,0,-150.74,270.0,58.56,,,176.4,,,100.0,22.0,214
19.883,GIRO,1,3,0,-150.74,270.0,58.56,,174.6,182.1,,,100.0,22.0,199
19.909,GIRO,1,3,0,-150.83,270.0,58.65,,174.6,185.3,,,100.0,22.0,199
19.933,GIRO,1,3,0,-150.83,270.0,58.65,,174.6,187.0,,,100.0,22.0,199
19.958,GIRO,1,3,0,-150.9,270.0,58.72,,174.6,188.0,,,100.0,22.0,199
19.983,GIRO,1,3,0,-150.9,270.0,58.72,,174.6,188.5,,,100.0,22.0,199
20.009,GIRO,1,3,0,-151.7,270.0,59.52,,174.6,188.8,,,100.0,22.0,199
20.034,GIRO,1,3,0,-151.7,270.0,59.52,,174.6,189.0,,,100.0,22.0,199
20.057,GIRO,1,3,0,-152.38,270.0,60.2,,,188.3,,,100.0,22.0,214
20.082,GIRO,1,3,0,-152.38,270.0,60.2,,,188.0,,,100.0,22.0,214
20.107,GIRO,1,3,0,-153.29,270.0,61.11,,,187.8,,,100.0,22.0,214
20.133,GIRO,1,3,0,-153.29,270.0,61.11,,,187.7,,,100.0,22.0,214
20.158,GIRO,1,3,0,-153.29,270.0,61.11,,,187.7,,,100.0,22.0,214
20.183,GIRO,1,3,0,-155.04,270.0,62.86,,,187.6,,,100.0,22.0,214
20.208,GIRO,1,3,0,-155.04,270.0,62.86,,,187.6,,,100.0,22.0,214
20.233,GIRO,1,3,0,-156.11,270.0,63.93,,,180.3,,,100.0,22.0,214
20.258,GIRO,1,3,0,-156.11,270.0,63.93,,,176.2,,,100.0,22.0,214
20.283,GIRO,1,3,0,-156.95,270.0,64.77,,,174.0,,,100.0,22.0,214
20.308,GIRO,1,3,0,-156.95,270.0,64.77,,,172.8,,,100.0,22.0,214
20.333,GIRO,1,3,0,-159.11,270.0,66.93,,,172.1,,,100.0,22.0,214
20.359,GIRO,1,3,0,-159.11,270.0,66.93,,,171.7,,,100.0,22.0,214
20.383,GIRO,1,3,0,-160.22,270.0,68.04,,,171.5,,,100.0,22.0,214
20.408,GIRO,1,3,0,-160.22,270.0,68.04,,,171.4,,,100.0,22.0,214
20.433,GIRO,1,3,0,-161.3,270.0,69.12,,,171.3,,,100.0,22.0,214
20.458,GIRO,1,3,0,-161.3,270.0,69.12,,,171.3,,,100.0,22.0,214
20.483,GIRO,1,3,0,-161.3,270.0,69.12,,,171.3,,,100.0,22.0,214
20.508,GIRO,1,3,0,-163.44,270.0,71.26,,,171.3,,,100.0,22.0,214
20.534,GIRO,1,3,0,-163.44,270.0,71.26,,,171.3,,,100.0,22.0,214
20.559,GIRO,1,3,0,-164.48,270.0,72.3,,,171.3,,,100.0,22.0,214
20.584,GIRO,1,3,0,-164.48,270.0,72.3,,,171.3,,,100.0,22.0,214
20.609,GIRO,1,3,0,-166.6,270.0,74.42,,,171.3,,,100.0,22.0,214
20.634,GIRO,1,3,0,-166.6,270.0,74.42,,,171.3,,,100.0,22.0,214
20.659,GIRO,1,3,0,-167.68,270.0,75.5,,,171.3,,,100.0,22.0,214
20.684,GIRO,1,3,0,-167.68,270.0,75.5,,,171.3,,,100.0,22.0,214
20.709,GIRO,1,3,0,-168.78,270.0,76.6,,,171.3,,,100.0,22.0,214
20.734,GIRO,1,3,0,-168.78,270.0,76.6,,,171.3,,,100.0,22.0,214
20.759,GIRO,1,3,0,-170.77,270.0,78.59,,,171.3,,,100.0,22.0,214
20.784,GIRO,1,3,0,-170.77,270.0,78.59,,,171.3,,,100.0,22.0,214
20.809,GIRO,1,3,0,-170.77,270.0,78.59,,,171.3,,,100.0,22.0,214
20.834,GIRO,1,3,0,-171.94,270.0,79.76,,,171.3,,,100.0,22.0,214
20.859,GIRO,1,3,0,-171.94,270.0,79.76,,,171.3,,,100.0,22.0,214
20.884,GIRO,1,3,0,-173.09,270.0,80.91,,,171.3,,,100.0,22.0,214
20.91,GIRO,1,3,0,-173.09,270.0,80.91,,,171.3,,,100.0,22.0,214
20.935,GIRO,1,3,0,-175.29,270.0,83.11,,,171.3,,,100.0,22.0,214
20.961,GIRO,1,3,0,-175.29,270.0,83.11,111.9,,171.3,,,100.0,22.0,214
20.986,GIRO,1,3,0,-176.44,270.0,84.26,111.9,,171.3,,,100.0,22.0,214
21.011,GIRO,1,3,0,-176.44,270.0,84.26,111.9,,171.3,,,100.0,22.0,214
21.036,GIRO,1,3,0,-177.69,270.0,85.51,111.9,,171.3,,,100.0,22.0,214
21.061,GIRO,1,3,0,-177.69,270.0,85.51,111.9,,171.3,,,100.0,22.0,214
21.086,GIRO,1,3,0,-178.82,270.0,86.64,111.9,,171.3,,,100.0,22.0,214
21.111,GIRO,1,3,0,-178.82,270.0,86.64,111.9,,171.3,,,100.0,22.0,214
21.135,GIRO,1,3,0,-178.82,270.0,86.64,,,171.3,,,100.0,22.0,156
21.16,GIRO,1,3,0,-178.75,270.0,86.57,,,171.3,,,100.0,22.0,156
21.185,GIRO,1,3,0,-178.75,270.0,86.57,,,171.3,,,100.0,22.0,156
21.212,GIRO,1,3,0,-178.85,270.0,86.67,,,171.3,,,100.0,22.0,156
21.236,GIRO,1,3,0,-178.85,270.0,86.67,,,171.3,,,100.0,22.0,156
21.26,GIRO,1,3,0,-178.85,270.0,86.67,,,171.3,,,100.0,22.0,156
21.285,GIRO,1,3,0,-178.85,270.0,86.67,,,171.3,,,100.0,22.0,156
21.311,GIRO,1,3,0,-178.85,270.0,86.67,,,171.3,,,100.0,22.0,156
21.336,GIRO,1,3,0,-178.85,270.0,86.67,,,171.3,,,100.0,22.0,147
21.361,GIRO,1,3,0,-178.85,270.0,86.67,,,171.3,,,100.0,22.0,147
21.386,GIRO,1,3,0,-178.85,270.0,86.67,,,171.3,,,100.0,22.0,147
21.411,GIRO,1,3,0,-178.85,270.0,86.67,,,171.3,,,100.0,22.0,147
21.436,GIRO,1,3,0,-178.85,270.0,86.67,,,171.3,,,100.0,22.0,147
21.461,GIRO,1,3,0,-178.85,270.0,86.67,,,171.3,,,100.0,22.0,147
21.486,GIRO,1,3,0,-178.85,270.0,86.67,,,171.3,,,100.0,22.0,147
21.511,GIRO,1,3,0,-178.85,270.0,86.67,,,171.3,,,100.0,22.0,145
21.536,GIRO,1,3,0,-178.85,270.0,86.67,,,171.3,,,100.0,22.0,145
21.561,GIRO,1,3,0,-178.85,270.0,86.67,,,171.3,,,100.0,22.0,145
21.586,GIRO,1,3,0,-178.85,270.0,86.67,,,171.3,,,100.0,22.0,145
21.611,GIRO,1,3,0,-178.85,270.0,86.67,,,171.3,,,100.0,22.0,145
21.636,GIRO,1,3,0,-178.87,270.0,86.69,,,171.3,,,100.0,22.0,145
21.663,GIRO,1,3,0,-178.87,270.0,86.69,,,171.3,,,100.0,22.0,145
21.686,GIRO,1,3,0,-178.89,270.0,86.71,,,171.3,,,100.0,22.0,158
21.711,GIRO,1,3,0,-178.89,270.0,86.71,,,171.3,,,100.0,22.0,158
21.736,GIRO,1,3,0,-178.89,270.0,86.71,,,171.3,,,100.0,22.0,158
21.763,GIRO,1,3,0,-178.89,270.0,86.71,,,171.3,,,100.0,22.0,158
21.787,GIRO,1,3,0,-178.89,270.0,86.71,,,171.3,,,100.0,22.0,158
21.812,GIRO,1,3,0,-178.89,270.0,86.71,,,171.3,,,100.0,22.0,158
21.837,GIRO,1,3,0,-178.89,270.0,86.71,,,171.3,,,100.0,22.0,158
21.862,GIRO,1,3,0,-178.89,270.0,86.71,,,171.3,,,100.0,22.0,146
21.887,GIRO,1,3,0,-178.89,270.0,86.71,,,171.3,,,100.0,22.0,146
21.912,GIRO,1,3,0,-178.89,270.0,86.71,,,171.3,,,100.0,22.0,146
21.937,GIRO,1,3,0,-178.89,270.0,86.71,,,171.3,,,100.0,22.0,146
21.962,GIRO,1,3,0,-178.89,270.0,86.71,,,171.3,,,100.0,22.0,146
21.988,GIRO,1,3,0,-178.89,270.0,86.71,,,171.3,,,100.0,22.0,146
22.012,GIRO,1,3,0,-178.89,270.0,86.71,,,171.3,,,100.0,22.0,146
22.038,GIRO,1,3,0,-178.89,270.0,86.71,,,171.3,,,100.0,22.0,163
22.063,GIRO,1,3,0,-178.89,270.0,86.71,,,171.3,,,100.0,22.0,163
22.088,GIRO,1,3,0,-178.89,270.0,86.71,,,171.3,,,100.0,22.0,163
22.113,GIRO,1,3,0,-178.89,270.0,86.71,,,171.3,,,100.0,22.0,163
22.138,GIRO,1,3,0,-178.89,270.0,86.71,,,171.3,,,100.0,22.0,163
22.163,GIRO,1,3,0,-178.89,270.0,86.71,,,171.3,,,100.0,22.0,163
22.188,GIRO,1,3,0,-178.89,270.0,86.71,,,171.3,,,100.0,22.0,163
22.214,GIRO,1,3,0,-178.89,270.0,86.71,,,171.3,,,100.0,22.0,163
22.238,GIRO,1,3,0,-178.89,270.0,86.71,,,171.3,,,100.0,22.0,142
22.263,GIRO,1,3,0,-178.89,270.0,86.71,,,171.3,,,100.0,22.0,142
22.288,GIRO,1,3,0,-178.89,270.0,86.71,,,171.3,,,100.0,22.0,142
22.315,GIRO,1,3,0,-178.89,270.0,86.71,,,171.3,,,100.0,22.0,142
22.338,GIRO,1,3,0,-178.89,270.0,86.71,,,171.3,,,100.0,22.0,142
22.363,GIRO,1,3,0,-178.89,270.0,86.71,,,171.3,,,100.0,22.0,142
22.389,GIRO,1,3,0,-178.89,270.0,86.71,,,171.3,,,100.0,22.0,142
22.414,GIRO,1,3,0,-178.89,270.0,86.71,,,171.3,,,100.0,22.0,135
22.44,GIRO,1,3,0,-178.89,270.0,86.71,,,171.3,,,100.0,22.0,135
22.464,GIRO,1,3,0,-178.89,270.0,86.71,,,171.3,,,100.0,22.0,135
22.489,GIRO,1,3,0,-178.89,270.0,86.71,,,171.3,,,100.0,22.0,135
22.514,GIRO,1,3,0,-178.89,270.0,86.71,,,171.3,,,100.0,22.0,135
22.539,GIRO,1,3,0,-178.89,270.0,86.71,,,171.3,,,100.0,22.0,135
22.564,GIRO,1,3,0,-178.89,270.0,86.71,,,171.3,,,100.0,22.0,135
22.589,GIRO,1,3,0,-178.89,270.0,86.71,,,171.3,,,100.0,22.0,137
22.614,GIRO,1,3,0,-178.89,270.0,86.71,,,171.3,,,100.0,22.0,137
22.639,GIRO,1,3,0,-178.89,270.0,86.71,,,171.3,,,100.0,22.0,137
22.664,GIRO,1,3,0,-178.89,270.0,86.71,,,171.3,,,100.0,22.0,137
22.689,GIRO,1,3,0,-178.89,270.0,86.71,,,171.3,,,100.0,22.0,137
22.714,GIRO,1,3,0,-178.89,270.0,86.71,,,171.3,,,100.0,22.0,137
22.739,GIRO,1,3,0,-178.89,270.0,86.71,,,171.3,,,100.0,22.0,137
22.765,GIRO,1,3,0,-178.89,270.0,86.71,,,171.3,,,100.0,22.0,142
22.79,GIRO,1,3,0,-178.89,270.0,86.71,,,171.3,,,100.0,22.0,142
22.814,GIRO,1,3,0,-178.89,270.0,86.71,,,171.3,,,100.0,22.0,142
22.84,GIRO,1,3,0,-178.89,270.0,86.71,,,171.3,,,100.0,22.0,142
22.865,GIRO,1,3,0,-178.89,270.0,86.71,,,171.3,,,100.0,22.0,142
22.89,GIRO,1,3,0,-178.89,270.0,86.71,,,171.3,,,100.0,22.0,142
22.915,GIRO,1,3,0,-178.89,270.0,86.71,,,171.3,,,100.0,22.0,142
22.94,GIRO,1,3,0,-178.89,270.0,86.71,,,171.3,,,100.0,22.0,137
22.965,GIRO,1,3,0,-178.89,270.0,86.71,,,171.3,,,100.0,22.0,137
22.991,GIRO,1,3,0,-178.89,270.0,86.71,,,171.3,,,100.0,22.0,137
23.015,GIRO,1,3,0,-178.89,270.0,86.71,,,171.3,,,100.0,22.0,137
23.04,GIRO,1,3,0,-178.89,270.0,86.71,,,171.3,,,100.0,22.0,137
23.065,GIRO,1,3,0,-178.89,270.0,86.71,,,171.3,,,100.0,22.0,137
23.09,GIRO,1,3,0,-178.89,270.0,86.71,,,171.3,,,100.0,22.0,137
23.117,GIRO,1,3,0,-178.89,270.0,86.71,,,171.3,,,100.0,22.0,137
23.14,GIRO,1,3,0,-178.89,270.0,86.71,,,171.3,,,100.0,22.0,134
23.166,GIRO,1,3,0,-178.89,270.0,86.71,,,171.3,,,100.0,22.0,134
23.191,GIRO,1,3,0,-178.89,270.0,86.71,,,171.3,,,100.0,22.0,134
23.216,GIRO,1,3,0,-178.89,270.0,86.71,,,171.3,,,100.0,22.0,134
23.241,GIRO,1,3,0,-178.89,270.0,86.71,,,171.3,,,100.0,22.0,134
23.266,GIRO,1,3,0,-178.89,270.0,86.71,,,171.3,,,100.0,22.0,134
23.291,GIRO,1,3,0,-178.89,270.0,86.71,,,171.3,,,100.0,22.0,134
23.316,GIRO,1,3,0,-178.89,270.0,86.71,,,171.3,,,100.0,22.0,133
23.341,GIRO,1,3,0,-178.89,270.0,86.71,,,171.3,,,100.0,22.0,133
23.366,GIRO,1,3,0,-178.89,270.0,86.71,,,171.3,,,100.0,22.0,133
23.391,GIRO,1,3,0,-178.89,270.0,86.71,,,171.3,,,100.0,22.0,133
23.416,GIRO,1,3,0,-178.89,270.0,86.71,,,171.3,,,100.0,22.0,133
23.441,GIRO,1,3,0,-178.89,270.0,86.71,,,171.3,,,100.0,22.0,133
23.466,GIRO,1,3,0,-178.89,270.0,86.71,,,171.3,,,100.0,22.0,133
23.491,GIRO,1,3,0,-178.89,270.0,86.71,,,171.3,,,100.0,22.0,132
23.516,GIRO,1,3,0,-178.89,270.0,86.71,,,171.3,,,100.0,22.0,132
23.541,GIRO,1,3,0,-178.89,270.0,86.71,,,171.3,,,100.0,22.0,132
23.566,GIRO,1,3,0,-178.89,270.0,86.71,,,171.3,,,100.0,22.0,132
23.591,GIRO,1,3,0,-178.89,270.0,86.71,,,171.3,,,100.0,22.0,132
23.616,GIRO,1,3,0,-178.89,270.0,86.71,,,171.3,,,100.0,22.0,132
23.642,GIRO,1,3,0,-178.89,270.0,86.71,,,171.3,,,100.0,22.0,132
23.667,GIRO,1,3,0,-178.89,270.0,86.71,,,171.3,,,100.0,22.0,131
23.692,GIRO,1,3,0,-178.89,270.0,86.71,,,171.3,,,100.0,22.0,131
23.717,GIRO,1,3,0,-178.89,270.0,86.71,,,171.3,,,100.0,22.0,131
23.743,GIRO,1,3,0,-178.89,270.0,86.71,,,171.3,,,100.0,22.0,131
23.767,GIRO,1,3,0,-178.89,270.0,86.71,,,171.3,,,100.0,22.0,131
23.792,GIRO,1,3,0,-178.89,270.0,86.71,,,171.3,,,100.0,22.0,131
23.817,GIRO,1,3,0,-178.89,270.0,86.71,,,171.3,,,100.0,22.0,131
23.842,GIRO,1,3,0,-178.89,270.0,86.71,,,171.3,,,100.0,22.0,131
23.867,GIRO,1,3,0,-178.89,270.0,86.71,,,171.3,,,100.0,22.0,132
23.892,GIRO,1,3,0,-178.89,270.0,86.71,,,171.3,,,100.0,22.0,132
23.917,GIRO,1,3,0,-178.89,270.0,86.71,,,171.3,,,100.0,22.0,132
23.942,GIRO,1,3,0,-178.89,270.0,86.71,,,171.3,,,100.0,22.0,132
23.967,GIRO,1,3,0,-178.89,270.0,86.71,,,171.3,,,100.0,22.0,132
23.992,GIRO,1,3,0,-178.89,270.0,86.71,,,171.3,,,100.0,22.0,132
24.017,GIRO,1,3,0,-178.89,270.0,86.71,,,171.3,,,100.0,22.0,132
24.043,GIRO,1,3,0,-178.89,270.0,86.71,,,171.3,,,100.0,22.0,126
24.067,SIGUE_MURO,1,3,0,-178.89,270.0,86.71,,,171.3,,,100.0,22.0,126
24.094,SIGUE_MURO,1,3,0,-178.89,270.0,86.71,,,171.3,,,100.0,22.0,126
24.118,SIGUE_MURO,1,3,0,-178.89,270.0,86.71,,,171.3,,,100.0,22.0,126
24.143,SIGUE_MURO,1,3,0,-178.89,270.0,86.71,,,171.3,,,100.0,22.0,126
24.168,SIGUE_MURO,1,3,0,-178.89,270.0,86.71,,,171.3,,,100.0,22.0,126
24.193,SIGUE_MURO,1,3,0,-178.89,270.0,86.71,,,171.3,,,100.0,22.0,126
24.218,SIGUE_MURO,1,3,0,-178.89,270.0,86.71,,,171.3,,,100.0,22.0,134
24.243,SIGUE_MURO,1,3,0,-178.89,270.0,86.71,,,171.3,,,100.0,22.0,134
24.268,SIGUE_MURO,1,3,0,-178.89,270.0,86.71,,,171.3,,,100.0,22.0,134
24.294,SIGUE_MURO,1,3,0,-178.89,270.0,86.71,,,171.3,,,100.0,22.0,134
24.318,SIGUE_MURO,1,3,0,-178.89,270.0,86.71,,,171.3,,,100.0,22.0,134
24.343,SIGUE_MURO,1,3,0,-178.89,270.0,86.71,,,171.3,,,100.0,22.0,134
24.368,SIGUE_MURO,1,3,0,-178.89,270.0,86.71,,,171.3,,,100.0,22.0,134
24.393,SIGUE_MURO,1,3,0,-178.89,270.0,86.71,,,171.3,,,100.0,22.0,131
24.418,SIGUE_MURO,1,3,0,-178.89,270.0,86.71,,,171.3,,,100.0,22.0,131
24.443,SIGUE_MURO,1,3,0,-178.89,270.0,86.71,,,171.3,,,100.0,22.0,131
24.469,SIGUE_MURO,1,3,0,-178.89,270.0,86.71,,,171.3,,,100.0,22.0,131
24.494,SIGUE_MURO,1,3,0,-178.89,270.0,86.71,,,171.3,,,100.0,22.0,131
24.519,SIGUE_MURO,1,3,0,-178.89,270.0,86.71,,,171.3,,,100.0,22.0,131
24.544,SIGUE_MURO,1,3,0,-178.89,270.0,86.71,,,171.3,,,100.0,22.0,131
24.569,SIGUE_MURO,1,3,0,-178.89,270.0,86.71,,,171.3,,,100.0,22.0,126
24.594,SIGUE_MURO,1,3,0,-178.89,270.0,86.71,,,171.3,,,100.0,22.0,126
24.62,SIGUE_MURO,1,3,0,-178.89,270.0,86.71,,,171.3,,,100.0,22.0,126
24.644,SIGUE_MURO,1,3,0,-178.89,270.0,86.71,,,171.3,,,100.0,22.0,126
24.669,SIGUE_MURO,1,3,0,-178.89,270.0,86.71,,,171.3,,,100.0,22.0,126
24.694,SIGUE_MURO,1,3,0,-178.89,270.0,86.71,,,171.3,,,100.0,22.0,126
24.719,SIGUE_MURO,1,3,0,-178.89,270.0,86.71,,,171.3,,,100.0,22.0,126
24.746,SIGUE_MURO,1,3,0,-178.89,270.0,86.71,,,171.3,,,100.0,22.0,126
24.77,SIGUE_MURO,1,3,0,-178.89,270.0,86.71,,,171.3,,,100.0,22.0,128
24.795,SIGUE_MURO,1,3,0,-178.89,270.0,86.71,,,171.3,,,100.0,22.0,128
24.82,SIGUE_MURO,1,3,0,-178.89,270.0,86.71,,,171.3,,,100.0,22.0,128
24.845,SIGUE_MURO,1,3,0,-178.89,270.0,86.71,,,171.3,,,100.0,22.0,128
24.87,SIGUE_MURO,1,3,0,-178.89,270.0,86.71,,,171.3,,,100.0,22.0,128
24.894,SIGUE_MURO,1,3,0,-178.89,270.0,86.71,,,171.3,,,100.0,22.0,128
24.92,SIGUE_MURO,1,3,0,-178.89,270.0,86.71,,,171.3,,,100.0,22.0,128
24.945,SIGUE_MURO,1,3,0,-178.89,270.0,86.71,,,171.3,,,100.0,22.0,132
24.97,SIGUE_MURO,1,3,0,-178.89,270.0,86.71,,,171.3,,,100.0,22.0,132
24.995,SIGUE_MURO,1,3,0,-178.89,270.0,86.71,,,171.3,,,100.0,22.0,132
25.02,SIGUE_MURO,1,3,0,-178.89,270.0,86.71,,,171.3,,,100.0,22.0,132
25.045,SIGUE_MURO,1,3,0,-178.89,270.0,86.71,,,171.3,,,100.0,22.0,132
25.071,SIGUE_MURO,1,3,0,-178.89,270.0,86.71,,,171.3,,,100.0,22.0,132
25.095,SIGUE_MURO,1,3,0,-178.89,270.0,86.71,,,171.3,,,100.0,22.0,132
25.12,SIGUE_MURO,1,3,0,-178.89,270.0,86.71,,,171.3,,,100.0,22.0,120
25.145,SIGUE_MURO,1,3,0,-178.89,270.0,86.71,,,171.3,,,100.0,22.0,120
25.17,SIGUE_MURO,1,3,0,-178.89,270.0,86.71,,,171.3,,,100.0,22.0,120
25.195,SIGUE_MURO,1,3,0,-178.89,270.0,86.71,,,171.3,,,100.0,22.0,120
25.22,SIGUE_MURO,1,3,0,-178.89,270.0,86.71,,,171.3,,,100.0,22.0,120
25.245,SIGUE_MURO,1,3,0,-178.89,270.0,86.71,,,171.3,,,100.0,22.0,120
25.27,SIGUE_MURO,1,3,0,-178.89,270.0,86.71,,,171.3,,,100.0,22.0,120
25.296,SIGUE_MURO,1,3,0,-178.89,270.0,86.71,,,171.3,,,100.0,22.0,118
25.321,SIGUE_MURO,1,3,0,-178.89,270.0,86.71,,,171.3,,,100.0,22.0,118
25.346,SIGUE_MURO,1,3,0,-178.89,270.0,86.71,,,171.3,,,100.0,22.0,118
25.371,SIGUE_MURO,1,3,0,-178.89,270.0,86.71,,,171.3,,,100.0,22.0,118
25.396,RECUPERANDO,1,3,0,-178.89,270.0,86.71,,,171.3,,,-60.0,-38.0,118
25.421,RECUPERANDO,1,3,0,-178.89,270.0,86.71,,,171.3,,,60.0,-38.0,118
25.446,RECUPERANDO,1,3,0,-178.89,270.0,86.71,,,171.3,,,-60.0,-38.0,118
25.472,RECUPERANDO,1,3,0,-178.89,270.0,86.71,,,171.3,,,60.0,-38.0,118
25.496,RECUPERANDO,1,3,0,-178.89,270.0,86.71,,,171.3,,,-60.0,-38.0,119
25.521,RECUPERANDO,1,3,0,-178.89,270.0,86.71,,,171.3,,,60.0,-38.0,119
25.546,RECUPERANDO,1,3,0,-178.89,270.0,86.71,,,171.3,,,-60.0,-38.0,119
25.571,RECUPERANDO,1,3,0,-178.89,270.0,86.71,,,171.3,,,60.0,-38.0,119
25.596,RECUPERANDO,1,3,0,-178.89,270.0,86.71,,,171.3,,,-60.0,-38.0,119
25.621,RECUPERANDO,1,3,0,-178.89,270.0,86.71,,,171.3,,,60.0,-38.0,119
25.646,RECUPERANDO,1,3,0,-179.12,270.0,86.71,,,171.3,,,-60.0,-38.0,119
25.672,RECUPERANDO,1,3,0,-179.12,270.0,86.71,,,171.3,,,60.0,-38.0,130
25.697,RECUPERANDO,1,3,0,-179.15,270.0,86.71,,,171.3,,,-60.0,-38.0,130
25.722,RECUPERANDO,1,3,0,-179.15,270.0,86.71,,,171.3,,,60.0,-38.0,130
25.749,RECUPERANDO,1,3,0,-179.09,270.0,86.71,,,171.3,,,-60.0,-38.0,130
25.772,RECUPERANDO,1,3,0,-179.09,270.0,86.71,,,171.3,,,60.0,-38.0,130
25.797,RECUPERANDO,1,3,0,-179.09,270.0,86.71,,,171.3,,,-60.0,-38.0,130
25.822,RECUPERANDO,1,3,0,-177.62,270.0,86.71,,,171.3,,,60.0,-38.0,130
25.848,RECUPERANDO,1,3,0,-177.62,270.0,86.71,,99.1,171.3,,,-60.0,-38.0,184
25.873,RECUPERANDO,1,3,0,-176.21,270.0,86.71,,99.1,171.3,,,60.0,-38.0,184
25.898,RECUPERANDO,1,3,0,-176.21,270.0,86.71,,99.1,171.3,,,-60.0,-38.0,184
25.923,RECUPERANDO,1,3,0,-175.14,270.0,86.71,,99.1,171.3,,,60.0,-38.0,184
25.948,RECUPERANDO,1,3,0,-175.14,270.0,86.71,,99.1,171.3,,,-60.0,-38.0,184
25.974,RECUPERANDO,1,3,0,-173.68,270.0,86.71,,99.1,171.3,,,60.0,-38.0,184
25.998,RECUPERANDO,1,3,0,-173.68,270.0,86.71,,99.1,171.3,,,-60.0,-38.0,184
26.023,RECUPERANDO,1,3,0,-173.62,270.0,86.71,96.2,,171.3,,,60.0,-38.0,190
26.048,RECUPERANDO,1,3,0,-173.62,270.0,86.71,96.2,,171.3,,,-60.0,-38.0,190
26.073,RECUPERANDO,1,3,0,-173.62,270.0,86.71,96.2,,171.3,,,60.0,-38.0,190
26.098,RECUPERANDO,1,3,0,-174.33,270.0,86.71,96.2,,171.3,,,-60.0,-38.0,190
26.124,RECUPERANDO,1,3,0,-174.33,270.0,86.71,96.2,,171.3,,,60.0,-38.0,190
26.149,RECUPERANDO,1,3,0,-175.51,270.0,86.71,96.2,,171.3,,,-60.0,-38.0,190
26.175,RECUPERANDO,1,3,0,-175.51,270.0,86.71,96.2,,171.3,,,60.0,-38.0,190
26.199,RECUPERANDO,1,3,0,-176.61,270.0,86.71,96.2,,171.3,,,-60.0,-38.0,190
26.223,RECUPERANDO,1,3,0,-176.61,270.0,86.71,,,171.3,,,60.0,-38.0,190
26.248,RECUPERANDO,1,3,0,-178.9,270.0,86.71,,,171.3,,,-60.0,-38.0,190
26.273,RECUPERANDO,1,3,0,-178.9,270.0,86.71,,,171.3,,,60.0,-38.0,190
26.298,SIGUE_MURO,1,3,0,-179.93,270.0,87.75,,,171.3,,,70.5,22.0,190
26.323,GIRO,1,4,1,-179.93,360.0,177.75,,,171.3,,,81.1,22.0,190
26.348,GIRO,1,4,1,-180.37,360.0,178.19,,,171.3,,,91.6,22.0,190
26.373,GIRO,1,4,1,-180.37,360.0,178.19,,,171.3,,,100.0,22.0,190
26.398,GIRO,1,4,1,-180.37,360.0,178.19,,,171.3,,,100.0,22.0,186
26.423,GIRO,1,4,1,-180.02,360.0,177.84,,,171.3,,,100.0,22.0,186
26.448,GIRO,1,4,1,-180.02,360.0,177.84,,,171.3,,,100.0,22.0,186
26.473,GIRO,1,4,1,-179.26,360.0,177.08,,,171.3,,,100.0,22.0,186
26.498,GIRO,1,4,1,-179.26,360.0,177.08,,,171.3,,,100.0,22.0,186
26.523,GIRO,1,4,1,-178.27,360.0,176.09,,,171.3,,,100.0,22.0,186
26.549,GIRO,1,4,1,-178.27,360.0,176.09,,,171.3,,,100.0,22.0,186
26.573,GIRO,1,4,1,-175.69,360.0,173.51,,,175.3,,,100.0,22.0,214
26.599,GIRO,1,4,1,-175.69,360.0,173.51,,,177.5,,,100.0,22.0,214
26.624,GIRO,1,4,1,-174.57,360.0,172.39,,,178.7,,,100.0,22.0,214
26.649,GIRO,1,4,1,-174.57,360.0,172.39,,,179.4,,,100.0,22.0,214
26.674,GIRO,1,4,1,-174.56,360.0,172.38,,,179.7,,,100.0,22.0,214
26.699,GIRO,1,4,1,-174.56,360.0,172.38,,,179.9,,,100.0,22.0,214
26.724,GIRO,1,4,1,-174.56,360.0,172.38,,,180.0,,,100.0,22.0,214
26.749,GIRO,1,4,1,-175.83,360.0,173.65,,,184.6,,,100.0,22.0,214
26.774,GIRO,1,4,1,-175.83,360.0,173.65,,,187.1,,,100.0,22.0,214
26.799,GIRO,1,4,1,-177.0,360.0,174.82,,,188.5,,,100.0,22.0,214
26.825,GIRO,1,4,1,-177.0,360.0,174.82,,,189.3,,,100.0,22.0,214
26.849,GIRO,1,4,1,-179.6,360.0,177.42,,,189.7,,,100.0,22.0,214
26.874,GIRO,1,4,1,-179.6,360.0,177.42,,,189.9,,,100.0,22.0,214
26.899,GIRO,1,4,1,-180.92,360.0,178.74,,,190.1,,,100.0,22.0,214
26.924,GIRO,1,4,1,-180.92,360.0,178.74,,,181.6,,,100.0,22.0,214
26.951,GIRO,1,4,1,-182.23,360.0,-179.95,,,177.0,,,89.5,22.0,214
26.974,GIRO,1,4,1,-182.23,360.0,-179.95,,,174.4,,,79.0,22.0,214
27.0,GIRO,1,4,1,-184.73,360.0,-177.45,,,173.0,,,68.4,22.1,214
27.025,GIRO,1,4,1,-184.73,360.0,-177.45,,,172.2,,,57.9,23.7,214
27.051,GIRO,1,4,1,-185.94,360.0,-176.24,,,171.8,,,47.4,25.2,214
27.075,GIRO,1,4,1,-185.94,360.0,-176.24,,,171.6,,,36.9,26.7,214
27.1,GIRO,1,4,1,-185.94,360.0,-176.24,,,171.4,,,26.3,28.2,214
27.125,GIRO,1,4,1,-187.04,360.0,-175.14,,,171.4,,,15.8,29.7,139
27.15,GIRO,1,4,1,-187.04,360.0,-175.14,,,171.3,,,5.3,31.2,139
27.175,GIRO,1,4,1,-189.47,360.0,-172.71,,,171.3,,,-5.2,31.2,139
27.2,GIRO,1,4,1,-189.47,360.0,-172.71,,,171.3,,,-15.8,29.7,139
27.225,GIRO,1,4,1,-190.16,360.0,-172.02,,,171.3,,,-26.3,28.2,139
27.25,GIRO,1,4,1,-190.16,360.0,-172.02,,,171.3,,,-36.8,26.7,139
27.275,GIRO,1,4,1,-190.78,360.0,-171.4,,,171.3,,,-47.3,25.2,139
27.301,GIRO,1,4,1,-190.78,360.0,-171.4,,,171.3,,,-57.9,23.7,148
27.325,GIRO,1,4,1,-191.69,360.0,-170.49,,,171.3,,,-68.4,22.2,148
27.351,GIRO,1,4,1,-191.69,360.0,-170.49,,,171.3,,,-78.9,22.0,148
27.377,GIRO,1,4,1,-191.88,360.0,-170.3,,,171.3,,,-89.5,22.0,148
27.401,GIRO,1,4,1,-191.88,360.0,-170.3,,,171.3,,,-100.0,22.0,148
27.426,GIRO,1,4,1,-191.88,360.0,-170.3,,,171.3,,,-100.0,22.0,148
27.451,GIRO,1,4,1,-191.81,360.0,-170.37,,,171.3,,,-100.0,22.0,148
27.477,GIRO,1,4,1,-191.81,360.0,-170.37,,,171.3,,,-100.0,22.0,167
27.501,GIRO,1,4,1,-191.01,360.0,-171.17,,,171.3,,,-100.0,22.0,167
27.526,GIRO,1,4,1,-191.01,360.0,-171.17,,,171.3,,,-100.0,22.0,167
27.551,GIRO,1,4,1,-190.13,360.0,-172.05,,,171.3,,,-100.0,22.0,167
27.576,GIRO,1,4,1,-190.13,360.0,-172.05,,,171.3,,,-100.0,22.0,167
27.602,GIRO,1,4,1,-187.54,360.0,-174.64,,,171.3,,,-100.0,22.0,167
27.626,GIRO,1,4,1,-187.54,360.0,-174.64,,,171.3,,,-100.0,22.0,167
27.652,GIRO,1,4,1,-186.1,360.0,-176.08,122.3,,171.3,279.5,,-100.0,22.0,214
27.677,GIRO,1,4,1,-186.1,360.0,-176.08,122.3,,171.3,279.5,,-100.0,22.0,214
27.703,GIRO,1,4,1,-187.12,360.0,-175.06,122.3,,171.3,279.5,,-100.0,22.0,214
27.728,GIRO,1,4,1,-187.12,360.0,-175.06,122.3,,171.3,279.5,,-100.0,22.0,214
27.753,GIRO,1,4,1,-187.12,360.0,-175.06,122.3,,171.3,279.5,,-100.0,22.0,214
27.778,GIRO,1,4,1,-187.23,360.0,-174.95,122.3,,171.3,279.5,,-100.0,22.0,214
27.803,GIRO,1,4,1,-187.23,360.0,-174.95,122.3,,171.3,279.5,,-100.0,22.0,214
27.83,GIRO,1,4,1,-187.23,360.0,-174.95,122.3,,171.3,279.5,,-100.0,22.0,214
27.853,GIRO,1,4,1,-187.23,360.0,-174.95,109.2,,171.3,267.7,,-100.0,22.0,163
27.878,GIRO,1,4,1,-187.25,360.0,-174.93,102.0,,171.3,267.7,,-100.0,22.0,163
27.903,GIRO,1,4,1,-187.25,360.0,-174.93,98.1,,171.3,267.7,,-100.0,22.0,163
27.928,GIRO,1,4,1,-187.25,360.0,-174.93,95.9,,171.3,267.7,,-100.0,22.0,163
27.953,GIRO,1,4,1,-187.25,360.0,-174.93,94.7,,171.3,267.7,,-100.0,22.0,163
27.978,GIRO,1,4,1,-187.25,360.0,-174.93,94.1,,171.3,267.7,,-100.0,22.0,163
28.003,GIRO,1,4,1,-187.25,360.0,-174.93,93.7,,171.3,267.7,,-100.0,22.0,163
28.028,GIRO,1,4,1,-187.25,360.0,-174.93,93.5,,171.3,270.0,,-100.0,22.0,165
28.054,GIRO,1,4,1,-187.25,360.0,-174.93,93.4,,171.3,270.0,,-100.0,22.0,165
28.078,GIRO,1,4,1,-187.25,360.0,-174.93,93.3,,171.3,270.0,,-100.0,22.0,165
28.103,GIRO,1,4,1,-187.25,360.0,-174.93,93.3,,171.3,270.0,,-100.0,22.0,165
28.128,GIRO,1,4,1,-187.25,360.0,-174.93,93.2,,171.3,270.0,,-100.0,22.0,165
28.155,GIRO,1,4,1,-187.25,360.0,-174.93,93.2,,171.3,270.0,,-100.0,22.0,165
28.179,GIRO,1,4,1,-187.25,360.0,-174.93,93.2,,171.3,270.0,,-100.0,22.0,165
28.203,GIRO,1,4,1,-187.25,360.0,-174.93,95.3,,171.3,267.7,,-100.0,22.0,168
28.229,GIRO,1,4,1,-187.25,360.0,-174.93,96.4,,171.3,267.7,,-100.0,22.0,168
28.254,GIRO,1,4,1,-187.25,360.0,-174.93,97.0,,171.3,267.7,,-100.0,22.0,168
28.279,GIRO,1,4,1,-187.25,360.0,-174.93,97.3,,171.3,267.7,,-100.0,22.0,168
28.304,GIRO,1,4,1,-187.25,360.0,-174.93,97.5,,171.3,267.7,,-100.0,22.0,168
28.329,GIRO,1,4,1,-187.25,360.0,-174.93,97.6,,171.3,267.7,,-100.0,22.0,168
28.354,GIRO,1,4,1,-187.25,360.0,-174.93,97.7,,171.3,267.7,,-100.0,22.0,168
28.378,GIRO,1,4,1,-187.25,360.0,-174.93,,,171.3,,,-100.0,22.0,164
28.403,GIRO,1,4,1,-187.25,360.0,-174.93,,,171.3,,,-100.0,22.0,164
28.428,GIRO,1,4,1,-187.25,360.0,-174.93,,,171.3,,,-100.0,22.0,164
28.453,GIRO,1,4,1,-187.25,360.0,-174.93,,,171.3,,,-100.0,22.0,164
28.48,GIRO,1,4,1,-187.25,360.0,-174.93,,,171.3,,,-100.0,22.0,164
28.504,GIRO,1,4,1,-187.25,360.0,-174.93,,,171.3,,,-100.0,22.0,164
28.529,GIRO,1,4,1,-187.25,360.0,-174.93,,,171.3,,,-100.0,22.0,164
28.555,GIRO,1,4,1,-187.25,360.0,-174.93,93.9,,171.3,270.0,,-100.0,22.0,167
28.58,GIRO,1,4,1,-187.25,360.0,-174.93,93.9,,171.3,270.0,,-100.0,22.0,167
28.605,GIRO,1,4,1,-187.25,360.0,-174.93,93.9,,171.3,270.0,,-100.0,22.0,167
28.63,GIRO,1,4,1,-187.25,360.0,-174.93,93.9,,171.3,270.0,,-100.0,22.0,167
28.655,GIRO,1,4,1,-187.25,360.0,-174.93,93.9,,171.3,270.0,,-100.0,22.0,167
28.68,GIRO,1,4,1,-187.25,360.0,-174.93,93.9,,171.3,270.0,,-100.0,22.0,167
28.705,GIRO,1,4,1,-187.25,360.0,-174.93,93.9,,171.3,270.0,,-100.0,22.0,167
28.73,GIRO,1,4,1,-187.25,360.0,-174.93,93.9,,171.3,270.0,,-100.0,22.0,167
28.755,GIRO,1,4,1,-187.25,360.0,-174.93,92.2,,171.3,273.4,,-100.0,22.0,170
28.78,GIRO,1,4,1,-187.25,360.0,-174.93,91.3,,171.3,273.4,,-100.0,22.0,170
28.805,GIRO,1,4,1,-187.25,360.0,-174.93,90.8,,171.3,273.4,,-100.0,22.0,170
28.831,GIRO,1,4,1,-187.25,360.0,-174.93,90.6,,171.3,273.4,,-100.0,22.0,170
28.855,GIRO,1,4,1,-187.25,360.0,-174.93,90.4,,171.3,273.4,,-100.0,22.0,170
28.88,GIRO,1,4,1,-187.25,360.0,-174.93,90.3,,171.3,273.4,,-100.0,22.0,170
28.905,GIRO,1,4,1,-187.25,360.0,-174.93,90.3,,171.3,273.4,,-100.0,22.0,170
28.931,GIRO,1,4,1,-187.25,360.0,-174.93,,,171.3,,,-100.0,22.0,169
28.955,GIRO,1,4,1,-187.25,360.0,-174.93,,,171.3,,,-100.0,22.0,169
28.98,GIRO,1,4,1,-187.25,360.0,-174.93,,,171.3,,,-100.0,22.0,169
29.005,GIRO,1,4,1,-187.25,360.0,-174.93,,,171.3,,,-100.0,22.0,169
29.03,GIRO,1,4,1,-187.25,360.0,-174.93,,,171.3,,,-100.0,22.0,169
29.055,GIRO,1,4,1,-187.25,360.0,-174.93,,,171.3,,,-100.0,22.0,169
29.08,GIRO,1,4,1,-187.25,360.0,-174.93,,,171.3,,,-100.0,22.0,169
29.106,GIRO,1,4,1,-187.25,360.0,-174.93,90.1,,171.3,279.5,,-100.0,22.0,172
29.131,GIRO,1,4,1,-187.25,360.0,-174.93,90.1,,171.3,279.5,,-100.0,22.0,172
29.156,GIRO,1,4,1,-187.25,360.0,-174.93,90.1,,171.3,279.5,,-100.0,22.0,172
29.181,GIRO,1,4,1,-187.25,360.0,-174.93,90.1,,171.3,279.5,,-100.0,22.0,172
29.206,GIRO,1,4,1,-187.25,360.0,-174.93,90.1,,171.3,279.5,,-100.0,22.0,172
29.231,GIRO,1,4,1,-187.25,360.0,-174.93,90.1,,171.3,279.5,,-100.0,22.0,172
29.257,GIRO,1,4,1,-187.25,360.0,-174.93,90.1,,171.3,279.5,,-100.0,22.0,172
29.282,GIRO,1,4,1,-187.25,360.0,-174.93,90.5,,171.3,280.7,,-100.0,22.0,170
29.307,GIRO,1,4,1,-187.25,360.0,-174.93,90.7,,171.3,280.7,,-100.0,22.0,170
29.332,GIRO,1,4,1,-187.26,360.0,-174.92,90.8,,171.3,280.7,,-100.0,22.0,170
29.358,GIRO,1,4,1,-187.26,360.0,-174.92,90.8,,171.3,280.7,,-100.0,22.0,170
29.382,GIRO,1,4,1,-187.26,360.0,-174.92,90.9,,171.3,280.7,,-100.0,22.0,170
29.407,GIRO,1,4,1,-187.26,360.0,-174.92,90.9,,171.3,280.7,,-100.0,22.0,170
29.432,GIRO,1,4,1,-187.26,360.0,-174.92,90.9,,171.3,280.7,,-100.0,22.0,170
29.457,GIRO,1,4,1,-187.26,360.0,-174.92,90.0,,171.3,280.7,,-100.0,22.0,166
29.482,GIRO,1,4,1,-187.26,360.0,-174.92,89.5,,171.3,280.7,,-100.0,22.0,166
29.507,GIRO,1,4,1,-187.26,360.0,-174.92,89.3,,171.3,280.7,,-100.0,22.0,166
29.532,GIRO,1,4,1,-187.26,360.0,-174.92,89.1,,171.3,280.7,,-100.0,22.0,166
29.557,GIRO,1,4,1,-187.26,360.0,-174.92,89.1,,171.3,280.7,,-100.0,22.0,166
29.584,GIRO,1,4,1,-187.26,360.0,-174.92,89.0,,171.3,280.7,,-100.0,22.0,166
29.607,GIRO,1,4,1,-187.26,360.0,-174.92,89.0,,171.3,280.7,,-100.0,22.0,166
29.632,GIRO,1,4,1,-187.26,360.0,-174.92,89.0,,171.3,280.7,,-100.0,22.0,166
29.657,GIRO,1,4,1,-187.26,360.0,-174.92,90.6,,171.3,279.5,,-100.0,22.0,166
29.682,GIRO,1,4,1,-187.26,360.0,-174.92,91.5,,171.3,279.5,,-100.0,22.0,166
29.707,GIRO,1,4,1,-187.26,360.0,-174.92,92.0,,171.3,279.5,,-100.0,22.0,166
29.732,GIRO,1,4,1,-187.26,360.0,-174.92,92.3,,171.3,279.5,,-100.0,22.0,166
29.757,GIRO,1,4,1,-187.26,360.0,-174.92,92.5,,171.3,279.5,,-100.0,22.0,166
29.782,GIRO,1,4,1,-187.26,360.0,-174.92,92.5,,171.3,279.5,,-100.0,22.0,166
29.808,GIRO,1,4,1,-187.26,360.0,-174.92,92.6,,171.3,279.5,,-100.0,22.0,166
29.833,GIRO,1,4,1,-187.26,360.0,-174.92,91.2,,171.3,280.7,,-100.0,22.0,169
29.859,GIRO,1,4,1,-187.26,360.0,-174.92,90.4,,171.3,280.7,,-100.0,22.0,169
29.884,GIRO,1,4,1,-187.28,360.0,-174.9,90.0,,171.3,280.7,,-100.0,22.0,169
29.91,GIRO,1,4,1,-187.28,360.0,-174.9,89.7,,171.3,280.7,,-100.0,22.0,169
29.934,GIRO,1,4,1,-187.28,360.0,-174.9,89.6,,171.3,280.7,,-100.0,22.0,169
29.958,GIRO,1,4,1,-187.28,360.0,-174.9,89.5,,171.3,280.7,,-100.0,22.0,169
29.983,GIRO,1,4,1,-187.28,360.0,-174.9,89.5,,171.3,280.7,,-100.0,22.0,169
30.009,GIRO,1,4,1,-187.28,360.0,-174.9,89.2,90.4,1084.2,240.6,179.3,-100.0,22.0,159
30.034,GIRO,1,4,1,-187.28,360.0,-174.9,89.1,90.4,1586.3,240.6,179.3,-100.0,22.0,159
30.059,GIRO,1,4,1,-187.28,360.0,-174.9,89.0,90.4,1862.5,240.6,179.3,-100.0,22.0,159
30.084,GIRO,1,4,1,-187.28,360.0,-174.9,89.0,90.4,2014.4,240.6,179.3,-100.0,22.0,159
30.109,GIRO,1,4,1,-187.28,360.0,-174.9,88.9,90.4,2097.9,240.6,179.3,-100.0,22.0,159
30.135,GIRO,1,4,1,-187.28,360.0,-174.9,88.9,90.4,2143.8,240.6,179.3,-100.0,22.0,159
30.159,GIRO,1,4,1,-187.29,360.0,-174.89,88.9,90.4,2169.1,240.6,179.3,-100.0,22.0,159
30.184,GIRO,1,4,1,-187.29,360.0,-174.89,88.9,,2183.0,245.1,,-100.0,22.0,155
30.209,GIRO,1,4,1,-187.29,360.0,-174.89,88.9,,2190.7,245.1,,-100.0,22.0,155
30.235,GIRO,1,4,1,-187.29,360.0,-174.89,88.9,,2194.9,245.1,,-100.0,22.0,155
30.259,GIRO,1,4,1,-187.29,360.0,-174.89,89.0,,2197.2,245.1,,-100.0,22.0,155
30.284,GIRO,1,4,1,-187.29,360.0,-174.89,89.0,,2198.4,245.1,,-100.0,22.0,155
30.309,GIRO,1,4,1,-187.29,360.0,-174.89,89.0,,2199.1,245.1,,-100.0,22.0,155
30.335,GIRO,1,4,1,-187.29,360.0,-174.89,89.0,,2199.5,245.1,,-100.0,22.0,155
30.361,GIRO,1,4,1,-187.29,360.0,-174.89,89.0,,2199.7,245.1,,-100.0,22.0,155
30.385,GIRO,1,4,1,-187.29,360.0,-174.89,90.4,,2199.9,271.1,,-100.0,22.0,159
30.409,GIRO,1,4,1,-187.29,360.0,-174.89,91.2,,2199.9,271.1,,-100.0,22.0,159
30.435,GIRO,1,4,1,-187.29,360.0,-174.89,91.7,,2200.0,271.1,,-100.0,22.0,159
30.461,GIRO,1,4,1,-187.29,360.0,-174.89,91.9,,2200.0,271.1,,-100.0,22.0,159
30.485,GIRO,1,4,1,-187.29,360.0,-174.89,92.0,,2200.0,271.1,,-100.0,22.0,159
30.51,GIRO,1,4,1,-187.29,360.0,-174.89,92.1,,2200.0,271.1,,-100.0,22.0,159
30.535,GIRO,1,4,1,-187.31,360.0,-174.87,92.2,,2200.0,271.1,,-100.0,22.0,159
30.559,GIRO,1,4,1,-187.31,360.0,-174.87,,,1287.1,,,-100.0,22.0,154
30.584,GIRO,1,4,1,-187.31,360.0,-174.87,,,785.0,,,-100.0,22.0,154
30.609,GIRO,1,4,1,-187.31,360.0,-174.87,,,508.8,,,-100.0,22.0,154
30.634,GIRO,1,4,1,-187.31,360.0,-174.87,,,356.9,,,-100.0,22.0,154
30.659,GIRO,1,4,1,-187.31,360.0,-174.87,,,273.4,,,-100.0,22.0,154
30.685,GIRO,1,4,1,-187.31,360.0,-174.87,,,227.4,,,-100.0,22.0,154
30.71,GIRO,1,4,1,-187.31,360.0,-174.87,,,202.2,,,-100.0,22.0,154
30.735,GIRO,1,4,1,-187.31,360.0,-174.87,,90.1,188.3,,,-100.0,22.0,158
30.76,GIRO,1,4,1,-187.31,360.0,-174.87,,90.1,180.6,,,-100.0,22.0,158
30.785,GIRO,1,4,1,-187.31,360.0,-174.87,,90.1,176.4,,,-100.0,22.0,158
30.811,GIRO,1,4,1,-187.31,360.0,-174.87,,90.1,174.1,,,-100.0,22.0,158
30.835,SIGUE_MURO,1,4,1,-187.31,360.0,-148.87,,90.1,172.8,,,-100.0,22.0,158
30.86,SIGUE_MURO,1,4,1,-187.31,360.0,-148.87,,90.1,172.1,,,-100.0,22.0,158
30.885,SIGUE_MURO,1,4,1,-187.31,360.0,-148.87,,90.1,171.7,,,-100.0,22.0,158
30.91,SIGUE_MURO,1,4,1,-187.31,360.0,-174.87,,,171.5,,,-100.0,22.0,153
30.934,SIGUE_MURO,1,4,1,-187.31,360.0,-174.87,,,171.4,,,-100.0,22.0,153
30.959,SIGUE_MURO,1,4,1,-187.31,360.0,-174.87,,,171.4,,,-100.0,22.0,153
30.984,SIGUE_MURO,1,4,1,-187.31,360.0,-174.87,,,171.3,,,-100.0,22.0,153
31.01,SIGUE_MURO,1,4,1,-187.31,360.0,-174.87,,,171.3,,,-100.0,22.0,153
31.035,SIGUE_MURO,1,4,1,-187.31,360.0,-174.87,,,171.3,,,-100.0,22.0,153
31.06,SIGUE_MURO,1,4,1,-187.31,360.0,-174.87,,,171.3,,,-100.0,22.0,153
31.086,SIGUE_MURO,1,4,1,-187.31,360.0,-148.87,,93.3,171.3,,,-100.0,22.0,153
31.111,SIGUE_MURO,1,4,1,-187.31,360.0,-148.87,,93.3,171.3,,,-100.0,22.0,153
31.136,SIGUE_MURO,1,4,1,-187.31,360.0,-148.87,,93.3,171.3,,,-100.0,22.0,153
31.161,SIGUE_MURO,1,4,1,-187.31,360.0,-148.87,,93.3,171.3,,,-100.0,22.0,153
31.186,SIGUE_MURO,1,4,1,-187.31,360.0,-148.87,,93.3,171.3,,,-100.0,22.0,153
31.211,SIGUE_MURO,1,4,1,-187.31,360.0,-148.87,,93.3,171.3,,,-100.0,22.0,153
31.236,SIGUE_MURO,1,4,1,-187.31,360.0,-148.87,,93.3,171.3,,,-100.0,22.0,153
31.261,SIGUE_MURO,1,4,1,-187.31,360.0,-148.87,,93.3,171.3,,,-100.0,22.0,153
31.286,SIGUE_MURO,1,4,1,-187.31,360.0,-148.87,,92.1,171.3,,,-100.0,22.0,158
31.311,SIGUE_MURO,1,4,1,-187.31,360.0,-148.87,,91.5,171.3,,,-100.0,22.0,158
31.336,SIGUE_MURO,1,4,1,-187.31,360.0,-148.87,,91.1,171.3,,,-100.0,22.0,158
31.362,SIGUE_MURO,1,4,1,-187.31,360.0,-148.87,,90.9,171.3,,,-100.0,22.0,158
31.386,SIGUE_MURO,1,4,1,-187.31,360.0,-148.87,,90.8,171.3,,,-100.0,22.0,158
31.411,SIGUE_MURO,1,4,1,-187.31,360.0,-148.87,,90.7,171.3,,,-100.0,22.0,158
31.436,SIGUE_MURO,1,4,1,-187.31,360.0,-148.87,,90.7,171.3,,,-100.0,22.0,158
31.461,SIGUE_MURO,1,4,1,-187.31,360.0,-174.87,,,171.3,,,-100.0,22.0,154
31.486,SIGUE_MURO,1,4,1,-187.31,360.0,-174.87,,,171.3,,,-100.0,22.0,154
31.511,SIGUE_MURO,1,4,1,-187.31,360.0,-174.87,,,171.3,,,-100.0,22.0,154
31.536,SIGUE_MURO,1,4,1,-187.31,360.0,-174.87,,,171.3,,,-100.0,22.0,154
31.562,SIGUE_MURO,1,4,1,-187.31,360.0,-174.87,,,171.3,,,-100.0,22.0,154
31.586,SIGUE_MURO,1,4,1,-187.31,360.0,-174.87,,,171.3,,,-100.0,22.0,154
31.611,SIGUE_MURO,1,4,1,-187.31,360.0,-174.87,,,171.3,,,-100.0,22.0,154
31.636,SIGUE_MURO,1,4,1,-187.31,360.0,-174.87,,,171.3,,,-100.0,22.0,152
31.661,SIGUE_MURO,1,4,1,-187.31,360.0,-174.87,,,171.3,,,-100.0,22.0,152
31.686,SIGUE_MURO,1,4,1,-187.31,360.0,-174.87,,,171.3,,,-100.0,22.0,152
31.711,SIGUE_MURO,1,4,1,-187.31,360.0,-174.87,,,171.3,,,-100.0,22.0,152
31.736,SIGUE_MURO,1,4,1,-187.31,360.0,-174.87,,,171.3,,,-100.0,22.0,152
31.761,SIGUE_MURO,1,4,1,-187.31,360.0,-174.87,,,171.3,,,-100.0,22.0,152
31.787,SIGUE_MURO,1,4,1,-187.31,360.0,-174.87,,,171.3,,,-100.0,22.0,152
31.811,SIGUE_MURO,1,4,1,-187.31,360.0,-174.87,,,171.3,,,-100.0,22.0,155
31.837,SIGUE_MURO,1,4,1,-187.31,360.0,-174.87,,,171.3,,,-100.0,22.0,155
31.862,SIGUE_MURO,1,4,1,-187.31,360.0,-174.87,,,171.3,,,-100.0,22.0,155
31.887,SIGUE_MURO,1,4,1,-187.31,360.0,-174.87,,,171.3,,,-100.0,22.0,155
31.912,SIGUE_MURO,1,4,1,-187.31,360.0,-174.87,,,171.3,,,-100.0,22.0,155
31.937,SIGUE_MURO,1,4,1,-187.31,360.0,-174.87,,,171.3,,,-100.0,22.0,155
31.962,SIGUE_MURO,1,4,1,-187.31,360.0,-174.87,,,171.3,,,-100.0,22.0,155
31.987,SIGUE_MURO,1,4,1,-187.31,360.0,-174.87,,,171.3,,,-100.0,22.0,155
32.012,SIGUE_MURO,1,4,1,-187.31,360.0,-174.87,,,171.3,,,-100.0,22.0,148
32.037,SIGUE_MURO,1,4,1,-187.31,360.0,-174.87,,,171.3,,,-100.0,22.0,148
32.062,SIGUE_MURO,1,4,1,-187.31,360.0,-174.87,,,171.3,,,-100.0,22.0,148
32.087,SIGUE_MURO,1,4,1,-187.31,360.0,-174.87,,,171.3,,,-100.0,22.0,148
32.114,SIGUE_MURO,1,4,1,-187.31,360.0,-174.87,,,171.3,,,-100.0,22.0,148
32.137,SIGUE_MURO,1,4,1,-187.31,360.0,-174.87,,,171.3,,,-100.0,22.0,148
32.163,RECUPERANDO,1,4,1,-187.31,360.0,-174.87,,,171.3,,,60.0,-38.0,148
32.188,RECUPERANDO,1,4,1,-187.31,360.0,-174.87,,,171.3,,,-60.0,-38.0,148
32.214,RECUPERANDO,1,4,1,-187.31,360.0,-174.87,,,171.3,,,60.0,-38.0,148
32.238,RECUPERANDO,1,4,1,-187.31,360.0,-174.87,,,171.3,,,-60.0,-38.0,148
32.263,RECUPERANDO,1,4,1,-187.31,360.0,-174.87,,,171.3,,,60.0,-38.0,148
32.288,RECUPERANDO,1,4,1,-187.31,360.0,-174.87,,,171.3,,,-60.0,-38.0,148
32.314,RECUPERANDO,1,4,1,-187.31,360.0,-174.87,,,171.3,,,60.0,-38.0,148
32.339,RECUPERANDO,1,4,1,-187.31,360.0,-174.87,,,171.3,,,-60.0,-38.0,148
32.364,RECUPERANDO,1,4,1,-187.31,360.0,-174.87,,,171.3,,,60.0,-38.0,150
32.389,RECUPERANDO,1,4,1,-187.35,360.0,-174.87,,,171.3,,,-60.0,-38.0,150
32.414,RECUPERANDO,1,4,1,-187.35,360.0,-174.87,,,171.3,,,60.0,-38.0,150
32.44,RECUPERANDO,1,4,1,-187.15,360.0,-174.87,,,171.3,,,-60.0,-38.0,150
32.464,RECUPERANDO,1,4,1,-187.15,360.0,-174.87,,,171.3,,,60.0,-38.0,150
32.489,RECUPERANDO,1,4,1,-187.24,360.0,-174.87,,,171.3,,,-60.0,-38.0,150
32.514,RECUPERANDO,1,4,1,-187.24,360.0,-174.87,,,171.3,,,60.0,-38.0,150
32.541,RECUPERANDO,1,4,1,-187.41,360.0,-174.87,,95.3,171.3,,,-60.0,-38.0,169
32.565,RECUPERANDO,1,4,1,-187.41,360.0,-174.87,,95.3,171.3,,,60.0,-38.0,169
32.59,RECUPERANDO,1,4,1,-187.54,360.0,-174.87,,95.3,171.3,,,-60.0,-38.0,169
32.615,RECUPERANDO,1,4,1,-187.54,360.0,-174.87,,95.3,171.3,,,60.0,-38.0,169
32.64,RECUPERANDO,1,4,1,-187.54,360.0,-174.87,,95.3,171.3,,,-60.0,-38.0,169
32.666,RECUPERANDO,1,4,1,-186.5,360.0,-174.87,,95.3,171.3,,,60.0,-38.0,169
32.69,RECUPERANDO,1,4,1,-186.5,360.0,-174.87,,95.3,171.3,,,-60.0,-38.0,169
32.715,RECUPERANDO,1,4,1,-185.64,360.0,-174.87,,,171.3,,,60.0,-38.0,206
32.74,RECUPERANDO,1,4,1,-185.64,360.0,-174.87,,,171.3,,,-60.0,-38.0,206
32.765,RECUPERANDO,1,4,1,-184.73,360.0,-174.87,,,171.3,,,60.0,-38.0,206
32.79,RECUPERANDO,1,4,1,-184.73,360.0,-174.87,,,171.3,,,-60.0,-38.0,206
32.815,RECUPERANDO,1,4,1,-182.88,360.0,-174.87,,,171.3,,,60.0,-38.0,206
32.84,RECUPERANDO,1,4,1,-182.88,360.0,-174.87,,,171.3,,,-60.0,-38.0,206
32.865,RECUPERANDO,1,4,1,-182.74,360.0,-174.87,,,171.3,,,60.0,-38.0,206
32.891,RECUPERANDO,1,4,1,-182.74,360.0,-174.87,,,171.3,,,-60.0,-38.0,206
32.915,RECUPERANDO,1,4,1,-183.67,360.0,-174.87,,,171.3,,,60.0,-38.0,190
32.94,RECUPERANDO,1,4,1,-183.67,360.0,-174.87,,,171.3,,,-60.0,-38.0,190
32.965,RECUPERANDO,1,4,1,-183.67,360.0,-174.87,,,171.3,,,60.0,-38.0,190
32.99,RECUPERANDO,1,4,1,-185.19,360.0,-174.87,,,171.3,,,-60.0,-38.0,190
33.015,RECUPERANDO,1,4,1,-185.19,360.0,-174.87,,,171.3,,,60.0,-38.0,190
33.04,RECUPERANDO,1,4,1,-186.31,360.0,-174.87,,,171.3,,,-60.0,-38.0,190
33.066,SIGUE_MURO,1,4,1,-186.31,360.0,-175.87,,,171.3,,,-70.5,22.0,190
33.09,GIRO,1,5,1,-188.83,450.0,-83.35,,,171.8,,,-81.0,22.0,189
33.116,GIRO,1,5,1,-188.83,450.0,-83.35,,,172.2,,,-91.6,22.0,189
33.141,GIRO,1,5,1,-190.03,450.0,-82.15,,,172.3,,,-100.0,22.0,189
33.165,GIRO,1,5,1,-190.03,450.0,-82.15,,,172.4,,,-100.0,22.0,189
33.191,GIRO,1,5,1,-190.25,450.0,-81.93,,,172.5,,,-100.0,22.0,189
33.216,GIRO,1,5,1,-190.25,450.0,-81.93,,,172.5,,,-100.0,22.0,189
33.241,GIRO,1,5,1,-190.03,450.0,-82.15,,,172.5,,,-100.0,22.0,189
33.266,GIRO,1,5,1,-190.03,450.0,-82.15,,,187.8,,,-100.0,22.0,153
33.291,GIRO,1,5,1,-190.03,450.0,-82.15,,,196.3,,,-100.0,22.0,153
33.316,GIRO,1,5,1,-189.86,450.0,-82.32,,,200.9,,,-100.0,22.0,153
33.342,GIRO,1,5,1,-189.86,450.0,-82.32,,,203.4,,,-100.0,22.0,153
33.366,GIRO,1,5,1,-189.57,450.0,-82.61,,,204.8,,,-100.0,22.0,153
33.391,GIRO,1,5,1,-189.57,450.0,-82.61,,,205.6,,,-100.0,22.0,153
33.416,GIRO,1,5,1,-189.5,450.0,-82.68,,,206.0,,,-100.0,22.0,153
33.441,GIRO,1,5,1,-189.5,450.0,-82.68,,,216.6,,,-100.0,22.0,140
33.466,GIRO,1,5,1,-189.02,450.0,-83.16,,,222.4,,,-100.0,22.0,140
33.491,GIRO,1,5,1,-189.02,450.0,-83.16,,,225.6,,,-100.0,22.0,140
33.516,GIRO,1,5,1,-187.86,450.0,-84.32,,,227.4,,,-100.0,22.0,140
33.542,GIRO,1,5,1,-187.86,450.0,-84.32,,,228.4,,,-100.0,22.0,140
33.566,GIRO,1,5,1,-185.47,450.0,-86.71,,,228.9,,,-100.0,22.0,140
33.591,GIRO,1,5,1,-185.47,450.0,-86.71,,,229.2,,,-100.0,22.0,140
33.617,GIRO,1,5,1,-185.47,450.0,-86.71,,,219.6,,,-100.0,22.0,195
33.642,GIRO,1,5,1,-184.14,450.0,-88.04,,,214.3,,,-100.0,22.0,195
33.667,GIRO,1,5,1,-184.14,450.0,-88.04,,,211.4,,,-100.0,22.0,195
33.692,GIRO,1,5,1,-181.34,450.0,-90.84,,,209.8,,,-100.0,22.0,195
33.717,GIRO,1,5,1,-181.34,450.0,-90.84,,,208.9,,,-100.0,22.0,195
33.742,GIRO,1,5,1,-180.02,450.0,-92.16,,,208.4,,,-100.0,22.0,195
33.767,GIRO,1,5,1,-180.02,450.0,-92.16,,,208.2,,,-100.0,22.0,195
33.792,GIRO,1,5,1,-178.64,450.0,-93.54,,,208.0,,,-100.0,22.0,195
33.817,GIRO,1,5,1,-178.64,450.0,-93.54,,,196.1,,,-100.0,22.0,214
33.842,GIRO,1,5,1,-175.96,450.0,-96.22,,,189.6,,,-100.0,22.0,214
33.867,GIRO,1,5,1,-175.96,450.0,-96.22,,,186.0,,,-100.0,22.0,214
33.892,GIRO,1,5,1,-174.57,450.0,-97.61,,,184.0,,,-100.0,22.0,214
33.917,GIRO,1,5,1,-174.57,450.0,-97.61,,,182.9,,,-100.0,22.0,214
33.942,GIRO,1,5,1,-174.57,450.0,-97.61,,,182.3,,,-100.0,22.0,214
33.967,GIRO,1,5,1,-173.46,450.0,-98.72,,,182.0,,,-100.0,22.0,214
33.992,GIRO,1,5,1,-173.46,450.0,-98.72,,,177.2,,,-100.0,22.0,214
34.017,GIRO,1,5,1,-171.27,450.0,-100.91,,,174.5,,,-100.0,22.0,214
34.042,GIRO,1,5,1,-171.27,450.0,-100.91,,,173.1,,,-100.0,22.0,214
34.067,GIRO,1,5,1,-170.09,450.0,-102.09,,,172.3,,,-100.0,22.0,214
34.094,GIRO,1,5,1,-170.09,450.0,-102.09,,,171.8,,,-100.0,22.0,214
34.118,GIRO,1,5,1,-169.11,450.0,-103.07,,,171.6,,,-100.0,22.0,214
34.144,GIRO,1,5,1,-169.11,450.0,-103.07,,,171.4,,,-100.0,22.0,214
34.169,GIRO,1,5,1,-167.07,450.0,-105.11,,,171.4,,,-100.0,22.0,214
34.194,GIRO,1,5,1,-167.07,450.0,-105.11,,,171.3,,,-100.0,22.0,214
34.219,GIRO,1,5,1,-165.85,450.0,-106.33,,,171.3,,,-100.0,22.0,214
34.244,GIRO,1,5,1,-165.85,450.0,-106.33,,,171.3,,,-100.0,22.0,214
34.269,GIRO,1,5,1,-165.85,450.0,-106.33,,,171.3,,,-100.0,22.0,214
34.294,GIRO,1,5,1,-164.6,450.0,-107.58,,,171.3,,,-100.0,22.0,214
34.319,GIRO,1,5,1,-164.6,450.0,-107.58,,,171.3,,,-100.0,22.0,214
34.344,GIRO,1,5,1,-161.67,450.0,-110.51,,,171.3,,,-100.0,22.0,211
34.369,GIRO,1,5,1,-161.67,450.0,-110.51,,,171.3,,,-100.0,22.0,211
34.394,GIRO,1,5,1,-160.3,450.0,-111.88,,,171.3,,,-100.0,22.0,211
34.419,GIRO,1,5,1,-160.3,450.0,-111.88,,,171.3,,,-100.0,22.0,211
34.444,GIRO,1,5,1,-157.28,450.0,-114.9,,,171.3,,,-100.0,22.0,211
34.469,GIRO,1,5,1,-157.28,450.0,-114.9,,,171.3,,,-100.0,22.0,211
34.494,GIRO,1,5,1,-155.76,450.0,-116.42,,,171.3,,,-100.0,22.0,211
34.521,GIRO,1,5,1,-155.76,450.0,-116.42,,,171.3,,,-100.0,22.0,211
34.545,GIRO,1,5,1,-154.21,450.0,-117.97,,,171.3,,,-100.0,22.0,204
34.57,GIRO,1,5,1,-154.21,450.0,-117.97,,,171.3,,,-100.0,22.0,204
34.595,GIRO,1,5,1,-154.21,450.0,-117.97,,,171.3,,,-100.0,22.0,204
34.62,GIRO,1,5,1,-150.9,450.0,-121.28,,,171.3,,,-100.0,22.0,204
34.645,GIRO,1,5,1,-150.9,450.0,-121.28,,,171.3,,,-100.0,22.0,204
34.67,GIRO,1,5,1,-149.26,450.0,-122.92,,,171.3,,,-100.0,22.0,204
34.695,GIRO,1,5,1,-149.26,450.0,-122.92,,,171.3,,,-100.0,22.0,204
34.721,GIRO,1,5,1,-147.58,450.0,-124.6,,,171.3,,,-100.0,22.0,214
34.747,GIRO,1,5,1,-147.58,450.0,-124.6,,,171.3,,,-100.0,22.0,214
34.771,GIRO,1,5,1,-144.38,450.0,-127.8,,,171.3,,,-100.0,22.0,214
34.796,GIRO,1,5,1,-144.38,450.0,-127.8,,,171.3,,,-100.0,22.0,214
34.821,GIRO,1,5,1,-142.85,450.0,-129.33,,,171.3,,,-100.0,22.0,214
34.846,GIRO,1,5,1,-142.85,450.0,-129.33,,,171.3,,,-100.0,22.0,214
34.873,GIRO,1,5,1,-141.37,450.0,-130.81,,,171.3,,,-100.0,22.0,214
34.895,GIRO,1,5,1,-141.37,450.0,-130.81,,,171.3,,,-100.0,22.0,214
34.92,GIRO,1,5,1,-141.37,450.0,-130.81,,,171.3,,,-100.0,22.0,214
34.946,GIRO,1,5,1,-138.37,450.0,-133.81,,,171.3,,,-100.0,22.0,214
34.972,GIRO,1,5,1,-138.37,450.0,-133.81,,,171.3,,,-100.0,22.0,214
34.997,GIRO,1,5,1,-136.86,450.0,-135.32,,,171.3,,,-100.0,22.0,214
35.022,GIRO,1,5,1,-136.86,450.0,-135.32,,,171.3,,,-100.0,22.0,214
35.047,GIRO,1,5,1,-135.32,450.0,-136.86,,,171.3,,,-100.0,22.0,214
35.073,GIRO,1,5,1,-135.32,450.0,-136.86,,83.4,171.3,,,-100.0,22.0,201
35.098,GIRO,1,5,1,-132.27,450.0,-139.91,,83.4,171.3,,,-100.0,22.0,201
35.122,GIRO,1,5,1,-132.27,450.0,-139.91,,83.4,171.3,,,-100.0,22.0,201
35.148,GIRO,1,5,1,-130.8,450.0,-141.38,,83.4,171.3,,,-100.0,22.0,201
35.173,GIRO,1,5,1,-130.8,450.0,-141.38,,83.4,171.3,,,-100.0,22.0,201
35.198,GIRO,1,5,1,-127.8,450.0,-144.38,,83.4,171.3,,,-100.0,22.0,201
35.223,GIRO,1,5,1,-127.8,450.0,-144.38,,83.4,171.3,,,-100.0,22.0,201
35.248,GIRO,1,5,1,-127.8,450.0,-144.38,,83.4,171.3,,,-100.0,22.0,201
35.273,GIRO,1,5,1,-126.32,450.0,-145.86,,68.3,171.3,,,-100.0,22.0,179
35.299,GIRO,1,5,1,-126.32,450.0,-145.86,,60.0,171.3,,,-100.0,22.0,179
35.323,GIRO,1,5,1,-124.91,450.0,-147.27,,55.4,171.3,,,-100.0,22.0,179
35.348,GIRO,1,5,1,-124.91,450.0,-147.27,,52.9,171.3,,,-100.0,22.0,179
35.373,GIRO,1,5,1,-122.14,450.0,-150.04,,51.5,171.3,,,-100.0,22.0,179
35.398,GIRO,1,5,1,-122.14,450.0,-150.04,,50.7,171.3,,,-100.0,22.0,179
35.425,GIRO,1,5,1,-120.77,450.0,-151.41,,50.3,171.3,,,-100.0,22.0,179
35.449,GIRO,1,5,1,-120.77,450.0,-151.41,,,171.3,,,-100.0,22.0,176
35.474,GIRO,1,5,1,-119.41,450.0,-152.77,,,171.3,,,-100.0,22.0,176
35.498,GIRO,1,5,1,-119.41,450.0,-152.77,,,171.3,,,-100.0,22.0,176
35.524,GIRO,1,5,1,-116.65,450.0,-155.53,,,171.3,,,-100.0,22.0,176
35.549,GIRO,1,5,1,-116.65,450.0,-155.53,,,171.3,,,-100.0,22.0,176
35.573,GIRO,1,5,1,-116.65,450.0,-155.53,,,171.3,,,-100.0,22.0,176
35.599,GIRO,1,5,1,-115.24,450.0,-156.94,,,171.3,,,-100.0,22.0,176
35.625,GIRO,1,5,1,-115.24,450.0,-156.94,,,171.3,,,-100.0,22.0,172
35.649,GIRO,1,5,1,-112.19,450.0,-159.99,,,171.3,,,-100.0,22.0,172
35.674,GIRO,1,5,1,-112.19,450.0,-159.99,,,171.3,,,-100.0,22.0,172
35.699,GIRO,1,5,1,-110.75,450.0,-161.43,,,171.3,,,-100.0,22.0,172
35.724,GIRO,1,5,1,-110.75,450.0,-161.43,,,171.3,,,-100.0,22.0,172
35.75,GIRO,1,5,1,-109.28,450.0,-162.9,,,171.3,,,-100.0,22.0,172
35.774,GIRO,1,5,1,-109.28,450.0,-162.9,,,171.3,,,-100.0,22.0,172
35.799,GIRO,1,5,1,-106.44,450.0,-165.74,63.0,,872.4,534.5,,-100.0,22.0,161
35.824,GIRO,1,5,1,-106.44,450.0,-165.74,63.0,,1258.0,534.5,,-100.0,22.0,161
35.85,GIRO,1,5,1,-104.98,450.0,-167.2,63.0,,1470.1,534.5,,-100.0,22.0,161
35.874,GIRO,1,5,1,-104.98,450.0,-167.2,63.0,,1586.8,534.5,,-100.0,22.0,161
35.899,GIRO,1,5,1,-104.98,450.0,-167.2,63.0,,1650.9,534.5,,-100.0,22.0,161
35.924,GIRO,1,5,1,-103.55,450.0,-168.63,63.0,,1686.2,534.5,,-100.0,22.0,161
35.949,GIRO,1,5,1,-103.55,450.0,-168.63,63.0,,1705.6,534.5,,-100.0,22.0,161
35.975,GIRO,1,5,1,-100.42,450.0,-171.76,78.5,,1670.9,502.6,,-100.0,22.0,150
36.0,GIRO,1,5,1,-100.42,450.0,-171.76,87.1,,1651.8,502.6,,-100.0,22.0,150
36.025,GIRO,1,5,1,-98.83,450.0,-173.35,91.8,,1641.2,502.6,,-100.0,22.0,150
36.05,GIRO,1,5,1,-98.83,450.0,-173.35,94.4,,1635.5,502.6,,-100.0,22.0,150
36.076,GIRO,1,5,1,-97.32,450.0,-174.86,95.8,,1632.3,502.6,,-100.0,22.0,150
36.1,GIRO,1,5,1,-97.32,450.0,-174.86,96.6,,1630.5,502.6,,-100.0,22.0,150
36.125,GIRO,1,5,1,-94.21,450.0,-177.97,97.0,,1629.6,502.6,,-100.0,22.0,150
36.15,GIRO,1,5,1,-94.21,450.0,-177.97,97.3,,1629.0,502.6,,-100.0,22.0,150
36.175,GIRO,1,5,1,-94.21,450.0,-177.97,117.4,,1628.8,456.2,,-100.0,22.0,148
36.201,GIRO,1,5,1,-92.68,450.0,-179.5,128.5,,1628.6,456.2,,-100.0,22.0,148
36.225,GIRO,1,5,1,-92.68,450.0,-179.5,134.6,,1628.5,456.2,,-100.0,22.0,148
36.25,GIRO,1,5,1,-91.08,450.0,178.9,138.0,,1628.5,456.2,,-89.5,22.0,148
36.275,GIRO,1,5,1,-91.08,450.0,178.9,139.8,,1628.4,456.2,,-79.0,22.0,148
36.3,GIRO,1,5,1,-87.72,450.0,175.54,140.8,,1628.4,456.2,,-68.4,22.1,148
36.325,GIRO,1,5,1,-87.72,450.0,175.54,141.4,,1628.4,456.2,,-57.9,23.7,148
36.349,GIRO,1,5,1,-86.08,450.0,173.9,,,1628.4,,,-47.4,25.2,173
36.374,GIRO,1,5,1,-86.08,450.0,173.9,,,1628.4,,,-36.8,26.7,173
36.399,GIRO,1,5,1,-82.92,450.0,170.74,,,1628.4,,,-26.3,28.2,173
36.425,GIRO,1,5,1,-82.92,450.0,170.74,,,1628.4,,,-15.8,29.7,173
36.449,GIRO,1,5,1,-81.47,450.0,169.29,,,1628.4,,,-5.3,31.2,173
36.475,GIRO,1,5,1,-81.47,450.0,169.29,,,1628.4,,,5.3,31.2,173
36.5,GIRO,1,5,1,-81.47,450.0,169.29,,,1628.4,,,15.8,29.7,173
36.526,GIRO,1,5,1,-80.19,450.0,168.01,,1223.7,1650.4,,,26.3,28.2,214
36.551,GIRO,1,5,1,-80.19,450.0,168.01,,1223.7,1662.5,,,36.8,26.7,214
36.576,GIRO,1,5,1,-78.22,450.0,166.04,,1223.7,1669.2,,,47.4,25.2,214
36.601,GIRO,1,5,1,-78.22,450.0,166.04,,1223.7,1672.8,,,57.9,23.7,214
36.626,GIRO,1,5,1,-77.36,450.0,165.18,,1223.7,1674.9,,,68.4,22.1,214
36.651,GIRO,1,5,1,-77.36,450.0,165.18,,1223.7,1676.0,,,78.9,22.0,214
36.676,GIRO,1,5,1,-77.07,450.0,164.89,,1223.7,1676.6,,,89.5,22.0,214
36.701,GIRO,1,5,1,-77.07,450.0,164.89,,1191.8,1654.9,,,100.0,22.0,214
36.726,GIRO,1,5,1,-77.22,450.0,165.04,,1174.3,1643.0,,,100.0,22.0,214
36.752,GIRO,1,5,1,-77.22,450.0,165.04,,1164.6,1636.4,,,100.0,22.0,214
36.776,GIRO,1,5,1,-77.63,450.0,165.45,,1159.3,1632.8,,,100.0,22.0,214
36.801,GIRO,1,5,1,-77.63,450.0,165.45,,1156.4,1630.8,,,100.0,22.0,214
36.827,GIRO,1,5,1,-77.63,450.0,165.45,,1154.8,1629.7,,,100.0,22.0,214
36.853,GIRO,1,5,1,-78.12,450.0,165.94,,1153.9,1629.1,,,100.0,22.0,214
36.877,GIRO,1,5,1,-78.12,450.0,165.94,,1146.3,1628.8,,,100.0,22.0,214
36.902,GIRO,1,5,1,-80.19,450.0,168.01,,1142.1,1628.6,,,100.0,22.0,214
36.927,GIRO,1,5,1,-80.19,450.0,168.01,,1139.8,1628.5,,,100.0,22.0,214
36.952,GIRO,1,5,1,-81.33,450.0,169.15,,1138.5,1628.5,,,100.0,22.0,214
36.977,GIRO,1,5,1,-81.33,450.0,169.15,,1137.8,1628.4,,,100.0,22.0,214
37.002,GIRO,1,5,1,-82.64,450.0,170.46,,1137.4,1628.4,,,100.0,22.0,214
37.027,GIRO,1,5,1,-82.64,450.0,170.46,,1137.2,1628.4,,,100.0,22.0,214
37.053,GIRO,1,5,1,-85.35,450.0,173.17,,1137.1,1628.4,,,100.0,22.0,214
37.078,GIRO,1,5,1,-85.35,450.0,173.17,,1140.3,1588.0,,,100.0,22.0,214
37.102,GIRO,1,5,1,-86.81,450.0,174.63,,1142.0,1565.8,,,100.0,22.0,214
37.127,GIRO,1,5,1,-86.81,450.0,174.63,,1143.0,1553.6,,,100.0,22.0,214
37.152,GIRO,1,5,1,-86.81,450.0,174.63,,1143.5,1546.9,,,100.0,22.0,214
37.179,GIRO,1,5,1,-89.4,450.0,177.22,,1143.8,1543.2,,,100.0,22.0,214
37.202,GIRO,1,5,1,-89.4,450.0,177.22,,1144.0,1541.2,,,100.0,22.0,214
37.228,GIRO,1,5,1,-90.76,450.0,178.58,,1144.1,1540.1,,,100.0,22.0,214
37.253,GIRO,1,5,1,-90.76,450.0,178.58,,1101.6,1486.7,,,100.0,22.0,214
37.278,GIRO,1,5,1,-92.25,450.0,-179.93,,1078.2,1457.4,,,89.5,22.0,214
37.303,GIRO,1,5,1,-92.25,450.0,-179.93,,1065.3,1441.2,,,78.9,22.0,214
37.328,GIRO,1,5,1,-94.95,450.0,-177.23,,1058.3,1432.4,,,68.4,22.1,214
37.353,GIRO,1,5,1,-94.95,450.0,-177.23,,1054.4,1427.5,,,57.9,23.7,214
37.378,GIRO,1,5,1,-96.13,450.0,-176.05,,1052.2,1424.8,,,47.4,25.2,214
37.403,GIRO,1,5,1,-96.13,450.0,-176.05,,1051.1,1423.3,,,36.9,26.7,214
37.427,GIRO,1,5,1,-97.36,450.0,-174.82,,,1377.3,,,26.3,28.2,214
37.452,GIRO,1,5,1,-97.36,450.0,-174.82,,,1352.0,,,15.8,29.7,214
37.478,GIRO,1,5,1,-97.36,450.0,-174.82,,,1338.1,,,5.3,31.2,214
37.504,GIRO,1,5,1,-99.74,450.0,-172.44,,,1330.4,,,-5.3,31.2,214
37.527,GIRO,1,5,1,-99.74,450.0,-172.44,,,1326.2,,,-15.8,29.7,214
37.552,GIRO,1,5,1,-100.99,450.0,-171.19,,,1323.9,,,-26.3,28.2,214
37.577,GIRO,1,5,1,-100.99,450.0,-171.19,,,1322.6,,,-36.8,26.7,214
37.604,SIGUE_MURO,1,5,1,-102.01,450.0,-178.03,143.6,,1321.9,335.1,,-47.4,35.4,214
37.629,SIGUE_MURO,1,5,1,-102.01,450.0,-178.03,143.6,,1321.6,335.1,,-57.9,33.3,214
37.654,SIGUE_MURO,1,5,1,-103.13,450.0,-176.91,143.6,,1321.3,335.1,,-68.5,31.1,214
37.679,SIGUE_MURO,1,5,1,-103.13,450.0,-176.91,143.6,,1321.2,335.1,,-79.0,29.0,214
37.704,SIGUE_MURO,1,5,1,-103.23,450.0,-176.81,143.6,,1321.2,335.1,,-89.5,26.9,214
37.73,SIGUE_MURO,1,5,1,-103.23,450.0,-176.81,143.6,,1321.1,335.1,,-100.0,24.8,214
37.754,SIGUE_MURO,1,5,1,-103.14,450.0,-176.9,143.6,,1321.1,335.1,,-100.0,24.8,214
37.78,SIGUE_MURO,1,5,1,-103.14,450.0,-176.9,143.6,,1321.1,335.1,,-100.0,24.8,214
37.804,SIGUE_MURO,1,5,1,-103.14,450.0,-177.03,140.3,,1307.4,324.5,,-100.0,24.8,214
37.831,SIGUE_MURO,1,5,1,-102.35,450.0,-177.89,138.5,,1299.9,324.5,,-100.0,24.8,214
37.854,SIGUE_MURO,1,5,1,-102.35,450.0,-177.93,137.5,,1295.8,324.5,,-100.0,24.8,214
37.879,SIGUE_MURO,1,5,1,-101.49,450.0,-178.81,136.9,,1293.5,324.5,,-100.0,24.8,214
37.905,SIGUE_MURO,1,5,1,-101.49,450.0,-178.83,136.6,,1292.3,324.5,,-100.0,24.8,214
37.93,SIGUE_MURO,1,5,1,-98.72,450.0,178.4,136.4,,1291.6,324.5,,-89.5,26.9,214
37.955,SIGUE_MURO,1,5,1,-98.72,450.0,178.39,136.3,,1291.2,324.5,,-79.0,29.0,214
37.979,SIGUE_MURO,1,5,1,-96.98,450.0,-175.2,,,1278.0,,,-89.5,26.9,214
38.003,SIGUE_MURO,1,5,1,-96.98,450.0,-175.2,,,1270.7,,,-100.0,24.8,214
38.029,SIGUE_MURO,1,5,1,-95.08,450.0,-177.1,,,1266.7,,,-100.0,24.8,214
38.054,SIGUE_MURO,1,5,1,-95.08,450.0,-177.1,,,1264.5,,,-100.0,24.8,214
38.079,SIGUE_MURO,1,5,1,-91.53,450.0,179.35,,,1263.3,,,-89.5,26.9,214
38.104,SIGUE_MURO,1,5,1,-91.53,450.0,179.35,,,1262.6,,,-79.0,29.0,214
38.129,SIGUE_MURO,1,5,1,-91.53,450.0,179.35,,,1262.2,,,-68.4,31.1,214
38.154,SIGUE_MURO,1,5,1,-89.92,450.0,177.74,,,1275.1,,,-57.9,33.3,214
38.179,SIGUE_MURO,1,5,1,-89.92,450.0,177.74,,,1282.1,,,-47.4,35.4,214
38.204,SIGUE_MURO,1,5,1,-88.42,450.0,176.24,,,1286.0,,,-36.8,37.5,214
38.229,SIGUE_MURO,1,5,1,-88.42,450.0,176.24,,,1288.1,,,-26.3,39.7,214
38.254,SIGUE_MURO,1,5,1,-85.96,450.0,173.78,,,1289.3,,,-15.8,41.8,214
38.28,SIGUE_MURO,1,5,1,-85.96,450.0,173.78,,,1290.0,,,-5.3,43.9,214
38.304,SIGUE_MURO,1,5,1,-85.13,450.0,172.95,,,1290.3,,,5.3,43.9,214
38.329,SIGUE_MURO,1,5,1,-85.13,450.0,172.95,,,1290.5,,,15.8,41.8,214
38.354,SIGUE_MURO,1,5,1,-84.49,450.0,172.31,,,1290.6,,,26.3,39.7,214
38.38,SIGUE_MURO,1,5,1,-84.49,450.0,172.31,,,1290.7,,,36.8,37.5,214
38.404,SIGUE_MURO,1,5,1,-83.06,450.0,170.88,,,1290.7,,,47.4,35.4,214
38.429,SIGUE_MURO,1,5,1,-83.06,450.0,170.88,,,1290.7,,,57.9,33.3,214
38.454,SIGUE_MURO,1,5,1,-83.06,450.0,170.88,,,1290.7,,,68.4,31.1,214
38.48,SIGUE_MURO,1,5,1,-82.66,450.0,170.48,,,1290.7,,,78.9,29.0,214
38.506,SIGUE_MURO,1,5,1,-82.66,450.0,179.48,,1001.4,1304.4,,,89.5,26.9,214
38.531,SIGUE_MURO,1,5,1,-82.36,450.0,179.18,,1001.4,1311.9,,,100.0,24.8,214
38.556,SIGUE_MURO,1,5,1,-82.36,450.0,179.18,,1001.4,1316.0,,,100.0,24.8,214
38.581,SIGUE_MURO,1,5,1,-82.58,450.0,179.4,,1001.4,1318.3,,,100.0,24.8,214
38.606,SIGUE_MURO,1,5,1,-82.58,450.0,179.4,,1001.4,1319.6,,,100.0,24.8,214
38.631,SIGUE_MURO,1,5,1,-82.97,450.0,179.79,,1001.4,1320.2,,,100.0,24.8,214
38.656,SIGUE_MURO,1,5,1,-82.97,450.0,179.79,,1001.4,1320.6,,,100.0,24.8,214
38.682,SIGUE_MURO,1,5,1,-83.74,450.0,-179.44,,1001.4,1320.8,,,89.5,26.9,214
38.707,SIGUE_MURO,1,5,1,-83.74,450.0,-179.44,,982.9,1320.9,,,79.0,29.0,214
38.732,SIGUE_MURO,1,5,1,-85.5,450.0,-177.68,,972.8,1321.0,,,68.4,31.1,214
38.756,SIGUE_MURO,1,5,1,-85.5,450.0,-177.68,,967.2,1321.0,,,57.9,33.3,214
38.782,SIGUE_MURO,1,5,1,-86.75,450.0,-176.43,,964.1,1321.1,,,47.4,35.4,214
38.807,SIGUE_MURO,1,5,1,-86.75,450.0,-176.43,,962.4,1321.1,,,36.8,37.5,214
38.832,SIGUE_MURO,1,5,1,-86.75,450.0,-176.43,,961.5,1321.1,,,26.3,39.7,214
38.857,SIGUE_MURO,1,5,1,-89.53,450.0,-173.65,,961.0,1321.1,,,15.8,41.8,214
38.881,SIGUE_MURO,1,5,1,-89.53,450.0,177.35,,,1270.0,,,26.3,39.7,214
38.906,SIGUE_MURO,1,5,1,-91.05,450.0,178.87,,,1241.9,,,36.8,37.5,214
38.931,SIGUE_MURO,1,5,1,-91.05,450.0,178.87,,,1226.5,,,47.4,35.4,214
38.956,SIGUE_MURO,1,5,1,-92.56,450.0,-179.62,,,1218.0,,,36.8,37.5,214
38.981,SIGUE_MURO,1,5,1,-92.56,450.0,-179.62,,,1213.3,,,26.3,39.7,214
39.006,SIGUE_MURO,1,5,1,-94.74,450.0,-177.44,,,1210.8,,,15.8,41.8,214
39.031,SIGUE_MURO,1,5,1,-94.74,450.0,-177.44,,,1209.4,,,5.3,43.9,214
39.056,SIGUE_MURO,1,5,1,-95.38,450.0,-176.8,,,1186.3,,,-5.3,43.9,214
39.081,SIGUE_MURO,1,5,1,-95.38,450.0,-176.8,,,1173.5,,,-15.8,41.8,214
39.106,SIGUE_MURO,1,5,1,-95.38,450.0,-176.8,,,1166.6,,,-26.3,39.7,214
39.131,SIGUE_MURO,1,5,1,-95.91,450.0,-176.27,,,1162.7,,,-36.8,37.5,214
39.156,SIGUE_MURO,1,5,1,-95.91,450.0,-176.27,,,1160.6,,,-47.4,35.4,214
39.181,SIGUE_MURO,1,5,1,-96.84,450.0,-175.34,,,1159.4,,,-57.9,33.3,214
39.206,SIGUE_MURO,1,5,1,-96.84,450.0,-175.34,,,1158.8,,,-68.4,31.1,214
39.231,SIGUE_MURO,1,5,1,-97.24,450.0,-174.94,,,1148.0,,,-78.9,29.0,214
39.256,SIGUE_MURO,1,5,1,-97.24,450.0,-174.94,,,1142.0,,,-89.5,26.9,214
39.282,SIGUE_MURO,1,5,1,-97.32,450.0,-174.86,,,1138.7,,,-100.0,24.8,214
39.307,SIGUE_MURO,1,5,1,-97.32,450.0,-174.86,,,1136.9,,,-100.0,24.8,214
39.332,SIGUE_MURO,1,5,1,-96.87,450.0,-175.31,,,1135.9,,,-100.0,24.8,214
39.357,SIGUE_MURO,1,5,1,-96.87,450.0,-175.31,,,1135.4,,,-100.0,24.8,214
39.382,SIGUE_MURO,1,5,1,-96.35,450.0,-175.83,,,1135.1,,,-100.0,24.8,214
39.407,SIGUE_MURO,1,5,1,-96.35,450.0,-175.83,,,1134.9,,,-100.0,24.8,214
39.432,SIGUE_MURO,1,5,1,-96.35,450.0,-175.83,,,1124.8,,,-100.0,24.8,214
39.457,SIGUE_MURO,1,5,1,-95.57,450.0,-176.61,,,1119.2,,,-100.0,24.8,214
39.482,SIGUE_MURO,1,5,1,-95.57,450.0,-176.61,,,1116.1,,,-100.0,24.8,214
39.507,SIGUE_MURO,1,5,1,-92.85,450.0,-179.33,,,1114.4,,,-100.0,24.8,214
39.532,SIGUE_MURO,1,5,1,-92.85,450.0,-179.33,,,1113.5,,,-100.0,24.8,214
39.557,SIGUE_MURO,1,5,1,-90.85,450.0,178.67,,,1113.0,,,-89.5,26.9,214
39.582,SIGUE_MURO,1,5,1,-90.85,450.0,178.67,,,1112.7,,,-79.0,29.0,214
39.607,SIGUE_MURO,1,5,1,-87.16,450.0,174.98,,,1084.7,,,-68.4,31.1,214
39.632,SIGUE_MURO,1,5,1,-87.16,450.0,174.98,,,1069.2,,,-57.9,33.3,214
39.657,SIGUE_MURO,1,5,1,-85.16,450.0,172.98,,,1060.8,,,-47.4,35.4,214
39.682,SIGUE_MURO,1,5,1,-85.16,450.0,172.98,,,1056.1,,,-36.9,37.5,214
39.708,SIGUE_MURO,1,5,1,-83.33,450.0,171.15,,,1053.5,,,-26.3,39.7,214
39.733,SIGUE_MURO,1,5,1,-83.33,450.0,171.15,,,1052.1,,,-15.8,41.8,214
39.758,SIGUE_MURO,1,5,1,-79.95,450.0,167.77,,,1051.3,,,-5.3,43.9,214
39.784,SIGUE_MURO,1,5,1,-79.95,450.0,176.77,,1050.5,1059.8,,,5.2,43.9,214
39.809,SIGUE_MURO,1,5,1,-79.95,450.0,176.77,,1050.5,1064.5,,,15.8,41.8,214
39.834,SIGUE_MURO,1,5,1,-78.24,450.0,175.06,,1050.5,1067.1,,,26.3,39.7,214
39.859,SIGUE_MURO,1,5,1,-78.24,450.0,175.06,,1050.5,1068.5,,,36.8,37.5,214
39.884,SIGUE_MURO,1,5,1,-76.88,450.0,173.7,,1050.5,1069.3,,,47.3,35.4,214
39.909,SIGUE_MURO,1,5,1,-76.88,450.0,173.7,,1050.5,1069.7,,,57.9,33.3,214
39.935,SIGUE_MURO,1,5,1,-75.1,450.0,171.92,,1050.5,1070.0,,,68.4,31.1,214
39.959,SIGUE_MURO,1,5,1,-75.1,450.0,171.92,,991.1,1052.5,,,78.9,29.0,214
39.984,SIGUE_MURO,1,5,1,-74.7,450.0,171.52,,958.5,1043.0,,,89.5,26.9,214
40.009,SIGUE_MURO,1,5,1,-74.7,450.0,171.52,,940.5,1037.7,,,100.0,24.8,214
40.035,SIGUE_MURO,1,5,1,-74.68,450.0,171.5,,930.6,1034.8,,,100.0,24.8,214
40.061,SIGUE_MURO,1,5,1,-74.68,450.0,171.5,,925.2,1033.2,,,100.0,24.8,214
40.086,SIGUE_MURO,1,5,1,-75.46,450.0,172.28,,922.2,1032.3,,,100.0,24.8,214
40.111,SIGUE_MURO,1,5,1,-75.46,450.0,172.28,,920.5,1031.8,,,100.0,24.8,214
40.136,SIGUE_MURO,1,5,1,-75.46,450.0,172.28,,915.7,1015.3,,,100.0,24.8,214
40.16,SIGUE_MURO,1,5,1,-76.44,450.0,173.26,,913.0,1006.2,,,100.0,24.8,214
40.185,SIGUE_MURO,1,5,1,-76.44,450.0,173.26,,911.5,1001.2,,,100.0,24.8,214
40.21,SIGUE_MURO,1,5,1,-79.08,450.0,175.9,,910.7,998.4,,,100.0,24.8,214
40.235,SIGUE_MURO,1,5,1,-79.08,450.0,175.9,,910.3,996.9,,,100.0,24.8,214
40.261,SIGUE_MURO,1,5,1,-80.53,450.0,177.35,,910.0,996.1,,,100.0,24.8,214
40.285,SIGUE_MURO,1,5,1,-80.53,450.0,177.35,,909.9,995.6,,,100.0,24.8,214
40.311,SIGUE_MURO,1,5,1,-82.03,450.0,178.85,,909.8,995.4,,,100.0,24.8,214
40.334,SIGUE_MURO,1,5,1,-82.03,450.0,169.85,,,959.2,,,100.0,24.8,214
40.36,SIGUE_MURO,1,5,1,-85.14,450.0,172.96,,,939.3,,,100.0,24.8,214
40.384,SIGUE_MURO,1,5,1,-85.14,450.0,172.96,,,928.3,,,100.0,24.8,214
40.409,SIGUE_MURO,1,5,1,-85.14,450.0,172.96,,,922.3,,,100.0,24.8,214
40.435,SIGUE_MURO,1,5,1,-86.58,450.0,174.4,,,919.0,,,100.0,24.8,214
40.459,SIGUE_MURO,1,5,1,-86.58,450.0,174.4,,,917.2,,,100.0,24.8,214
40.485,SIGUE_MURO,1,5,1,-88.12,450.0,175.94,,,916.2,,,100.0,24.8,214
40.51,SIGUE_MURO,1,5,1,-88.12,450.0,175.94,,,879.5,,,100.0,24.8,214
40.535,SIGUE_MURO,1,5,1,-91.05,450.0,178.87,,,859.3,,,100.0,24.8,214
40.56,SIGUE_MURO,1,5,1,-91.05,450.0,178.87,,,848.2,,,100.0,24.8,214
40.586,SIGUE_MURO,1,5,1,-92.56,450.0,-179.62,,,842.1,,,89.5,26.9,214
40.61,SIGUE_MURO,1,5,1,-92.56,450.0,-179.62,,,838.7,,,78.9,29.0,214
40.635,SIGUE_MURO,1,5,1,-94.06,450.0,-178.12,,,836.9,,,68.4,31.1,214
40.66,SIGUE_MURO,1,5,1,-94.06,450.0,-178.12,,,835.9,,,57.9,33.3,214
40.686,SIGUE_MURO,1,5,1,-97.16,450.0,-175.02,,,805.1,,,47.4,35.4,214
40.71,SIGUE_MURO,1,5,1,-97.16,450.0,-175.02,,,788.2,,,36.8,37.5,214
40.735,SIGUE_MURO,1,5,1,-97.16,450.0,-175.02,,,778.9,,,26.3,39.7,214
40.76,SIGUE_MURO,1,5,1,-98.66,450.0,-173.52,,,773.8,,,15.8,41.8,214
40.785,SIGUE_MURO,1,5,1,-98.66,450.0,-173.52,,,771.0,,,5.3,43.9,214
40.811,SIGUE_MURO,1,5,1,-100.2,450.0,-171.98,,,769.5,,,-5.3,43.9,214
40.836,SIGUE_MURO,1,5,1,-100.2,450.0,-171.98,,,768.6,,,-15.8,41.8,214
40.861,SIGUE_MURO,1,5,1,-102.94,450.0,-169.24,,,754.8,,,-26.3,39.7,213
40.886,SIGUE_MURO,1,5,1,-102.94,450.0,-169.24,,,747.3,,,-36.8,37.5,213
40.911,SIGUE_MURO,1,5,1,-103.84,450.0,-168.34,,,743.1,,,-47.4,35.3,213
40.936,SIGUE_MURO,1,5,1,-103.84,450.0,-168.34,,,740.8,,,-57.9,33.1,213
40.961,SIGUE_MURO,1,5,1,-104.86,450.0,-167.32,,,739.5,,,-68.4,30.9,213
40.986,SIGUE_MURO,1,5,1,-104.86,450.0,-167.32,,,738.8,,,-78.9,28.8,213
41.011,SIGUE_MURO,1,5,1,-104.89,450.0,-167.29,,,738.5,,,-89.5,26.7,213
41.037,SIGUE_MURO,1,5,1,-104.89,450.0,-167.29,,,730.0,,,-100.0,24.4,200
41.061,SIGUE_MURO,1,5,1,-104.89,450.0,-167.29,,,725.3,,,-100.0,24.4,200
41.086,SIGUE_MURO,1,5,1,-104.77,450.0,-167.41,,,722.7,,,-100.0,24.3,200
41.111,SIGUE_MURO,1,5,1,-104.77,450.0,-167.41,,,721.3,,,-100.0,24.3,200
41.136,SIGUE_MURO,1,5,1,-103.91,450.0,-168.27,,,720.5,,,-100.0,24.3,200
41.161,SIGUE_MURO,1,5,1,-103.91,450.0,-168.27,,,720.1,,,-100.0,24.3,200
41.186,GIRO,1,6,1,-102.55,540.0,-79.63,,,719.8,,,-100.0,22.0,200
41.211,GIRO,1,6,1,-102.55,540.0,-79.63,,,719.7,,,-100.0,22.0,200
41.236,GIRO,1,6,1,-101.02,540.0,-81.16,,,700.6,,,-100.0,22.0,209
41.262,GIRO,1,6,1,-101.02,540.0,-81.16,,,690.2,,,-100.0,22.0,209
41.287,GIRO,1,6,1,-97.13,540.0,-85.05,,,684.4,,,-100.0,22.0,209
41.312,GIRO,1,6,1,-97.13,540.0,-85.05,,,681.2,,,-100.0,22.0,209
41.337,GIRO,1,6,1,-95.33,540.0,-86.85,,,679.5,,,-100.0,22.0,209
41.362,GIRO,1,6,1,-95.33,540.0,-86.85,,,678.5,,,-100.0,22.0,209
41.387,GIRO,1,6,1,-95.33,540.0,-86.85,,,678.0,,,-100.0,22.0,209
41.412,GIRO,1,6,1,-93.7,540.0,-88.48,,,660.9,,,-100.0,22.0,214
41.437,GIRO,1,6,1,-93.7,540.0,-88.48,,,651.4,,,-100.0,22.0,214
41.462,GIRO,1,6,1,-90.35,540.0,-91.83,,,646.3,,,-100.0,22.0,214
41.487,GIRO,1,6,1,-90.35,540.0,-91.83,,,643.4,,,-100.0,22.0,214
41.512,GIRO,1,6,1,-88.76,540.0,-93.42,,,641.8,,,-100.0,22.0,214
41.537,GIRO,1,6,1,-88.76,540.0,-93.42,,,641.0,,,-100.0,22.0,214
41.562,GIRO,1,6,1,-87.28,540.0,-94.9,,,640.5,,,-100.0,22.0,214
41.587,GIRO,1,6,1,-87.28,540.0,-94.9,,,625.2,,,-100.0,22.0,214
41.612,GIRO,1,6,1,-84.2,540.0,-97.98,,,616.8,,,-100.0,22.0,214
41.638,GIRO,1,6,1,-84.2,540.0,-97.98,,,612.2,,,-100.0,22.0,214
41.663,GIRO,1,6,1,-82.72,540.0,-99.46,,,609.7,,,-100.0,22.0,214
41.688,GIRO,1,6,1,-82.72,540.0,-99.46,,,608.3,,,-100.0,22.0,214
41.713,GIRO,1,6,1,-79.75,540.0,-102.43,,,607.5,,,-100.0,22.0,214
41.738,GIRO,1,6,1,-79.75,540.0,-102.43,,,607.1,,,-100.0,22.0,214
41.763,GIRO,1,6,1,-79.75,540.0,-102.43,,,601.3,,,-100.0,22.0,214
41.788,GIRO,1,6,1,-78.18,540.0,-104.0,,,598.1,,,-100.0,22.0,214
41.813,GIRO,1,6,1,-78.18,540.0,-104.0,,,596.3,,,-100.0,22.0,214
41.838,GIRO,1,6,1,-76.64,540.0,-105.54,,,595.4,,,-100.0,22.0,214
41.863,GIRO,1,6,1,-76.64,540.0,-105.54,,,594.8,,,-100.0,22.0,214
41.888,GIRO,1,6,1,-73.62,540.0,-108.56,,,594.5,,,-100.0,22.0,214
41.913,GIRO,1,6,1,-73.62,540.0,-108.56,,,594.4,,,-100.0,22.0,214
41.939,GIRO,1,6,1,-72.15,540.0,-110.03,,,594.3,,,-100.0,22.0,214
41.963,GIRO,1,6,1,-72.15,540.0,-110.03,,,591.5,,,-100.0,22.0,214
41.988,GIRO,1,6,1,-70.75,540.0,-111.43,,,590.0,,,-100.0,22.0,214
42.015,GIRO,1,6,1,-70.75,540.0,-111.43,,,589.2,,,-100.0,22.0,214
42.039,GIRO,1,6,1,-67.75,540.0,-114.43,,,588.7,,,-100.0,22.0,214
42.064,GIRO,1,6,1,-67.75,540.0,-114.43,,,588.5,,,-100.0,22.0,214
42.088,GIRO,1,6,1,-67.75,540.0,-114.43,,,588.4,,,-100.0,22.0,214
42.115,GIRO,1,6,1,-66.31,540.0,-115.87,,,588.3,,,-100.0,22.0,214
42.139,GIRO,1,6,1,-66.31,540.0,-115.87,,,593.7,,,-100.0,22.0,214
42.164,GIRO,1,6,1,-65.03,540.0,-117.15,,,596.7,,,-100.0,22.0,214
42.189,GIRO,1,6,1,-65.03,540.0,-117.15,,,598.3,,,-100.0,22.0,214
42.214,GIRO,1,6,1,-62.17,540.0,-120.01,,,599.2,,,-100.0,22.0,214
42.239,GIRO,1,6,1,-62.17,540.0,-120.01,,,599.7,,,-100.0,22.0,214
42.264,GIRO,1,6,1,-60.81,540.0,-121.37,,,600.0,,,-100.0,22.0,214
42.289,GIRO,1,6,1,-60.81,540.0,-121.37,,,600.1,,,-100.0,22.0,214
42.314,GIRO,1,6,1,-59.43,540.0,-122.75,,,611.8,,,-100.0,22.0,214
42.34,GIRO,1,6,1,-59.43,540.0,-122.75,,,618.3,,,-100.0,22.0,214
42.364,GIRO,1,6,1,-56.51,540.0,-125.67,,,621.8,,,-100.0,22.0,214
42.389,GIRO,1,6,1,-56.51,540.0,-125.67,,,623.8,,,-100.0,22.0,214
42.414,GIRO,1,6,1,-56.51,540.0,-125.67,,,624.8,,,-100.0,22.0,214
42.44,GIRO,1,6,1,-55.03,540.0,-127.15,,,625.4,,,-100.0,22.0,214
42.465,GIRO,1,6,1,-55.03,540.0,-127.15,,,625.7,,,-100.0,22.0,214
42.49,GIRO,1,6,1,-51.83,540.0,-130.35,,,642.0,,,-100.0,22.0,214
42.515,GIRO,1,6,1,-51.83,540.0,-130.35,,,650.9,,,-100.0,22.0,214
42.54,GIRO,1,6,1,-50.3,540.0,-131.88,,,655.8,,,-100.0,22.0,214
42.566,GIRO,1,6,1,-50.3,540.0,-131.88,,,658.5,,,-100.0,22.0,214
42.59,GIRO,1,6,1,-48.83,540.0,-133.35,,,660.0,,,-100.0,22.0,214
42.615,GIRO,1,6,1,-48.83,540.0,-133.35,,,660.8,,,-100.0,22.0,214
42.64,GIRO,1,6,1,-45.94,540.0,-136.24,,,661.3,,,-100.0,22.0,214
42.667,GIRO,1,6,1,-45.94,540.0,-136.24,496.8,,648.5,,,-100.0,22.0,214
42.691,GIRO,1,6,1,-44.45,540.0,-137.73,496.8,,641.5,,,-100.0,22.0,214
42.716,GIRO,1,6,1,-44.45,540.0,-137.73,496.8,,637.7,,,-100.0,22.0,214
42.742,GIRO,1,6,1,-44.45,540.0,-137.73,496.8,,635.5,,,-100.0,22.0,214
42.767,GIRO,1,6,1,-42.94,540.0,-139.24,496.8,,634.4,,,-100.0,22.0,214
42.793,GIRO,1,6,1,-42.94,540.0,-139.24,496.8,,633.7,,,-100.0,22.0,214
42.817,GIRO,1,6,1,-40.04,540.0,-142.14,496.8,,633.4,,,-100.0,22.0,214
42.842,GIRO,1,6,1,-40.04,540.0,-142.14,496.8,,633.2,,,-100.0,22.0,214
42.868,GIRO,1,6,1,-38.54,540.0,-143.64,507.4,,600.3,,,-100.0,22.0,214
42.893,GIRO,1,6,1,-38.54,540.0,-143.64,513.3,,582.2,,,-100.0,22.0,214
42.918,GIRO,1,6,1,-37.1,540.0,-145.08,516.5,,572.2,,,-100.0,22.0,214
42.943,GIRO,1,6,1,-37.1,540.0,-145.08,518.3,,566.7,,,-100.0,22.0,214
42.968,GIRO,1,6,1,-34.13,540.0,-148.05,519.2,,563.7,,,-100.0,22.0,214
42.993,GIRO,1,6,1,-34.13,540.0,-148.05,519.8,,562.0,,,-100.0,22.0,214
43.018,GIRO,1,6,1,-32.49,540.0,-149.69,520.1,,561.1,,,-100.0,22.0,214
43.043,GIRO,1,6,1,-32.49,540.0,-149.69,541.6,,534.8,,,-100.0,22.0,214
43.068,GIRO,1,6,1,-32.49,540.0,-149.69,553.5,,520.3,,,-100.0,22.0,214
43.093,GIRO,1,6,1,-30.84,540.0,-151.34,560.0,,512.3,,,-100.0,22.0,214
43.119,GIRO,1,6,1,-30.84,540.0,-151.34,563.6,,508.0,,,-100.0,22.0,214
43.143,GIRO,1,6,1,-27.72,540.0,-154.46,565.6,,505.5,,,-100.0,22.0,214
43.168,GIRO,1,6,1,-27.72,540.0,-154.46,566.7,,504.2,,,-100.0,22.0,214
43.193,GIRO,1,6,1,-26.05,540.0,-156.13,567.3,,503.5,,,-100.0,22.0,214
43.217,GIRO,1,6,1,-26.05,540.0,-156.13,,,487.0,,,-100.0,22.0,193
43.242,GIRO,1,6,1,-24.32,540.0,-157.86,,,478.0,,,-100.0,22.0,193
43.267,GIRO,1,6,1,-24.32,540.0,-157.86,,,473.0,,,-100.0,22.0,193
43.292,GIRO,1,6,1,-21.02,540.0,-161.16,,,470.3,,,-100.0,22.0,193
43.317,GIRO,1,6,1,-21.02,540.0,-161.16,,,468.8,,,-100.0,22.0,193
43.343,GIRO,1,6,1,-19.55,540.0,-162.63,,,468.0,,,-100.0,22.0,193
43.367,GIRO,1,6,1,-19.55,540.0,-162.63,,,467.5,,,-100.0,22.0,193
43.392,GIRO,1,6,1,-19.55,540.0,-162.63,,,450.6,,,-100.0,22.0,166
43.417,GIRO,1,6,1,-16.18,540.0,-166.0,,,441.3,,,-100.0,22.0,166
43.443,GIRO,1,6,1,-16.18,540.0,-166.0,,,436.2,,,-100.0,22.0,166
43.468,GIRO,1,6,1,-14.71,540.0,-167.47,,,433.4,,,-100.0,22.0,166
43.493,GIRO,1,6,1,-14.71,540.0,-167.47,,,431.8,,,-100.0,22.0,166
43.518,GIRO,1,6,1,-13.02,540.0,-169.16,,,431.0,,,-100.0,22.0,166
43.543,GIRO,1,6,1,-13.02,540.0,-169.16,,,430.5,,,-100.0,22.0,166
43.568,GIRO,1,6,1,-9.65,540.0,-172.53,,,430.3,,,-100.0,22.0,166
43.593,GIRO,1,6,1,-9.65,540.0,-172.53,,,416.0,,,-100.0,22.0,145
43.618,GIRO,1,6,1,-8.01,540.0,-174.17,,,408.2,,,-100.0,22.0,145
43.643,GIRO,1,6,1,-8.01,540.0,-174.17,,,403.9,,,-100.0,22.0,145
43.669,GIRO,1,6,1,-6.35,540.0,-175.83,,,401.5,,,-100.0,22.0,145
43.693,GIRO,1,6,1,-6.35,540.0,-175.83,,,400.2,,,-100.0,22.0,145
43.718,GIRO,1,6,1,-6.35,540.0,-175.83,,,399.5,,,-100.0,22.0,145
43.743,GIRO,1,6,1,-2.96,540.0,-179.22,,,399.1,,,-100.0,22.0,145
43.769,GIRO,1,6,1,-2.96,540.0,-179.22,,,379.0,,,-100.0,22.0,151
43.793,GIRO,1,6,1,-1.29,540.0,179.11,,,367.9,,,-89.5,22.0,151
43.818,GIRO,1,6,1,-1.29,540.0,179.11,,,361.8,,,-79.0,22.0,151
43.843,GIRO,1,6,1,0.39,540.0,177.43,,,358.5,,,-68.4,22.1,151
43.868,GIRO,1,6,1,0.39,540.0,177.43,,,356.7,,,-57.9,23.7,151
43.894,GIRO,1,6,1,3.59,540.0,174.23,,,355.6,,,-47.4,25.2,151
43.919,GIRO,1,6,1,3.59,540.0,174.23,,,355.1,,,-36.8,26.7,151
43.944,GIRO,1,6,1,5.31,540.0,172.51,,,337.6,,,-26.3,28.2,154
43.969,GIRO,1,6,1,5.31,540.0,172.51,,,328.0,,,-15.8,29.7,154
43.994,GIRO,1,6,1,6.95,540.0,170.87,,,322.7,,,-5.3,31.2,154
44.019,GIRO,1,6,1,6.95,540.0,170.87,,,319.8,,,5.2,31.2,154
44.044,GIRO,1,6,1,6.95,540.0,170.87,,,318.2,,,15.8,29.7,154
44.069,GIRO,1,6,1,9.77,540.0,168.05,,,317.3,,,26.3,28.2,154
44.094,GIRO,1,6,1,9.77,540.0,168.05,,,316.8,,,36.8,26.7,154
44.119,GIRO,1,6,1,10.95,540.0,166.87,,,304.6,,,47.3,25.2,156
44.144,GIRO,1,6,1,10.95,540.0,166.87,,,297.9,,,57.9,23.7,156
44.169,GIRO,1,6,1,12.98,540.0,164.84,,,294.3,,,68.4,22.1,156
44.194,GIRO,1,6,1,12.98,540.0,164.84,,,292.2,,,78.9,22.0,156
44.22,GIRO,1,6,1,13.45,540.0,164.37,,,291.1,,,89.5,22.0,156
44.244,GIRO,1,6,1,13.45,540.0,164.37,,,290.5,,,100.0,22.0,156
44.27,GIRO,1,6,1,13.45,540.0,164.37,,,290.2,,,100.0,22.0,156
44.295,GIRO,1,6,1,13.45,540.0,164.37,,,290.0,,,100.0,22.0,156
44.32,GIRO,1,6,1,12.7,540.0,165.12,,,277.0,,,100.0,22.0,164
44.345,GIRO,1,6,1,12.7,540.0,165.12,,,269.8,,,100.0,22.0,164
44.37,GIRO,1,6,1,12.7,540.0,165.12,,,265.9,,,100.0,22.0,164
44.395,GIRO,1,6,1,11.76,540.0,166.06,,,263.7,,,100.0,22.0,164
44.421,GIRO,1,6,1,11.76,540.0,166.06,,,262.6,,,100.0,22.0,164
44.445,GIRO,1,6,1,10.76,540.0,167.06,,,261.9,,,100.0,22.0,164
44.47,GIRO,1,6,1,10.76,540.0,167.06,,,261.5,,,100.0,22.0,164
44.495,GIRO,1,6,1,8.08,540.0,169.74,,,243.6,,,100.0,22.0,174
44.52,GIRO,1,6,1,8.08,540.0,169.74,,,233.8,,,100.0,22.0,174
44.545,GIRO,1,6,1,6.67,540.0,171.15,,,228.4,,,100.0,22.0,174
44.571,GIRO,1,6,1,6.67,540.0,171.15,,,225.4,,,100.0,22.0,174
44.595,GIRO,1,6,1,5.22,540.0,172.6,,,223.8,,,100.0,22.0,174
44.62,GIRO,1,6,1,5.22,540.0,172.6,,,222.9,,,100.0,22.0,174
44.646,GIRO,1,6,1,2.35,540.0,175.47,,,222.4,,,100.0,22.0,174
44.671,GIRO,1,6,1,2.35,540.0,175.47,,,208.6,,,100.0,22.0,176
44.696,GIRO,1,6,1,2.35,540.0,175.47,,,201.1,,,100.0,22.0,176
44.721,GIRO,1,6,1,1.0,540.0,176.82,,,196.9,,,100.0,22.0,176
44.746,GIRO,1,6,1,1.0,540.0,176.82,,,194.6,,,100.0,22.0,176
44.771,GIRO,1,6,1,-0.27,540.0,178.09,,,193.4,,,100.0,22.0,176
44.796,GIRO,1,6,1,-0.27,540.0,178.09,,,192.7,,,100.0,22.0,176
44.821,GIRO,1,6,1,-2.82,540.0,-179.36,,,192.3,,,89.5,22.0,176
44.847,GIRO,1,6,1,-2.82,540.0,-179.36,,145.5,184.0,,,78.9,22.0,195
44.872,GIRO,1,6,1,-4.09,540.0,-178.09,,145.5,179.4,,,68.4,22.1,195
44.897,GIRO,1,6,1,-4.09,540.0,-178.09,,145.5,176.9,,,57.9,23.7,195
44.922,GIRO,1,6,1,-6.51,540.0,-175.67,,145.5,175.5,,,47.4,25.2,195
44.947,GIRO,1,6,1,-6.51,540.0,-175.67,,145.5,174.8,,,36.8,26.7,195
44.972,GIRO,1,6,1,-7.67,540.0,-174.51,,145.5,174.4,,,26.3,28.2,195
44.997,GIRO,1,6,1,-7.67,540.0,-174.51,,145.5,174.1,,,15.8,29.7,195
45.021,GIRO,1,6,1,-7.67,540.0,-174.51,,,172.8,,,5.3,31.2,206
45.046,GIRO,1,6,1,-8.89,540.0,-173.29,,,172.1,,,-5.2,31.2,206
45.071,GIRO,1,6,1,-8.89,540.0,-173.29,,,171.7,,,-15.8,29.7,206
45.097,GIRO,1,6,1,-11.14,540.0,-171.04,,,171.5,,,-26.3,28.2,206
45.121,GIRO,1,6,1,-11.14,540.0,-171.04,,,171.4,,,-36.8,26.7,206
45.147,GIRO,1,6,1,-11.7,540.0,-170.48,,,171.4,,,-47.3,25.2,206
45.172,GIRO,1,6,1,-11.7,540.0,-170.48,,,171.3,,,-57.9,23.7,206
45.198,GIRO,1,6,1,-12.2,540.0,-169.98,,,171.3,,,-68.4,22.2,206
45.223,GIRO,1,6,1,-12.2,540.0,-169.98,,,171.3,,,-78.9,22.0,211
45.247,GIRO,1,6,1,-13.06,540.0,-169.12,,,171.3,,,-89.5,22.0,211
45.272,GIRO,1,6,1,-13.06,540.0,-169.12,,,171.3,,,-100.0,22.0,211
45.297,GIRO,1,6,1,-12.84,540.0,-169.34,,,171.3,,,-100.0,22.0,211
45.322,GIRO,1,6,1,-12.84,540.0,-169.34,,,171.3,,,-100.0,22.0,211
45.347,GIRO,1,6,1,-12.84,540.0,-169.34,,,171.3,,,-100.0,22.0,211
45.372,GIRO,1,6,1,-12.64,540.0,-169.54,,,171.3,,,-100.0,22.0,211
45.397,GIRO,1,6,1,-12.64,540.0,-169.54,,,171.3,,,-100.0,22.0,214
45.422,GIRO,1,6,1,-11.32,540.0,-170.86,,,171.3,,,-100.0,22.0,214
45.447,GIRO,1,6,1,-11.32,540.0,-170.86,,,171.3,,,-100.0,22.0,214
45.473,GIRO,1,6,1,-10.13,540.0,-172.05,,,171.3,,,-100.0,22.0,214
45.497,GIRO,1,6,1,-10.13,540.0,-172.05,,,171.3,,,-100.0,22.0,214
45.523,GIRO,1,6,1,-8.5,540.0,-173.68,,,171.3,,,-100.0,22.0,214
45.548,GIRO,1,6,1,-8.5,540.0,-173.68,,,171.3,,,-100.0,22.0,214
45.573,GIRO,1,6,1,-5.44,540.0,-176.74,,,171.3,,,-100.0,22.0,214
45.598,GIRO,1,6,1,-5.44,540.0,-176.74,,,171.3,,,-100.0,22.0,214
45.623,GIRO,1,6,1,-5.66,540.0,-176.52,,,171.3,,,-100.0,22.0,214
45.648,GIRO,1,6,1,-5.66,540.0,-176.52,,,171.3,,,-100.0,22.0,214
45.673,GIRO,1,6,1,-5.66,540.0,-176.52,,,171.3,,,-100.0,22.0,214
45.698,SIGUE_MURO,1,6,1,-5.09,540.0,-177.09,,,171.3,,,-100.0,22.0,214
45.723,SIGUE_MURO,1,6,1,-5.09,540.0,-177.09,,,171.3,,,-100.0,22.0,214
45.749,SIGUE_MURO,1,6,1,-4.98,540.0,-177.2,,,171.3,,,-100.0,22.0,214
45.773,SIGUE_MURO,1,6,1,-4.98,540.0,-177.2,,,171.3,,,-100.0,22.0,214
45.798,SIGUE_MURO,1,6,1,-5.0,540.0,-177.18,,,171.3,,,-100.0,22.0,214
45.823,SIGUE_MURO,1,6,1,-5.0,540.0,-177.18,,,171.3,,,-100.0,22.0,214
45.848,SIGUE_MURO,1,6,1,-5.0,540.0,-177.18,,,171.3,,,-100.0,22.0,214
45.874,SIGUE_MURO,1,6,1,-5.0,540.0,-177.18,,,171.3,,,-100.0,22.0,214
45.898,SIGUE_MURO,1,6,1,-4.99,540.0,-177.19,,,171.3,,,-100.0,22.0,214
45.924,SIGUE_MURO,1,6,1,-4.99,540.0,-177.19,,,171.3,,,-100.0,22.0,214
45.949,SIGUE_MURO,1,6,1,-5.04,540.0,-177.14,,,171.3,,,-100.0,22.0,214
45.974,SIGUE_MURO,1,6,1,-5.04,540.0,-177.14,,,171.3,,,-100.0,22.0,214
45.999,SIGUE_MURO,1,6,1,-5.04,540.0,-177.14,,,171.3,,,-100.0,22.0,214
46.024,SIGUE_MURO,1,6,1,-5.04,540.0,-177.14,,,171.3,,,-100.0,22.0,214
46.049,SIGUE_MURO,1,6,1,-5.04,540.0,-177.14,,,171.3,,,-100.0,22.0,214
46.075,SIGUE_MURO,1,6,1,-5.06,540.0,-177.12,,,171.3,,,-100.0,22.0,214
46.099,SIGUE_MURO,1,6,1,-5.06,540.0,-177.12,,,171.3,,,-100.0,22.0,214
46.124,SIGUE_MURO,1,6,1,-5.06,540.0,-177.12,,,171.3,,,-100.0,22.0,214
46.149,SIGUE_MURO,1,6,1,-5.06,540.0,-177.12,,,171.3,,,-100.0,22.0,214
46.174,SIGUE_MURO,1,6,1,-5.06,540.0,-177.12,,,171.3,,,-100.0,22.0,214
46.2,SIGUE_MURO,1,6,1,-5.06,540.0,-177.12,,,171.3,,,-100.0,22.0,214
46.225,SIGUE_MURO,1,6,1,-5.06,540.0,-177.12,,,171.3,,,-100.0,22.0,214
46.25,SIGUE_MURO,1,6,1,-5.06,540.0,-177.12,,,171.3,,,-100.0,22.0,214
46.275,SIGUE_MURO,1,6,1,-5.06,540.0,-177.12,,,171.3,,,-100.0,22.0,214
46.301,SIGUE_MURO,1,6,1,-5.06,540.0,-177.12,,,171.3,,,-100.0,22.0,214
46.325,SIGUE_MURO,1,6,1,-5.06,540.0,-177.12,,,171.3,,,-100.0,22.0,214
46.35,SIGUE_MURO,1,6,1,-5.06,540.0,-177.12,,,171.3,,,-100.0,22.0,214
46.375,SIGUE_MURO,1,6,1,-5.06,540.0,-177.12,,,171.3,,,-100.0,22.0,214
46.4,SIGUE_MURO,1,6,1,-5.06,540.0,-177.12,,,171.3,,,-100.0,22.0,214
46.425,SIGUE_MURO,1,6,1,-5.06,540.0,-177.12,,,171.3,,,-100.0,22.0,214
46.45,SIGUE_MURO,1,6,1,-5.06,540.0,-177.12,,,171.3,,,-100.0,22.0,214
46.476,SIGUE_MURO,1,6,1,-5.06,540.0,-177.12,,,171.3,,,-100.0,22.0,214
46.5,SIGUE_MURO,1,6,1,-5.06,540.0,-177.12,,,171.3,,,-100.0,22.0,214
46.525,SIGUE_MURO,1,6,1,-5.06,540.0,-177.12,,,171.3,,,-100.0,22.0,214
46.55,SIGUE_MURO,1,6,1,-5.06,540.0,-177.12,,,171.3,,,-100.0,22.0,214
46.576,SIGUE_MURO,1,6,1,-5.06,540.0,-177.12,,,171.3,,,-100.0,22.0,214
46.6,SIGUE_MURO,1,6,1,-5.06,540.0,-177.12,,,171.3,,,-100.0,22.0,214
46.626,SIGUE_MURO,1,6,1,-5.06,540.0,-177.12,,,171.3,,,-100.0,22.0,214
46.651,SIGUE_MURO,1,6,1,-5.07,540.0,-177.11,,,171.3,,,-100.0,22.0,214
46.676,SIGUE_MURO,1,6,1,-5.07,540.0,-177.11,,,171.3,,,-100.0,22.0,214
46.701,SIGUE_MURO,1,6,1,-5.07,540.0,-177.11,,,171.3,,,-100.0,22.0,214
46.726,SIGUE_MURO,1,6,1,-5.07,540.0,-177.11,,,171.3,,,-100.0,22.0,214
46.751,SIGUE_MURO,1,6,1,-5.07,540.0,-177.11,,,171.3,,,-100.0,22.0,214
46.776,SIGUE_MURO,1,6,1,-5.07,540.0,-177.11,,,171.3,,,-100.0,22.0,214
46.801,SIGUE_MURO,1,6,1,-5.07,540.0,-177.11,,,171.3,,,-100.0,22.0,214
46.827,SIGUE_MURO,1,6,1,-5.07,540.0,-177.11,,,171.3,,,-100.0,22.0,214
46.851,SIGUE_MURO,1,6,1,-5.07,540.0,-177.11,,,171.3,,,-100.0,22.0,214
46.876,SIGUE_MURO,1,6,1,-5.07,540.0,-177.11,,,171.3,,,-100.0,22.0,214
46.901,SIGUE_MURO,1,6,1,-5.07,540.0,-177.11,,,171.3,,,-100.0,22.0,214
46.926,SIGUE_MURO,1,6,1,-5.07,540.0,-177.11,,,171.3,,,-100.0,22.0,214
46.951,SIGUE_MURO,1,6,1,-5.07,540.0,-177.11,,,171.3,,,-100.0,22.0,214
46.976,SIGUE_MURO,1,6,1,-5.07,540.0,-177.11,,,171.3,,,-100.0,22.0,214
47.001,SIGUE_MURO,1,6,1,-5.07,540.0,-177.11,,,171.3,,,-100.0,22.0,214
47.027,RECUPERANDO,1,6,1,-5.07,540.0,-177.11,,,171.3,,,60.0,-38.0,214
47.051,RECUPERANDO,1,6,1,-5.07,540.0,-177.11,,,171.3,,,-60.0,-38.0,214
47.077,RECUPERANDO,1,6,1,-5.07,540.0,-177.11,,,171.3,,,60.0,-38.0,214
47.102,RECUPERANDO,1,6,1,-5.07,540.0,-177.11,,,171.3,,,-60.0,-38.0,214
47.127,RECUPERANDO,1,6,1,-5.07,540.0,-177.11,,,171.3,,,60.0,-38.0,214
47.152,RECUPERANDO,1,6,1,-5.07,540.0,-177.11,,,171.3,,,-60.0,-38.0,214
47.177,RECUPERANDO,1,6,1,-5.07,540.0,-177.11,,,171.3,,,60.0,-38.0,214
47.202,RECUPERANDO,1,6,1,-5.11,540.0,-177.11,,,171.3,,,-60.0,-38.0,214
47.227,RECUPERANDO,1,6,1,-5.11,540.0,-177.11,,,171.3,,,60.0,-38.0,214
47.252,RECUPERANDO,1,6,1,-4.93,540.0,-177.11,,,171.3,,,-60.0,-38.0,214
47.277,RECUPERANDO,1,6,1,-4.93,540.0,-177.11,,,171.3,,,60.0,-38.0,214
47.302,RECUPERANDO,1,6,1,-4.93,540.0,-177.11,,,171.3,,,-60.0,-38.0,214
47.327,RECUPERANDO,1,6,1,-4.93,540.0,-177.11,,,171.3,,,60.0,-38.0,214
47.352,RECUPERANDO,1,6,1,-4.93,540.0,-177.11,,,171.3,,,-60.0,-38.0,214
47.377,RECUPERANDO,1,6,1,-4.69,540.0,-177.11,,,171.3,,,60.0,-38.0,214
47.404,RECUPERANDO,1,6,1,-4.69,540.0,-177.11,,,171.3,,,-60.0,-38.0,214
47.427,RECUPERANDO,1,6,1,-4.75,540.0,-177.11,,,171.3,,,60.0,-38.0,214
47.452,RECUPERANDO,1,6,1,-4.75,540.0,-177.11,,,171.3,,,-60.0,-38.0,214
47.478,RECUPERANDO,1,6,1,-4.43,540.0,-177.11,,,171.3,,,60.0,-38.0,214
47.504,RECUPERANDO,1,6,1,-4.43,540.0,-177.11,,,171.3,,,-60.0,-38.0,214
47.528,RECUPERANDO,1,6,1,-3.49,540.0,-177.11,,,171.3,,,60.0,-38.0,214
47.553,RECUPERANDO,1,6,1,-3.49,540.0,-177.11,,,171.3,,,-60.0,-38.0,214
47.578,RECUPERANDO,1,6,1,-3.49,540.0,-177.11,,,171.3,,,60.0,-38.0,214
47.603,RECUPERANDO,1,6,1,-3.49,540.0,-177.11,,,171.3,,,-60.0,-38.0,214
47.629,RECUPERANDO,1,6,1,-3.76,540.0,-177.11,,,171.3,,,60.0,-38.0,214
47.653,RECUPERANDO,1,6,1,-3.76,540.0,-177.11,,,171.3,,,-60.0,-38.0,214
47.678,RECUPERANDO,1,6,1,-3.76,540.0,-177.11,,,171.3,,,60.0,-38.0,214
47.703,RECUPERANDO,1,6,1,-5.57,540.0,-177.11,,,171.3,,,-60.0,-38.0,214
47.731,RECUPERANDO,1,6,1,-5.57,540.0,-177.11,,,171.3,,,60.0,-38.0,214
47.755,RECUPERANDO,1,6,1,-6.85,540.0,-177.11,,141.7,171.3,,,-60.0,-38.0,214
47.78,RECUPERANDO,1,6,1,-6.85,540.0,-177.11,,141.7,171.3,,,60.0,-38.0,214
47.805,RECUPERANDO,1,6,1,-8.25,540.0,-177.11,,141.7,171.3,,,-60.0,-38.0,214
47.83,RECUPERANDO,1,6,1,-8.25,540.0,-177.11,,141.7,171.3,,,60.0,-38.0,214
47.855,RECUPERANDO,1,6,1,-10.69,540.0,-177.11,,141.7,171.3,,,-60.0,-38.0,214
47.88,RECUPERANDO,1,6,1,-10.69,540.0,-177.11,,141.7,171.3,,,60.0,-38.0,214
47.905,RECUPERANDO,1,6,1,-10.95,540.0,-177.11,,141.7,171.3,,,-60.0,-38.0,214
47.929,SIGUE_MURO,1,6,1,-10.95,540.0,-171.23,,,172.8,,,-70.5,22.0,198
47.955,GIRO,1,7,1,-11.14,630.0,-81.04,,,173.7,,,-81.1,22.0,198
47.979,GIRO,1,7,1,-11.14,630.0,-81.04,,,174.1,,,-91.6,22.0,198
48.004,GIRO,1,7,1,-11.14,630.0,-81.04,,,174.4,,,-100.0,22.0,198
48.029,GIRO,1,7,1,-9.87,630.0,-82.31,,,174.5,,,-100.0,22.0,198
48.054,GIRO,1,7,1,-9.87,630.0,-82.31,,,174.6,,,-100.0,22.0,198
48.079,GIRO,1,7,1,-9.08,630.0,-83.1,,,174.7,,,-100.0,22.0,198
48.104,GIRO,1,7,1,-9.08,630.0,-83.1,,,189.3,,,-100.0,22.0,170
48.129,GIRO,1,7,1,-7.3,630.0,-84.88,,,197.4,,,-100.0,22.0,170
48.154,GIRO,1,7,1,-7.3,630.0,-84.88,,,201.8,,,-100.0,22.0,170
48.18,GIRO,1,7,1,-6.57,630.0,-85.61,,,204.2,,,-100.0,22.0,170
48.204,GIRO,1,7,1,-6.57,630.0,-85.61,,,205.6,,,-100.0,22.0,170
48.229,GIRO,1,7,1,-6.37,630.0,-85.81,,,206.3,,,-100.0,22.0,170
48.254,GIRO,1,7,1,-6.37,630.0,-85.81,,,206.7,,,-100.0,22.0,170
48.28,GIRO,1,7,1,-6.22,630.0,-85.96,,,213.8,,,-100.0,22.0,169
48.305,GIRO,1,7,1,-6.22,630.0,-85.96,,,217.7,,,-100.0,22.0,169
48.33,GIRO,1,7,1,-6.22,630.0,-85.96,,,219.9,,,-100.0,22.0,169
48.355,GIRO,1,7,1,-5.62,630.0,-86.56,,,221.1,,,-100.0,22.0,169
48.38,GIRO,1,7,1,-5.62,630.0,-86.56,,,221.7,,,-100.0,22.0,169
48.405,GIRO,1,7,1,-4.26,630.0,-87.92,,,222.1,,,-100.0,22.0,169
48.43,GIRO,1,7,1,-4.26,630.0,-87.92,,,222.3,,,-100.0,22.0,169
48.455,GIRO,1,7,1,-2.03,630.0,-90.15,,,222.4,,,-100.0,22.0,169
48.481,GIRO,1,7,1,-2.03,630.0,-90.15,,158.0,215.3,,,-100.0,22.0,173
48.506,GIRO,1,7,1,-0.88,630.0,-91.3,,158.0,211.3,,,-100.0,22.0,173
48.531,GIRO,1,7,1,-0.88,630.0,-91.3,,158.0,209.2,,,-100.0,22.0,173
48.556,GIRO,1,7,1,0.52,630.0,-92.7,,158.0,208.0,,,-100.0,22.0,173
48.581,GIRO,1,7,1,0.52,630.0,-92.7,,158.0,207.3,,,-100.0,22.0,173
48.607,GIRO,1,7,1,3.51,630.0,-95.69,,158.0,207.0,,,-100.0,22.0,173
48.632,GIRO,1,7,1,3.51,630.0,-95.69,,158.0,206.8,,,-100.0,22.0,173
48.656,GIRO,1,7,1,3.51,630.0,-95.69,,,196.3,,,-100.0,22.0,201
48.681,GIRO,1,7,1,5.08,630.0,-97.26,,,190.6,,,-100.0,22.0,201
48.706,GIRO,1,7,1,5.08,630.0,-97.26,,,187.4,,,-100.0,22.0,201
48.731,GIRO,1,7,1,6.55,630.0,-98.73,,,185.7,,,-100.0,22.0,201
48.756,GIRO,1,7,1,6.55,630.0,-98.73,,,184.7,,,-100.0,22.0,201
48.781,GIRO,1,7,1,9.57,630.0,-101.75,,,184.2,,,-100.0,22.0,201
48.806,GIRO,1,7,1,9.57,630.0,-101.75,,,183.9,,,-100.0,22.0,201
48.832,GIRO,1,7,1,11.11,630.0,-103.29,,,178.2,,,-100.0,22.0,205
48.856,GIRO,1,7,1,11.11,630.0,-103.29,,,175.1,,,-100.0,22.0,205
48.881,GIRO,1,7,1,14.28,630.0,-106.46,,,173.4,,,-100.0,22.0,205
48.906,GIRO,1,7,1,14.28,630.0,-106.46,,,172.4,,,-100.0,22.0,205
48.931,GIRO,1,7,1,15.81,630.0,-107.99,,,171.9,,,-100.0,22.0,205
48.956,GIRO,1,7,1,15.81,630.0,-107.99,,,171.6,,,-100.0,22.0,205
48.981,GIRO,1,7,1,15.81,630.0,-107.99,,,171.5,,,-100.0,22.0,205
49.006,GIRO,1,7,1,17.24,630.0,-109.42,,,171.4,,,-100.0,22.0,210
49.031,GIRO,1,7,1,17.24,630.0,-109.42,,,171.3,,,-100.0,22.0,210
49.057,GIRO,1,7,1,20.22,630.0,-112.4,,,171.3,,,-100.0,22.0,210
49.082,GIRO,1,7,1,20.22,630.0,-112.4,,,171.3,,,-100.0,22.0,210
49.107,GIRO,1,7,1,21.68,630.0,-113.86,,,171.3,,,-100.0,22.0,210
49.132,GIRO,1,7,1,21.68,630.0,-113.86,,,171.3,,,-100.0,22.0,210
49.157,GIRO,1,7,1,23.26,630.0,-115.44,,,171.3,,,-100.0,22.0,210
49.182,GIRO,1,7,1,23.26,630.0,-115.44,,,171.3,,,-100.0,22.0,214
49.207,GIRO,1,7,1,26.45,630.0,-118.63,,,171.3,,,-100.0,22.0,214
49.232,GIRO,1,7,1,26.45,630.0,-118.63,,,171.3,,,-100.0,22.0,214
49.257,GIRO,1,7,1,28.08,630.0,-120.26,,,171.3,,,-100.0,22.0,214
49.282,GIRO,1,7,1,28.08,630.0,-120.26,,,171.3,,,-100.0,22.0,214
49.307,GIRO,1,7,1,28.08,630.0,-120.26,,,171.3,,,-100.0,22.0,214
49.332,GIRO,1,7,1,29.55,630.0,-121.73,,,171.3,,,-100.0,22.0,214
49.358,GIRO,1,7,1,29.55,630.0,-121.73,,,171.3,,,-100.0,22.0,214
49.382,GIRO,1,7,1,32.71,630.0,-124.89,,,173.6,,,-100.0,22.0,214
49.407,GIRO,1,7,1,32.71,630.0,-124.89,,,174.9,,,-100.0,22.0,214
49.432,GIRO,1,7,1,34.36,630.0,-126.54,,,175.6,,,-100.0,22.0,214
49.457,GIRO,1,7,1,34.36,630.0,-126.54,,,176.0,,,-100.0,22.0,214
49.483,GIRO,1,7,1,35.97,630.0,-128.15,,,176.2,,,-100.0,22.0,214
49.508,GIRO,1,7,1,35.97,630.0,-128.15,,,176.4,,,-100.0,22.0,214
49.533,GIRO,1,7,1,39.22,630.0,-131.4,,,176.4,,,-100.0,22.0,214
49.559,GIRO,1,7,1,39.22,630.0,-131.4,70.9,,181.4,442.7,,-100.0,22.0,211
49.584,GIRO,1,7,1,40.95,630.0,-133.13,70.9,,184.2,442.7,,-100.0,22.0,211
49.609,GIRO,1,7,1,40.95,630.0,-133.13,70.9,,185.7,442.7,,-100.0,22.0,211
49.634,GIRO,1,7,1,40.95,630.0,-133.13,70.9,,186.6,442.7,,-100.0,22.0,211
49.659,GIRO,1,7,1,44.13,630.0,-136.31,70.9,,187.0,442.7,,-100.0,22.0,211
49.684,GIRO,1,7,1,44.13,630.0,-136.31,70.9,,187.3,442.7,,-100.0,22.0,211
49.71,GIRO,1,7,1,45.79,630.0,-137.97,70.9,,187.4,442.7,,-100.0,22.0,211
49.734,GIRO,1,7,1,45.79,630.0,-137.97,,52.2,180.2,,,-100.0,22.0,183
49.759,GIRO,1,7,1,47.51,630.0,-139.69,,52.2,176.2,,,-100.0,22.0,183
49.784,GIRO,1,7,1,47.51,630.0,-139.69,,52.2,174.0,,,-100.0,22.0,183
49.809,GIRO,1,7,1,50.77,630.0,-142.95,,52.2,172.8,,,-100.0,22.0,183
49.835,GIRO,1,7,1,50.77,630.0,-142.95,,52.2,172.1,,,-100.0,22.0,183
49.86,GIRO,1,7,1,52.37,630.0,-144.55,,52.2,171.7,,,-100.0,22.0,183
49.885,GIRO,1,7,1,52.37,630.0,-144.55,,52.2,171.5,,,-100.0,22.0,183
49.91,GIRO,1,7,1,53.97,630.0,-146.15,,,171.4,,,-100.0,22.0,157
49.935,GIRO,1,7,1,53.97,630.0,-146.15,,,171.3,,,-100.0,22.0,157
49.96,GIRO,1,7,1,53.97,630.0,-146.15,,,171.3,,,-100.0,22.0,157
49.985,GIRO,1,7,1,57.11,630.0,-149.29,,,171.3,,,-100.0,22.0,157
50.01,GIRO,1,7,1,57.11,630.0,-149.29,,,171.3,,,-100.0,22.0,157
50.036,GIRO,1,7,1,58.68,630.0,-150.86,,,171.3,,,-100.0,22.0,157
50.061,GIRO,1,7,1,58.68,630.0,-150.86,,,171.3,,,-100.0,22.0,157
50.086,GIRO,1,7,1,60.36,630.0,-152.54,21.5,,171.3,,,-100.0,22.0,133
50.111,GIRO,1,7,1,60.36,630.0,-152.54,21.5,,171.3,,,-100.0,22.0,133
50.136,GIRO,1,7,1,63.35,630.0,-155.53,21.5,,171.3,,,-100.0,22.0,133
50.161,GIRO,1,7,1,63.35,630.0,-155.53,21.5,,171.3,,,-100.0,22.0,133
50.186,GIRO,1,7,1,64.86,630.0,-157.04,21.5,,171.3,,,-100.0,22.0,133
50.211,GIRO,1,7,1,64.86,630.0,-157.04,21.5,,171.3,,,-100.0,22.0,133
50.236,GIRO,1,7,1,66.24,630.0,-158.42,21.5,,171.3,,,-100.0,22.0,133
50.262,GIRO,1,7,1,66.24,630.0,-158.42,21.5,,171.3,,,-100.0,22.0,133
50.287,GIRO,1,7,1,66.24,630.0,-158.42,40.5,,1084.2,,,-100.0,22.0,111
50.312,GIRO,1,7,1,68.91,630.0,-161.09,50.9,,1586.3,,,-100.0,22.0,111
50.337,GIRO,1,7,1,68.91,630.0,-161.09,56.7,,1862.5,,,-100.0,22.0,111
50.361,GIRO,1,7,1,70.33,630.0,-162.51,59.8,,2014.4,,,-100.0,22.0,111
50.386,GIRO,1,7,1,70.33,630.0,-162.51,61.6,,2097.9,,,-100.0,22.0,111
50.411,GIRO,1,7,1,73.21,630.0,-165.39,62.5,,2143.8,,,-100.0,22.0,111
50.436,GIRO,1,7,1,73.21,630.0,-165.39,63.1,,2169.1,,,-100.0,22.0,111
50.461,GIRO,1,7,1,74.61,630.0,-166.79,78.1,,2183.0,600.3,,-100.0,22.0,94
50.486,GIRO,1,7,1,74.61,630.0,-166.79,86.4,,2190.7,600.3,,-100.0,22.0,94
50.512,GIRO,1,7,1,76.02,630.0,-168.2,90.9,,2194.9,600.3,,-100.0,22.0,94
50.536,GIRO,1,7,1,76.02,630.0,-168.2,93.4,,2197.2,600.3,,-100.0,22.0,94
50.562,GIRO,1,7,1,79.1,630.0,-171.28,94.8,,2198.4,600.3,,-100.0,22.0,94
50.588,GIRO,1,7,1,79.1,630.0,-171.28,95.6,,2199.1,600.3,,-100.0,22.0,94
50.612,GIRO,1,7,1,79.1,630.0,-171.28,96.0,,2199.5,600.3,,-100.0,22.0,94
50.637,GIRO,1,7,1,80.63,630.0,-172.81,115.7,,2199.7,582.3,,-100.0,22.0,88
50.662,GIRO,1,7,1,80.63,630.0,-172.81,126.5,,2199.9,582.3,,-100.0,22.0,88
50.687,GIRO,1,7,1,82.18,630.0,-174.36,132.5,,2199.9,582.3,,-100.0,22.0,88
50.713,GIRO,1,7,1,82.18,630.0,-174.36,135.7,,2200.0,582.3,,-100.0,22.0,88
50.737,GIRO,1,7,1,85.4,630.0,-177.58,137.5,,2200.0,582.3,,-100.0,22.0,88
50.762,GIRO,1,7,1,85.4,630.0,-177.58,138.5,,2200.0,582.3,,-100.0,22.0,88
50.787,GIRO,1,7,1,87.1,630.0,-179.28,139.1,,2200.0,582.3,,-100.0,22.0,88
50.813,GIRO,1,7,1,87.1,630.0,-179.28,162.8,,2039.7,565.4,,-100.0,22.0,96
50.838,GIRO,1,7,1,88.61,630.0,179.21,175.9,,1951.5,565.4,,-89.5,22.0,96
50.862,GIRO,1,7,1,88.61,630.0,179.21,183.1,,1903.0,565.4,,-79.0,22.0,96
50.888,GIRO,1,7,1,91.85,630.0,175.97,187.1,,1876.4,565.4,,-68.4,22.1,96
50.913,GIRO,1,7,1,91.85,630.0,175.97,189.2,,1861.7,565.4,,-57.9,23.7,96
50.938,GIRO,1,7,1,93.59,630.0,174.23,190.4,,1853.6,565.4,,-47.4,25.2,96
50.963,GIRO,1,7,1,93.59,630.0,174.23,191.1,,1849.2,565.4,,-36.8,26.7,96
50.988,GIRO,1,7,1,93.59,630.0,174.23,191.4,,1846.8,565.4,,-26.3,28.2,96
51.012,GIRO,1,7,1,96.69,630.0,171.13,,,2005.7,,,-15.8,29.7,100
51.037,GIRO,1,7,1,96.69,630.0,171.13,,,2093.1,,,-5.3,31.2,100
51.062,GIRO,1,7,1,98.13,630.0,169.69,,,2141.2,,,5.3,31.2,100
51.087,GIRO,1,7,1,98.13,630.0,169.69,,,2167.7,,,15.8,29.7,100
51.112,GIRO,1,7,1,99.56,630.0,168.26,,,2182.2,,,26.3,28.2,100
51.137,GIRO,1,7,1,99.56,630.0,168.26,,,2190.2,,,36.8,26.7,100
51.162,GIRO,1,7,1,101.66,630.0,166.16,,,2194.6,,,47.4,25.2,100
51.188,GIRO,1,7,1,101.66,630.0,166.16,,1347.0,2065.2,,,57.9,23.7,148
51.213,GIRO,1,7,1,102.14,630.0,165.68,,1347.0,1994.0,,,68.4,22.1,148
51.239,GIRO,1,7,1,102.14,630.0,165.68,,1347.0,1954.8,,,78.9,22.0,148
51.264,GIRO,1,7,1,102.14,630.0,165.68,,1347.0,1933.3,,,89.5,22.0,148
51.289,GIRO,1,7,1,102.56,630.0,165.26,,1347.0,1921.4,,,100.0,22.0,148
51.314,GIRO,1,7,1,102.56,630.0,165.26,,1347.0,1914.9,,,100.0,22.0,148
51.339,GIRO,1,7,1,102.21,630.0,165.61,,1347.0,1911.3,,,100.0,22.0,148
51.363,GIRO,1,7,1,102.21,630.0,165.61,,,1909.3,,,100.0,22.0,157
51.388,GIRO,1,7,1,101.74,630.0,166.08,,,1908.3,,,100.0,22.0,157
51.413,GIRO,1,7,1,101.74,630.0,166.08,,,1907.7,,,100.0,22.0,157
51.438,GIRO,1,7,1,101.14,630.0,166.68,,,1907.3,,,100.0,22.0,157
51.464,GIRO,1,7,1,101.14,630.0,166.68,,,1907.2,,,100.0,22.0,157
51.488,GIRO,1,7,1,99.18,630.0,168.64,,,1907.1,,,100.0,22.0,157
51.513,GIRO,1,7,1,99.18,630.0,168.64,,,1907.0,,,100.0,22.0,157
51.539,GIRO,1,7,1,97.87,630.0,169.95,,1205.8,1827.0,,,100.0,22.0,155
51.564,GIRO,1,7,1,97.87,630.0,169.95,,1205.8,1783.1,,,100.0,22.0,155
51.59,GIRO,1,7,1,96.49,630.0,171.33,,1205.8,1758.9,,,100.0,22.0,155
51.615,GIRO,1,7,1,96.49,630.0,171.33,,1205.8,1745.6,,,100.0,22.0,155
51.64,GIRO,1,7,1,96.49,630.0,171.33,,1205.8,1738.3,,,100.0,22.0,155
51.665,GIRO,1,7,1,94.12,630.0,173.7,,1205.8,1734.2,,,100.0,22.0,155
51.691,GIRO,1,7,1,94.12,630.0,173.7,,1205.8,1732.0,,,100.0,22.0,155
51.715,GIRO,1,7,1,92.77,630.0,175.05,,1205.8,1730.8,,,100.0,22.0,155
51.738,GIRO,1,7,1,92.77,630.0,175.05,,,1664.0,,,100.0,22.0,125
51.763,GIRO,1,7,1,90.09,630.0,177.73,,,1627.2,,,100.0,22.0,125
51.789,GIRO,1,7,1,90.09,630.0,177.73,,,1607.0,,,100.0,22.0,125
51.814,GIRO,1,7,1,88.74,630.0,179.08,,,1595.9,,,100.0,22.0,125
51.839,GIRO,1,7,1,88.74,630.0,179.08,,,1589.7,,,100.0,22.0,125
51.863,GIRO,1,7,1,87.31,630.0,-179.49,,,1586.4,,,89.5,22.0,125
51.889,GIRO,1,7,1,87.31,630.0,-179.49,,,1584.5,,,79.0,22.0,125
51.914,GIRO,1,7,1,87.31,630.0,-179.49,,,1563.9,,,68.4,22.1,123
51.939,GIRO,1,7,1,84.47,630.0,-176.65,,,1552.6,,,57.9,23.7,123
51.964,GIRO,1,7,1,84.47,630.0,-176.65,,,1546.3,,,47.4,25.2,123
51.989,GIRO,1,7,1,83.06,630.0,-175.24,,,1542.9,,,36.9,26.7,123
52.014,GIRO,1,7,1,83.06,630.0,-175.24,,,1541.0,,,26.3,28.2,123
52.039,GIRO,1,7,1,81.61,630.0,-173.79,,,1540.0,,,15.8,29.7,123
52.064,GIRO,1,7,1,81.61,630.0,-173.79,,,1539.4,,,5.3,31.2,123
52.09,GIRO,1,7,1,78.8,630.0,-170.98,194.1,,1836.7,544.4,,-5.2,31.2,142
52.115,GIRO,1,7,1,78.8,630.0,-170.98,194.1,,2000.2,544.4,,-15.8,29.7,142
52.141,GIRO,1,7,1,77.73,630.0,-169.91,194.1,,2090.1,544.4,,-26.3,28.2,142
52.165,GIRO,1,7,1,77.73,630.0,-169.91,194.1,,2139.6,544.4,,-36.8,26.7,142
52.191,GIRO,1,7,1,76.93,630.0,-169.11,194.1,,2166.8,544.4,,-47.3,25.2,142
52.216,GIRO,1,7,1,76.93,630.0,-169.11,194.1,,2181.7,544.4,,-57.9,23.7,142
52.241,GIRO,1,7,1,76.93,630.0,-169.11,194.1,,2189.9,544.4,,-68.4,22.2,142
52.266,GIRO,1,7,1,76.04,630.0,-168.22,177.3,,1959.3,588.2,,-78.9,22.0,160
52.291,GIRO,1,7,1,76.04,630.0,-168.22,168.1,,1832.4,588.2,,-89.4,22.0,160
52.316,GIRO,1,7,1,75.95,630.0,-168.13,163.0,,1762.6,588.2,,-100.0,22.0,160
52.342,GIRO,1,7,1,75.95,630.0,-168.13,160.2,,1724.2,588.2,,-100.0,22.0,160
52.366,GIRO,1,7,1,76.06,630.0,-168.24,158.6,,1703.1,588.2,,-100.0,22.0,160
52.391,GIRO,1,7,1,76.06,630.0,-168.24,157.8,,1691.5,588.2,,-100.0,22.0,160
52.416,GIRO,1,7,1,76.73,630.0,-168.91,157.3,,1685.1,588.2,,-100.0,22.0,160
52.441,GIRO,1,7,1,76.73,630.0,-168.91,156.6,,1705.0,594.2,,-100.0,22.0,160
52.467,SIGUE_MURO,1,7,1,77.27,630.0,-176.8,156.2,,1716.0,594.2,,-100.0,24.8,160
52.492,SIGUE_MURO,1,7,1,77.27,630.0,-176.74,156.0,,1722.0,594.2,,-100.0,24.8,160
52.517,SIGUE_MURO,1,7,1,78.37,630.0,-177.77,155.8,,1725.3,594.2,,-100.0,24.8,160
52.541,SIGUE_MURO,1,7,1,78.37,630.0,-177.69,155.8,,1727.1,594.2,,-100.0,24.8,160
52.568,SIGUE_MURO,1,7,1,81.26,630.0,179.49,155.7,,1728.1,594.2,,-89.5,26.9,160
52.592,SIGUE_MURO,1,7,1,81.26,630.0,179.56,155.7,,1728.7,594.2,,-79.0,29.0,160
52.617,SIGUE_MURO,1,7,1,81.26,630.0,179.64,155.7,,1729.0,594.2,,-68.4,31.1,160
52.642,SIGUE_MURO,1,7,1,82.74,630.0,178.82,174.2,,1683.7,570.9,,-57.9,33.3,151
52.667,SIGUE_MURO,1,7,1,82.74,630.0,179.15,184.3,,1658.8,570.9,,-47.4,35.4,151
52.692,SIGUE_MURO,1,7,1,85.57,630.0,176.47,189.9,,1645.1,570.9,,-36.9,37.5,151
52.717,SIGUE_MURO,1,7,1,85.57,630.0,176.52,193.0,,1637.6,570.9,,-26.3,39.7,151
52.742,SIGUE_MURO,1,7,1,87.1,630.0,174.98,194.7,,1633.5,570.9,,-15.8,41.8,151
52.767,SIGUE_MURO,1,7,1,87.1,630.0,174.94,195.6,,1631.2,570.9,,-5.3,43.9,151
52.793,SIGUE_MURO,1,7,1,88.66,630.0,173.33,196.1,,1629.9,570.9,,5.2,43.9,151
52.816,SIGUE_MURO,1,7,1,88.66,630.0,179.08,,,1570.3,,,15.8,41.8,138
52.841,SIGUE_MURO,1,7,1,91.82,630.0,175.92,,,1537.6,,,26.3,39.7,138
52.866,SIGUE_MURO,1,7,1,91.82,630.0,175.92,,,1519.6,,,36.8,37.5,138
52.891,SIGUE_MURO,1,7,1,91.82,630.0,175.92,,,1509.6,,,47.3,35.4,138
52.916,SIGUE_MURO,1,7,1,92.57,630.0,175.17,,,1504.2,,,57.9,33.3,138
52.941,SIGUE_MURO,1,7,1,92.57,630.0,175.17,,,1501.2,,,68.4,31.1,138
52.966,SIGUE_MURO,1,7,1,93.18,630.0,174.56,,,1499.5,,,78.9,29.0,138
52.991,SIGUE_MURO,1,7,1,93.18,630.0,174.56,,,1498.6,,,89.4,26.9,147
53.016,SIGUE_MURO,1,7,1,93.8,630.0,173.94,,,1498.1,,,100.0,24.8,147
53.042,SIGUE_MURO,1,7,1,93.8,630.0,173.94,,,1497.9,,,100.0,24.8,147
53.067,SIGUE_MURO,1,7,1,93.58,630.0,174.16,,,1497.7,,,100.0,24.8,147
53.092,SIGUE_MURO,1,7,1,93.58,630.0,174.16,,,1497.6,,,100.0,24.8,147
53.118,SIGUE_MURO,1,7,1,93.09,630.0,174.65,,,1497.6,,,100.0,24.8,147
53.142,SIGUE_MURO,1,7,1,93.09,630.0,174.65,,,1497.6,,,100.0,24.8,147
53.168,SIGUE_MURO,1,7,1,91.44,630.0,176.3,,,1516.1,,,100.0,24.8,152
53.192,SIGUE_MURO,1,7,1,91.44,630.0,176.3,,,1526.3,,,100.0,24.8,152
53.217,SIGUE_MURO,1,7,1,91.44,630.0,176.3,,,1531.9,,,100.0,24.8,152
53.243,SIGUE_MURO,1,7,1,90.49,630.0,177.25,,,1535.0,,,100.0,24.8,152
53.268,SIGUE_MURO,1,7,1,90.49,630.0,177.25,,,1536.6,,,100.0,24.8,152
53.293,SIGUE_MURO,1,7,1,87.72,630.0,-179.98,,,1537.6,,,89.5,26.9,152
53.318,SIGUE_MURO,1,7,1,87.72,630.0,-179.98,,,1538.1,,,79.0,29.0,152
53.344,SIGUE_MURO,1,7,1,86.39,630.0,-178.65,,,1538.4,,,68.4,31.1,152
53.369,SIGUE_MURO,1,7,1,86.39,630.0,169.55,266.7,,1485.8,,,78.9,29.0,177
53.394,SIGUE_MURO,1,7,1,84.91,630.0,170.95,266.7,,1456.9,,,89.5,26.9,177
53.419,SIGUE_MURO,1,7,1,84.91,630.0,170.88,266.7,,1441.0,,,100.0,24.8,177
53.445,SIGUE_MURO,1,7,1,82.08,630.0,173.63,266.7,,1432.2,,,100.0,24.8,177
53.47,SIGUE_MURO,1,7,1,82.08,630.0,173.56,266.7,,1427.4,,,100.0,24.8,177
53.494,SIGUE_MURO,1,7,1,80.69,630.0,174.87,266.7,,1424.7,,,100.0,24.8,177
53.52,SIGUE_MURO,1,7,1,80.69,630.0,174.8,266.7,,1423.3,,,100.0,24.8,177
53.545,SIGUE_MURO,1,7,1,80.69,630.0,171.44,246.2,,1456.7,,,100.0,24.8,192
53.57,SIGUE_MURO,1,7,1,79.41,630.0,170.84,234.9,,1475.1,,,100.0,24.8,192
53.595,SIGUE_MURO,1,7,1,79.41,630.0,169.77,228.7,,1485.2,,,100.0,24.8,192
53.62,SIGUE_MURO,1,7,1,76.94,630.0,171.77,225.3,,1490.7,,,100.0,24.8,192
53.645,SIGUE_MURO,1,7,1,76.94,630.0,171.55,223.4,,1493.8,,,100.0,24.8,192
53.671,SIGUE_MURO,1,7,1,75.85,630.0,172.55,222.4,,1495.5,,,100.0,24.8,192
53.695,SIGUE_MURO,1,7,1,75.85,630.0,172.53,221.8,,1496.4,,,100.0,24.8,192
53.72,SIGUE_MURO,1,7,1,74.93,630.0,170.9,205.4,,1813.0,,,100.0,24.8,209
53.745,SIGUE_MURO,1,7,1,74.93,630.0,169.53,196.3,,1987.2,,,100.0,24.8,209
53.77,SIGUE_MURO,1,7,1,72.15,630.0,171.59,191.4,,2082.9,,,100.0,24.8,209
53.797,SIGUE_MURO,1,7,1,72.15,630.0,171.23,188.6,,2135.6,,,100.0,24.8,209
53.82,SIGUE_MURO,1,7,1,70.75,630.0,172.46,187.1,,2164.6,,,100.0,24.8,209
53.845,SIGUE_MURO,1,7,1,70.75,630.0,172.4,186.3,,2180.5,,,100.0,24.8,209
53.871,SIGUE_MURO,1,7,1,70.75,630.0,172.41,185.9,,2189.3,,,100.0,24.8,209
53.896,SIGUE_MURO,1,7,1,69.31,630.0,172.58,168.5,,1958.9,961.4,,100.0,24.8,211
53.921,SIGUE_MURO,1,7,1,69.31,630.0,172.66,159.0,,1832.2,961.4,,100.0,24.8,211
53.946,SIGUE_MURO,1,7,1,66.67,630.0,175.38,153.7,,1762.5,961.4,,100.0,24.8,211
53.971,SIGUE_MURO,1,7,1,66.67,630.0,175.45,150.8,,1724.2,961.4,,100.0,24.8,211
53.996,SIGUE_MURO,1,7,1,65.38,630.0,176.82,149.2,,1703.1,961.4,,100.0,24.8,211
54.021,SIGUE_MURO,1,7,1,65.38,630.0,176.89,148.4,,1691.5,961.4,,100.0,24.8,211
54.046,SIGUE_MURO,1,7,1,62.76,630.0,179.59,147.9,,1685.1,961.4,,100.0,24.8,211
54.071,SIGUE_MURO,1,7,1,62.76,630.0,179.66,128.1,,1916.8,,,100.0,24.8,214
54.096,SIGUE_MURO,1,7,1,61.41,630.0,-178.91,117.2,,2044.2,,,89.5,26.9,214
54.123,SIGUE_MURO,1,7,1,61.41,630.0,-178.84,111.2,,2114.3,,,78.9,29.0,214
54.146,SIGUE_MURO,1,7,1,60.14,630.0,-177.49,107.9,,2152.9,,,68.4,31.1,214
54.171,SIGUE_MURO,1,7,1,60.14,630.0,-177.42,106.0,,2174.1,,,57.9,33.3,214
54.196,SIGUE_MURO,1,7,1,60.14,630.0,-177.34,105.0,,2185.7,,,47.4,35.4,214
54.223,SIGUE_MURO,1,7,1,57.35,630.0,-174.48,104.5,,2192.2,,,36.8,37.5,214
54.247,SIGUE_MURO,1,7,1,57.35,630.0,-174.4,104.2,,2195.7,,,26.3,39.7,214
54.271,SIGUE_MURO,1,7,1,55.98,630.0,-172.96,85.1,,2197.6,,,15.8,41.8,214
54.296,SIGUE_MURO,1,7,1,55.98,630.0,-172.88,74.6,,2198.7,,,5.3,43.9,214
54.321,SIGUE_MURO,1,7,1,54.58,630.0,-171.41,68.9,,2199.3,,,-5.3,43.9,214
54.347,SIGUE_MURO,1,7,1,54.58,630.0,-171.33,65.7,,2199.6,,,-15.8,41.8,214
54.372,SIGUE_MURO,1,7,1,51.83,630.0,-168.51,63.9,,2199.8,,,-26.3,39.7,214
54.396,SIGUE_MURO,1,7,1,51.83,630.0,-168.43,63.0,,2199.9,,,-36.8,37.5,214
54.422,SIGUE_MURO,1,7,1,51.33,630.0,-167.86,62.5,,2199.9,,,-47.4,35.4,214
54.447,SIGUE_MURO,1,7,1,51.33,630.0,-141.86,,,1287.0,,,-57.9,33.3,214
54.472,SIGUE_MURO,1,7,1,49.67,630.0,-140.2,,,784.9,,,-68.4,31.1,214
54.497,GIRO,1,8,2,49.67,720.0,-50.2,,,508.8,,,-78.9,22.0,214
54.522,GIRO,1,8,2,49.67,720.0,-50.2,,,356.9,,,-89.5,22.0,214
54.547,GIRO,1,8,2,48.17,720.0,-48.7,,,273.4,,,-100.0,22.0,214
54.572,GIRO,1,8,2,48.17,720.0,-48.7,,,227.4,,,-100.0,22.0,214
54.597,GIRO,1,8,2,48.4,720.0,-48.93,,,202.2,,,-100.0,22.0,214
54.622,GIRO,1,8,2,48.4,720.0,-48.93,,28.5,188.3,,,-100.0,22.0,214
54.647,GIRO,1,8,2,48.05,720.0,-48.58,,28.5,180.6,,,-100.0,22.0,214
54.672,GIRO,1,8,2,48.05,720.0,-48.58,,28.5,176.4,,,-100.0,22.0,214
54.697,GIRO,1,8,2,48.79,720.0,-49.32,,28.5,174.1,,,-100.0,22.0,214
54.722,GIRO,1,8,2,48.79,720.0,-49.32,,28.5,172.8,,,-100.0,22.0,214
54.747,GIRO,1,8,2,49.0,720.0,-49.53,,28.5,172.1,,,-100.0,22.0,214
54.773,GIRO,1,8,2,49.0,720.0,-49.53,,28.5,171.7,,,-100.0,22.0,214
54.798,GIRO,1,8,2,50.56,720.0,-51.09,,26.2,171.5,,,-100.0,22.0,214
54.823,GIRO,1,8,2,50.56,720.0,-51.09,,25.0,171.4,,,-100.0,22.0,214
54.848,GIRO,1,8,2,50.56,720.0,-51.09,,24.3,171.4,,,-100.0,22.0,214
54.873,GIRO,1,8,2,51.55,720.0,-52.08,,23.9,171.3,,,-100.0,22.0,214
54.898,GIRO,1,8,2,51.55,720.0,-52.08,,23.7,171.3,,,-100.0,22.0,214
54.923,GIRO,1,8,2,52.34,720.0,-52.87,,23.6,171.3,,,-100.0,22.0,214
54.948,GIRO,1,8,2,52.34,720.0,-52.87,,23.6,171.3,,,-100.0,22.0,214
54.973,GIRO,1,8,2,54.62,720.0,-55.15,,23.5,171.3,,,-100.0,22.0,214
54.998,GIRO,1,8,2,54.62,720.0,-55.15,,,171.3,,,-100.0,22.0,214
55.023,GIRO,1,8,2,55.91,720.0,-56.44,,,171.3,,,-100.0,22.0,214
55.048,GIRO,1,8,2,55.91,720.0,-56.44,,,171.3,,,-100.0,22.0,214
55.074,GIRO,1,8,2,57.37,720.0,-57.9,,,171.3,,,-100.0,22.0,214
55.1,GIRO,1,8,2,57.37,720.0,-57.9,,,171.3,,,-100.0,22.0,214
55.124,GIRO,1,8,2,60.3,720.0,-60.83,,,171.3,,,-100.0,22.0,214
55.149,GIRO,1,8,2,60.3,720.0,-60.83,,,171.3,,,-100.0,22.0,214
55.174,GIRO,1,8,2,60.3,720.0,-60.83,48.3,,1084.2,,,-100.0,22.0,214
55.198,GIRO,1,8,2,61.76,720.0,-62.29,48.3,,1586.3,,,-100.0,22.0,214
55.224,GIRO,1,8,2,61.76,720.0,-62.29,48.3,,1862.5,,,-100.0,22.0,214
55.249,GIRO,1,8,2,63.31,720.0,-63.84,48.3,,2014.4,,,-100.0,22.0,214
55.274,GIRO,1,8,2,63.31,720.0,-63.84,48.3,,2097.9,,,-100.0,22.0,214
55.299,GIRO,1,8,2,66.3,720.0,-66.83,48.3,,2143.8,,,-100.0,22.0,214
55.324,GIRO,1,8,2,66.3,720.0,-66.83,48.3,,2169.1,,,-100.0,22.0,214
55.349,GIRO,1,8,2,67.64,720.0,-68.17,62.4,,2183.0,,,-100.0,22.0,214
55.375,GIRO,1,8,2,67.64,720.0,-68.17,70.1,,2190.7,,,-100.0,22.0,214
55.4,GIRO,1,8,2,68.79,720.0,-69.32,74.4,,2194.9,,,-100.0,22.0,214
55.426,GIRO,1,8,2,68.79,720.0,-69.32,76.7,,2197.2,,,-100.0,22.0,214
55.45,GIRO,1,8,2,71.97,720.0,-72.5,78.0,,2198.4,,,-100.0,22.0,214
55.475,GIRO,1,8,2,71.97,720.0,-72.5,78.7,,2199.1,,,-100.0,22.0,214
55.499,GIRO,1,8,2,71.97,720.0,-72.5,79.1,,2199.5,,,-100.0,22.0,214
55.524,GIRO,1,8,2,73.52,720.0,-74.05,96.7,,1804.2,,,-100.0,22.0,214
55.55,GIRO,1,8,2,73.52,720.0,-74.05,106.4,,1586.8,,,-100.0,22.0,214
55.575,GIRO,1,8,2,76.4,720.0,-76.93,111.8,,1467.2,,,-100.0,22.0,214
55.6,GIRO,1,8,2,76.4,720.0,-76.93,114.7,,1401.5,,,-100.0,22.0,214
55.625,GIRO,1,8,2,77.88,720.0,-78.41,116.3,,1365.3,,,-100.0,22.0,214
55.651,GIRO,1,8,2,77.88,720.0,-78.41,117.2,,1345.4,,,-100.0,22.0,214
55.675,GIRO,1,8,2,79.34,720.0,-79.87,117.7,,1334.5,,,-100.0,22.0,214
55.7,GIRO,1,8,2,79.34,720.0,-79.87,139.3,,1289.3,,,-100.0,22.0,214
55.725,GIRO,1,8,2,82.28,720.0,-82.81,151.1,,1264.5,,,-100.0,22.0,214
55.75,GIRO,1,8,2,82.28,720.0,-82.81,157.7,,1250.8,,,-100.0,22.0,214
55.775,GIRO,1,8,2,83.89,720.0,-84.42,161.2,,1243.3,,,-100.0,22.0,214
55.8,GIRO,1,8,2,83.89,720.0,-84.42,163.2,,1239.1,,,-100.0,22.0,214
55.825,GIRO,1,8,2,83.89,720.0,-84.42,164.3,,1236.9,,,-100.0,22.0,214
55.85,GIRO,1,8,2,85.45,720.0,-85.98,164.9,,1235.6,,,-100.0,22.0,214
55.876,GIRO,1,8,2,85.45,720.0,-85.98,165.2,,1234.9,,,-100.0,22.0,214
55.9,GIRO,1,8,2,88.5,720.0,-89.03,192.8,,1222.6,,,-100.0,22.0,214
55.925,GIRO,1,8,2,88.5,720.0,-89.03,207.9,,1215.9,,,-100.0,22.0,214
55.95,GIRO,1,8,2,90.06,720.0,-90.59,216.3,,1212.2,,,-100.0,22.0,214
55.976,GIRO,1,8,2,90.06,720.0,-90.59,220.8,,1210.1,,,-100.0,22.0,214
56.001,GIRO,1,8,2,91.62,720.0,-92.15,223.4,,1209.0,,,-100.0,22.0,214
56.026,GIRO,1,8,2,91.62,720.0,-92.15,224.8,,1208.4,,,-100.0,22.0,214
56.051,GIRO,1,8,2,95.0,720.0,-95.53,225.5,,1208.0,,,-100.0,22.0,214
56.075,GIRO,1,8,2,95.0,720.0,-95.53,,,1175.0,,,-100.0,22.0,209
56.1,GIRO,1,8,2,96.68,720.0,-97.21,,,1156.9,,,-100.0,22.0,209
56.125,GIRO,1,8,2,96.68,720.0,-97.21,,,1146.9,,,-100.0,22.0,209
56.15,GIRO,1,8,2,96.68,720.0,-97.21,,,1141.4,,,-100.0,22.0,209
56.175,GIRO,1,8,2,98.28,720.0,-98.81,,,1138.4,,,-100.0,22.0,209
56.2,GIRO,1,8,2,98.28,720.0,-98.81,,,1136.8,,,-100.0,22.0,209
56.225,GIRO,1,8,2,101.45,720.0,-101.98,,,1135.8,,,-100.0,22.0,209
56.25,GIRO,1,8,2,101.45,720.0,-101.98,,,1156.7,,,-100.0,22.0,179
56.275,GIRO,1,8,2,102.98,720.0,-103.51,,,1168.2,,,-100.0,22.0,179
56.3,GIRO,1,8,2,102.98,720.0,-103.51,,,1174.6,,,-100.0,22.0,179
56.325,GIRO,1,8,2,106.11,720.0,-106.64,,,1178.0,,,-100.0,22.0,179
56.35,GIRO,1,8,2,106.11,720.0,-106.64,,,1180.0,,,-100.0,22.0,179
56.375,GIRO,1,8,2,107.62,720.0,-108.15,,,1181.0,,,-100.0,22.0,179
56.4,GIRO,1,8,2,107.62,720.0,-108.15,,,1181.6,,,-100.0,22.0,179
56.426,GIRO,1,8,2,109.18,720.0,-109.71,,,1193.3,,,-100.0,22.0,163
56.45,GIRO,1,8,2,109.18,720.0,-109.71,,,1199.8,,,-100.0,22.0,163
56.476,GIRO,1,8,2,109.18,720.0,-109.71,,,1203.3,,,-100.0,22.0,163
56.5,GIRO,1,8,2,112.34,720.0,-112.87,,,1205.2,,,-100.0,22.0,163
56.526,GIRO,1,8,2,112.34,720.0,-112.87,,,1206.3,,,-100.0,22.0,163
56.55,GIRO,1,8,2,113.87,720.0,-114.4,,,1206.9,,,-100.0,22.0,163
56.575,GIRO,1,8,2,113.87,720.0,-114.4,,,1207.2,,,-100.0,22.0,163
56.601,GIRO,1,8,2,115.39,720.0,-115.92,,,1231.8,,,-100.0,22.0,140
56.626,GIRO,1,8,2,115.39,720.0,-115.92,,,1245.3,,,-100.0,22.0,140
56.651,GIRO,1,8,2,118.28,720.0,-118.81,,,1252.7,,,-100.0,22.0,140
56.676,GIRO,1,8,2,118.28,720.0,-118.81,,,1256.8,,,-100.0,22.0,140
56.701,GIRO,1,8,2,119.77,720.0,-120.3,,,1259.0,,,-100.0,22.0,140
56.726,GIRO,1,8,2,119.77,720.0,-120.3,,,1260.3,,,-100.0,22.0,140
56.751,GIRO,1,8,2,121.24,720.0,-121.77,,,1260.9,,,-100.0,22.0,140
56.776,GIRO,1,8,2,121.24,720.0,-121.77,,,1261.3,,,-100.0,22.0,140
56.802,GIRO,1,8,2,121.24,720.0,-121.77,1079.5,,1683.7,,,-100.0,22.0,125
56.827,GIRO,1,8,2,124.08,720.0,-124.61,1079.5,,1916.0,,,-100.0,22.0,125
56.852,GIRO,1,8,2,124.08,720.0,-124.61,1079.5,,2043.8,,,-100.0,22.0,125
56.877,GIRO,1,8,2,125.55,720.0,-126.08,1079.5,,2114.1,,,-100.0,22.0,125
56.902,GIRO,1,8,2,125.55,720.0,-126.08,1079.5,,2152.8,,,-100.0,22.0,125
56.927,GIRO,1,8,2,126.99,720.0,-127.52,1079.5,,2174.0,,,-100.0,22.0,125
56.952,GIRO,1,8,2,126.99,720.0,-127.52,1079.5,,2185.7,,,-100.0,22.0,125
56.978,GIRO,1,8,2,130.03,720.0,-130.56,1037.1,,2192.1,1538.7,,-100.0,22.0,122
57.003,GIRO,1,8,2,130.03,720.0,-130.56,1013.8,,2195.7,1538.7,,-100.0,22.0,122
57.028,GIRO,1,8,2,131.61,720.0,-132.14,1001.0,,2197.6,1538.7,,-100.0,22.0,122
57.053,GIRO,1,8,2,131.61,720.0,-132.14,993.9,,2198.7,1538.7,,-100.0,22.0,122
57.078,GIRO,1,8,2,134.59,720.0,-135.12,990.0,,2199.3,1538.7,,-100.0,22.0,122
57.103,GIRO,1,8,2,134.59,720.0,-135.12,987.9,,2199.6,1538.7,,-100.0,22.0,122
57.128,GIRO,1,8,2,134.59,720.0,-135.12,986.7,,2199.8,1538.7,,-100.0,22.0,122
57.153,GIRO,1,8,2,136.1,720.0,-136.63,948.2,,2199.9,,,-100.0,22.0,127
57.178,GIRO,1,8,2,136.1,720.0,-136.63,927.0,,2199.9,,,-100.0,22.0,127
57.203,GIRO,1,8,2,137.56,720.0,-138.09,915.3,,2200.0,,,-100.0,22.0,127
57.228,GIRO,1,8,2,137.56,720.0,-138.09,908.9,,2200.0,,,-100.0,22.0,127
57.253,GIRO,1,8,2,140.5,720.0,-141.03,905.4,,2200.0,,,-100.0,22.0,127
57.278,GIRO,1,8,2,140.5,720.0,-141.03,903.5,,2200.0,,,-100.0,22.0,127
57.304,GIRO,1,8,2,142.03,720.0,-142.56,902.4,,2200.0,,,-100.0,22.0,127
57.329,GIRO,1,8,2,142.03,720.0,-142.56,891.6,,2200.0,,,-100.0,22.0,129
57.354,GIRO,1,8,2,143.56,720.0,-144.09,885.6,,2200.0,,,-100.0,22.0,129
57.379,GIRO,1,8,2,143.56,720.0,-144.09,882.4,,2200.0,,,-100.0,22.0,129
57.404,GIRO,1,8,2,146.58,720.0,-147.11,880.6,,2200.0,,,-100.0,22.0,129
57.429,GIRO,1,8,2,146.58,720.0,-147.11,879.6,,2200.0,,,-100.0,22.0,129
57.454,GIRO,1,8,2,146.58,720.0,-147.11,879.0,,2200.0,,,-100.0,22.0,129
57.479,GIRO,1,8,2,148.13,720.0,-148.66,878.7,,2200.0,,,-100.0,22.0,129
57.504,GIRO,1,8,2,148.13,720.0,-148.66,878.6,,2200.0,,,-100.0,22.0,129
57.528,GIRO,1,8,2,149.64,720.0,-150.17,,,1452.7,,,-100.0,22.0,131
57.553,GIRO,1,8,2,149.64,720.0,-150.17,,,1041.7,,,-100.0,22.0,131
57.578,GIRO,1,8,2,152.69,720.0,-153.22,,,815.7,,,-100.0,22.0,131
57.603,GIRO,1,8,2,152.69,720.0,-153.22,,,691.4,,,-100.0,22.0,131
57.629,GIRO,1,8,2,154.31,720.0,-154.84,,,623.0,,,-100.0,22.0,131
57.654,GIRO,1,8,2,154.31,720.0,-154.84,,,585.4,,,-100.0,22.0,131
57.679,GIRO,1,8,2,155.89,720.0,-156.42,,,564.7,,,-100.0,22.0,131
57.704,GIRO,1,8,2,155.89,720.0,-156.42,,,538.7,,,-100.0,22.0,128
57.729,GIRO,1,8,2,159.1,720.0,-159.63,,,524.4,,,-100.0,22.0,128
57.754,GIRO,1,8,2,159.1,720.0,-159.63,,,516.5,,,-100.0,22.0,128
57.779,GIRO,1,8,2,159.1,720.0,-159.63,,,512.2,,,-100.0,22.0,128
57.804,GIRO,1,8,2,160.67,720.0,-161.2,,,509.8,,,-100.0,22.0,128
57.829,GIRO,1,8,2,160.67,720.0,-161.2,,,508.5,,,-100.0,22.0,128
57.856,GIRO,1,8,2,163.81,720.0,-164.34,,,507.8,,,-100.0,22.0,128
57.879,GIRO,1,8,2,163.81,720.0,-164.34,,,494.5,,,-100.0,22.0,131
57.904,GIRO,1,8,2,165.39,720.0,-165.92,,,487.2,,,-100.0,22.0,131
57.929,GIRO,1,8,2,165.39,720.0,-165.92,,,483.1,,,-100.0,22.0,131
57.955,GIRO,1,8,2,167.03,720.0,-167.56,,,480.9,,,-100.0,22.0,131
57.979,GIRO,1,8,2,167.03,720.0,-167.56,,,479.7,,,-100.0,22.0,131
58.004,GIRO,1,8,2,170.21,720.0,-170.74,,,479.0,,,-100.0,22.0,131
58.03,GIRO,1,8,2,170.21,720.0,-170.74,,,478.7,,,-100.0,22.0,131
58.055,GIRO,1,8,2,171.68,720.0,-172.21,,,461.0,,,-100.0,22.0,183
58.081,GIRO,1,8,2,171.68,720.0,-172.21,,,451.3,,,-100.0,22.0,183
58.105,GIRO,1,8,2,171.68,720.0,-172.21,,,445.9,,,-100.0,22.0,183
58.13,GIRO,1,8,2,173.14,720.0,-173.67,,,443.0,,,-100.0,22.0,183
58.155,GIRO,1,8,2,173.14,720.0,-173.67,,,441.4,,,-100.0,22.0,183
58.181,GIRO,1,8,2,175.97,720.0,-176.5,,,440.5,,,-100.0,22.0,183
58.205,GIRO,1,8,2,175.97,720.0,-176.5,,,440.0,,,-100.0,22.0,183
58.231,GIRO,1,8,2,177.41,720.0,-177.94,,,427.5,,,-100.0,22.0,197
58.256,GIRO,1,8,2,177.41,720.0,-177.94,,,420.6,,,-100.0,22.0,197
58.281,GIRO,1,8,2,178.7,720.0,-179.23,,,416.8,,,-100.0,22.0,197
58.306,GIRO,1,8,2,178.7,720.0,-179.23,,,414.8,,,-100.0,22.0,197
58.331,GIRO,1,8,2,181.56,720.0,177.91,,,413.6,,,-89.5,22.0,197
58.356,GIRO,1,8,2,181.56,720.0,177.91,,,413.0,,,-79.0,22.0,197
58.381,GIRO,1,8,2,182.89,720.0,176.58,,,412.6,,,-68.4,22.1,197
58.407,GIRO,1,8,2,182.89,720.0,176.58,,,412.5,,,-57.9,23.7,197
58.431,GIRO,1,8,2,184.22,720.0,175.25,,,403.9,,,-47.4,25.2,214
58.456,GIRO,1,8,2,184.22,720.0,175.25,,,399.2,,,-36.8,26.7,214
58.481,GIRO,1,8,2,184.22,720.0,175.25,,,396.6,,,-26.3,28.2,214
58.506,GIRO,1,8,2,187.04,720.0,172.43,,,395.1,,,-15.8,29.7,214
58.531,GIRO,1,8,2,187.04,720.0,172.43,,,394.4,,,-5.3,31.2,214
58.556,GIRO,1,8,2,188.49,720.0,170.98,,,393.9,,,5.2,31.2,214
58.581,GIRO,1,8,2,188.49,720.0,170.98,,,393.7,,,15.8,29.7,214
58.606,GIRO,1,8,2,191.24,720.0,168.23,,,388.0,,,26.3,28.2,214
58.632,GIRO,1,8,2,191.24,720.0,168.23,,,384.8,,,36.8,26.7,214
58.656,GIRO,1,8,2,192.15,720.0,167.32,,,383.1,,,47.4,25.2,214
58.681,GIRO,1,8,2,192.15,720.0,167.32,,,382.2,,,57.9,23.7,214
58.707,GIRO,1,8,2,193.02,720.0,166.45,,,381.7,,,68.4,22.2,214
58.732,GIRO,1,8,2,193.02,720.0,166.45,,,381.4,,,78.9,22.0,214
58.757,GIRO,1,8,2,193.6,720.0,165.87,,,381.2,,,89.5,22.0,214
58.782,GIRO,1,8,2,193.6,720.0,165.87,,,369.1,,,100.0,22.0,214
58.807,GIRO,1,8,2,193.6,720.0,165.87,,,362.5,,,100.0,22.0,214
58.834,GIRO,1,8,2,193.37,720.0,166.1,,,358.9,,,100.0,22.0,214
58.857,GIRO,1,8,2,193.37,720.0,166.1,,,356.9,,,100.0,22.0,214
58.882,GIRO,1,8,2,193.01,720.0,166.46,,,355.8,,,100.0,22.0,214
58.907,GIRO,1,8,2,193.01,720.0,166.46,,,355.1,,,100.0,22.0,214
58.932,GIRO,1,8,2,191.68,720.0,167.79,,,354.8,,,100.0,22.0,214
58.957,GIRO,1,8,2,191.68,720.0,167.79,,,338.2,,,100.0,22.0,214
58.982,GIRO,1,8,2,190.59,720.0,168.88,,,329.0,,,100.0,22.0,214
59.007,SIGUE_MURO,1,8,2,190.59,720.0,168.88,,,324.0,,,100.0,22.0,214
59.032,SIGUE_MURO,1,8,2,189.4,720.0,170.07,,,321.2,,,100.0,22.0,214
59.058,SIGUE_MURO,1,8,2,189.4,720.0,170.07,,,319.7,,,100.0,22.0,214
59.083,SIGUE_MURO,1,8,2,186.91,720.0,172.56,,,318.8,,,100.0,22.0,214
59.108,SIGUE_MURO,1,8,2,186.91,720.0,172.56,,,318.4,,,100.0,22.0,214
59.133,SIGUE_MURO,1,8,2,186.91,720.0,172.56,,,306.1,,,100.0,22.0,214
59.158,SIGUE_MURO,1,8,2,185.87,720.0,173.6,,,299.4,,,100.0,22.0,214
59.184,SIGUE_MURO,1,8,2,185.87,720.0,173.6,,,295.7,,,100.0,22.0,214
59.208,SIGUE_MURO,1,8,2,184.8,720.0,174.67,,,293.6,,,100.0,22.0,214
59.233,SIGUE_MURO,1,8,2,184.8,720.0,174.67,,,292.5,,,100.0,22.0,214
59.258,SIGUE_MURO,1,8,2,182.75,720.0,176.72,,,291.9,,,100.0,22.0,214
59.283,SIGUE_MURO,1,8,2,182.75,720.0,176.72,,,291.5,,,100.0,22.0,214
59.308,SIGUE_MURO,1,8,2,181.78,720.0,177.69,,,291.3,,,100.0,22.0,214
59.333,SIGUE_MURO,1,8,2,181.78,720.0,177.69,,,281.2,,,100.0,22.0,214
59.358,SIGUE_MURO,1,8,2,179.53,720.0,179.94,,,275.6,,,100.0,22.0,214
59.383,SIGUE_MURO,1,8,2,179.53,720.0,179.94,,,272.6,,,100.0,22.0,214
59.408,SIGUE_MURO,1,8,2,178.49,720.0,-179.02,,,270.9,,,89.5,22.0,214
59.433,SIGUE_MURO,1,8,2,178.49,720.0,-179.02,,,269.9,,,78.9,22.0,214
59.458,SIGUE_MURO,1,8,2,178.49,720.0,-179.02,,,269.4,,,68.4,22.1,214
59.484,SIGUE_MURO,1,8,2,177.31,720.0,-177.84,,,269.2,,,57.9,23.7,214
59.509,SIGUE_MURO,1,8,2,177.31,720.0,-177.84,,,260.1,,,47.4,25.2,214
59.534,SIGUE_MURO,1,8,2,175.34,720.0,-175.87,,,255.0,,,36.8,26.7,214
59.559,SIGUE_MURO,1,8,2,175.34,720.0,-175.87,,,252.3,,,26.3,28.2,214
59.584,SIGUE_MURO,1,8,2,174.33,720.0,-174.86,,,250.8,,,15.8,29.7,214
59.61,SIGUE_MURO,1,8,2,174.33,720.0,-174.86,,,249.9,,,5.3,31.2,214
59.634,SIGUE_MURO,1,8,2,173.23,720.0,-173.76,,,249.5,,,-5.3,31.2,214
59.659,SIGUE_MURO,1,8,2,173.23,720.0,-173.76,,,249.2,,,-15.8,29.7,214
59.684,SIGUE_MURO,1,8,2,171.27,720.0,-171.8,,,241.5,,,-26.3,28.2,214
59.709,SIGUE_MURO,1,8,2,171.27,720.0,-171.8,,,237.2,,,-36.8,26.7,214
59.734,SIGUE_MURO,1,8,2,170.46,720.0,-170.99,,,234.9,,,-47.4,25.2,214
59.759,SIGUE_MURO,1,8,2,170.46,720.0,-170.99,,,233.6,,,-57.9,23.7,214
59.784,SIGUE_MURO,1,8,2,170.46,720.0,-170.99,,,232.9,,,-68.4,22.2,214
59.809,SIGUE_MURO,1,8,2,169.97,720.0,-170.5,,,232.5,,,-78.9,22.0,214
59.835,SIGUE_MURO,1,8,2,169.97,720.0,-170.5,,,232.2,,,-89.5,22.0,214
59.859,SIGUE_MURO,1,8,2,169.62,720.0,-170.15,,,224.0,,,-100.0,22.0,214
59.884,SIGUE_MURO,1,8,2,169.62,720.0,-170.15,,,219.4,,,-100.0,22.0,214
59.91,SIGUE_MURO,1,8,2,169.68,720.0,-170.21,,,216.9,,,-100.0,22.0,214
59.935,SIGUE_MURO,1,8,2,169.68,720.0,-170.21,,,215.5,,,-100.0,22.0,214
59.96,SIGUE_MURO,1,8,2,170.05,720.0,-170.58,,,214.8,,,-100.0,22.0,214
59.985,SIGUE_MURO,1,8,2,170.05,720.0,-170.58,,,214.4,,,-100.0,22.0,214
60.01,SIGUE_MURO,1,8,2,171.52,720.0,-172.05,,,214.1,,,-100.0,22.0,214
60.035,SIGUE_MURO,1,8,2,171.52,720.0,-172.05,,,214.0,,,-100.0,22.0,214
60.06,SIGUE_MURO,1,8,2,172.82,720.0,-173.35,,,203.5,,,-100.0,22.0,214
60.085,SIGUE_MURO,1,8,2,172.82,720.0,-173.35,,,197.8,,,-100.0,22.0,214
60.11,SIGUE_MURO,1,8,2,172.82,720.0,-173.35,,,194.6,,,-100.0,22.0,214
60.135,SIGUE_MURO,1,8,2,175.53,720.0,-176.06,,,192.9,,,-100.0,22.0,214
60.16,SIGUE_MURO,1,8,2,175.53,720.0,-176.06,,,191.9,,,-100.0,22.0,214
60.185,SIGUE_MURO,1,8,2,177.02,720.0,-177.55,,,191.4,,,-100.0,22.0,214
60.21,SIGUE_MURO,1,8,2,177.02,720.0,-177.55,,,191.1,,,-100.0,22.0,214
60.235,SIGUE_MURO,1,8,2,178.51,720.0,-179.04,,,182.2,,,-100.0,22.0,214
60.261,SIGUE_MURO,1,8,2,178.51,720.0,-179.04,,,177.3,,,-100.0,22.0,214
60.285,SIGUE_MURO,1,8,2,181.3,720.0,178.17,,,174.6,,,-89.5,22.0,214
60.31,SIGUE_MURO,1,8,2,181.3,720.0,178.17,,,173.1,,,-79.0,22.0,214
60.336,SIGUE_MURO,1,8,2,182.69,720.0,176.78,,,172.3,,,-68.4,22.1,214
60.361,SIGUE_MURO,1,8,2,182.69,720.0,176.78,,,171.8,,,-57.9,23.7,214
60.386,SIGUE_MURO,1,8,2,184.1,720.0,175.37,,,171.6,,,-47.4,25.2,214
60.411,SIGUE_MURO,1,8,2,184.1,720.0,175.37,,,171.4,,,-36.9,26.7,214
60.436,SIGUE_MURO,1,8,2,184.1,720.0,175.37,,,171.4,,,-26.3,28.2,214
60.462,SIGUE_MURO,1,8,2,186.93,720.0,172.54,,,171.3,,,-15.8,29.7,214
60.487,SIGUE_MURO,1,8,2,186.93,720.0,172.54,,,171.3,,,-5.3,31.2,214
60.512,SIGUE_MURO,1,8,2,188.26,720.0,171.21,,,171.3,,,5.3,31.2,214
60.537,SIGUE_MURO,1,8,2,188.26,720.0,171.21,,,171.3,,,15.8,29.7,214
60.562,SIGUE_MURO,1,8,2,189.34,720.0,170.13,,,171.3,,,26.3,28.2,214
60.586,SIGUE_MURO,1,8,2,189.34,720.0,170.13,,,171.3,,,36.8,26.7,214
60.611,GIRO,1,9,2,190.9,810.0,-101.43,,,171.3,,,26.3,28.2,214
60.636,GIRO,1,9,2,190.9,810.0,-101.43,,,171.3,,,15.8,29.7,214
60.661,GIRO,1,9,2,191.52,810.0,-102.05,,,171.3,,,5.3,31.2,214
60.686,GIRO,1,9,2,191.52,810.0,-102.05,,,171.3,,,-5.3,31.2,214
60.712,GIRO,1,9,2,191.84,810.0,-102.37,,,171.3,,,-15.8,29.7,214
60.737,GIRO,1,9,2,191.84,810.0,-102.37,,,171.3,,,-26.3,28.2,214
60.762,GIRO,1,9,2,191.84,810.0,-102.37,,,171.3,,,-36.8,26.7,214
60.787,GIRO,1,9,2,191.65,810.0,-102.18,,,171.3,,,-47.4,25.2,214
60.812,GIRO,1,9,2,191.65,810.0,-102.18,,,171.3,,,-57.9,23.7,214
60.837,GIRO,1,9,2,191.45,810.0,-101.98,,,171.3,,,-68.4,22.1,214
60.862,GIRO,1,9,2,191.45,810.0,-101.98,,,171.3,,,-78.9,22.0,214
60.887,GIRO,1,9,2,191.41,810.0,-101.94,,,171.3,,,-89.5,22.0,214
60.912,GIRO,1,9,2,191.41,810.0,-101.94,,,171.3,,,-100.0,22.0,214
60.937,GIRO,1,9,2,191.34,810.0,-101.87,,,171.3,,,-100.0,22.0,214
60.962,GIRO,1,9,2,191.34,810.0,-101.87,,,171.3,,,-100.0,22.0,214
60.987,GIRO,1,9,2,191.37,810.0,-101.9,,,171.3,,,-100.0,22.0,214
61.012,GIRO,1,9,2,191.37,810.0,-101.9,,,171.3,,,-100.0,22.0,214
61.038,GIRO,1,9,2,192.32,810.0,-102.85,,,171.3,,,-100.0,22.0,214
61.062,GIRO,1,9,2,192.32,810.0,-102.85,,,171.3,,,-100.0,22.0,214
61.087,GIRO,1,9,2,192.32,810.0,-102.85,,,171.3,,,-100.0,22.0,214
61.113,GIRO,1,9,2,193.01,810.0,-103.54,,,171.3,,,-100.0,22.0,214
61.139,GIRO,1,9,2,193.01,810.0,-103.54,,,171.3,,,-100.0,22.0,214
61.163,GIRO,1,9,2,194.03,810.0,-104.56,,,171.3,,,-100.0,22.0,214
61.188,GIRO,1,9,2,194.03,810.0,-104.56,,,171.3,,,-100.0,22.0,214
61.213,GIRO,1,9,2,192.98,810.0,-103.51,,,171.3,,,-100.0,22.0,214
61.238,GIRO,1,9,2,192.98,810.0,-103.51,,,171.3,,,-100.0,22.0,214
61.264,GIRO,1,9,2,192.87,810.0,-103.4,,,171.3,,,-100.0,22.0,214
61.288,GIRO,1,9,2,192.87,810.0,-103.4,,,171.3,,,-100.0,22.0,214
61.313,GIRO,1,9,2,192.89,810.0,-103.42,,,171.3,,,-100.0,22.0,214
61.338,GIRO,1,9,2,192.89,810.0,-103.42,,,171.3,,,-100.0,22.0,214
61.363,GIRO,1,9,2,192.88,810.0,-103.41,,,171.3,,,-100.0,22.0,214
61.388,GIRO,1,9,2,192.88,810.0,-103.41,,,171.3,,,-100.0,22.0,214
61.413,GIRO,1,9,2,192.88,810.0,-103.41,,,171.3,,,-100.0,22.0,214
61.438,GIRO,1,9,2,192.88,810.0,-103.41,,,171.3,,,-100.0,22.0,214
61.463,GIRO,1,9,2,192.88,810.0,-103.41,,,171.3,,,-100.0,22.0,214
61.489,GIRO,1,9,2,192.88,810.0,-103.41,,,171.3,,,-100.0,22.0,214
61.514,GIRO,1,9,2,192.88,810.0,-103.41,,,171.3,,,-100.0,22.0,214
61.539,GIRO,1,9,2,192.86,810.0,-103.39,,,171.3,,,-100.0,22.0,214
61.564,GIRO,1,9,2,192.86,810.0,-103.39,,,171.3,,,-100.0,22.0,214
61.589,GIRO,1,9,2,192.86,810.0,-103.39,,,171.3,,,-100.0,22.0,214
61.614,GIRO,1,9,2,192.86,810.0,-103.39,,,171.3,,,-100.0,22.0,214
61.639,GIRO,1,9,2,192.86,810.0,-103.39,,,171.3,,,-100.0,22.0,214
61.664,GIRO,1,9,2,192.86,810.0,-103.39,,,171.3,,,-100.0,22.0,214
61.689,GIRO,1,9,2,192.86,810.0,-103.39,,,171.3,,,-100.0,22.0,214
61.714,GIRO,1,9,2,192.86,810.0,-103.39,,,171.3,,,-100.0,22.0,214
61.739,GIRO,1,9,2,192.86,810.0,-103.39,,,171.3,,,-100.0,22.0,214
61.764,GIRO,1,9,2,192.86,810.0,-103.39,,,171.3,,,-100.0,22.0,214
61.789,GIRO,1,9,2,192.86,810.0,-103.39,,,171.3,,,-100.0,22.0,214
61.814,GIRO,1,9,2,192.86,810.0,-103.39,,,171.3,,,-100.0,22.0,214
61.839,GIRO,1,9,2,192.86,810.0,-103.39,,,171.3,,,-100.0,22.0,214
61.864,GIRO,1,9,2,192.86,810.0,-103.39,,,171.3,,,-100.0,22.0,214
61.889,GIRO,1,9,2,192.86,810.0,-103.39,,,171.3,,,-100.0,22.0,214
61.914,GIRO,1,9,2,192.86,810.0,-103.39,,,171.3,,,-100.0,22.0,214
61.94,GIRO,1,9,2,192.86,810.0,-103.39,,,171.3,,,-100.0,22.0,214
61.965,GIRO,1,9,2,192.86,810.0,-103.39,,,171.3,,,-100.0,22.0,214
61.99,GIRO,1,9,2,192.86,810.0,-103.39,,,171.3,,,-100.0,22.0,214
62.015,GIRO,1,9,2,192.86,810.0,-103.39,,,171.3,,,-100.0,22.0,214
62.04,GIRO,1,9,2,192.86,810.0,-103.39,,,171.3,,,-100.0,22.0,214
62.065,GIRO,1,9,2,192.86,810.0,-103.39,,,171.3,,,-100.0,22.0,214
62.09,GIRO,1,9,2,192.86,810.0,-103.39,,,171.3,,,-100.0,22.0,214
62.115,GIRO,1,9,2,192.86,810.0,-103.39,,,171.3,,,-100.0,22.0,214
62.14,GIRO,1,9,2,192.86,810.0,-103.39,,,171.3,,,-100.0,22.0,214
62.166,GIRO,1,9,2,192.86,810.0,-103.39,,,171.3,,,-100.0,22.0,214
62.19,GIRO,1,9,2,192.86,810.0,-103.39,,,171.3,,,-100.0,22.0,214
62.215,GIRO,1,9,2,192.86,810.0,-103.39,,,171.3,,,-100.0,22.0,214
62.241,GIRO,1,9,2,192.86,810.0,-103.39,,,171.3,,,-100.0,22.0,214
62.265,GIRO,1,9,2,192.86,810.0,-103.39,,,171.3,,,-100.0,22.0,214
62.29,GIRO,1,9,2,192.86,810.0,-103.39,,,171.3,,,-100.0,22.0,214
62.315,GIRO,1,9,2,192.86,810.0,-103.39,,,171.3,,,-100.0,22.0,214
62.34,GIRO,1,9,2,192.86,810.0,-103.39,,,171.3,,,-100.0,22.0,214
62.367,GIRO,1,9,2,192.86,810.0,-103.39,,,171.3,,,-100.0,22.0,214
62.391,GIRO,1,9,2,192.86,810.0,-103.39,,,171.3,,,-100.0,22.0,214
62.416,GIRO,1,9,2,192.86,810.0,-103.39,,,171.3,,,-100.0,22.0,214
62.441,GIRO,1,9,2,192.86,810.0,-103.39,,,171.3,,,-100.0,22.0,214
62.466,GIRO,1,9,2,192.86,810.0,-103.39,,,171.3,,,-100.0,22.0,214
62.492,GIRO,1,9,2,192.86,810.0,-103.39,,,171.3,,,-100.0,22.0,214
62.516,GIRO,1,9,2,192.86,810.0,-103.39,,,171.3,,,-100.0,22.0,214
62.541,GIRO,1,9,2,192.86,810.0,-103.39,,,171.3,,,-100.0,22.0,214
62.566,GIRO,1,9,2,192.86,810.0,-103.39,,,171.3,,,-100.0,22.0,214
62.591,GIRO,1,9,2,192.86,810.0,-103.39,,,171.3,,,-100.0,22.0,214
62.616,GIRO,1,9,2,192.86,810.0,-103.39,,,171.3,,,-100.0,22.0,214
62.641,GIRO,1,9,2,192.86,810.0,-103.39,,,171.3,,,-100.0,22.0,214
62.666,GIRO,1,9,2,192.86,810.0,-103.39,,,171.3,,,-100.0,22.0,214
62.691,GIRO,1,9,2,192.86,810.0,-103.39,,,171.3,,,-100.0,22.0,214
62.717,GIRO,1,9,2,192.86,810.0,-103.39,,,171.3,,,-100.0,22.0,214
62.741,GIRO,1,9,2,192.86,810.0,-103.39,,,171.3,,,-100.0,22.0,214
62.766,GIRO,1,9,2,192.86,810.0,-103.39,,,171.3,,,-100.0,22.0,214
62.793,GIRO,1,9,2,192.89,810.0,-103.42,,,171.3,,,-100.0,22.0,214
62.817,GIRO,1,9,2,192.89,810.0,-103.42,,,171.3,,,-100.0,22.0,214
62.842,GIRO,1,9,2,192.87,810.0,-103.4,,,171.3,,,-100.0,22.0,214
62.867,GIRO,1,9,2,192.87,810.0,-103.4,,,171.3,,,-100.0,22.0,214
62.892,GIRO,1,9,2,192.8,810.0,-103.33,,,171.3,,,-100.0,22.0,214
62.917,GIRO,1,9,2,192.8,810.0,-103.33,,,171.3,,,-100.0,22.0,214
62.942,GIRO,1,9,2,192.79,810.0,-103.32,,,171.3,,,-100.0,22.0,214
62.967,GIRO,1,9,2,192.79,810.0,-103.32,,,171.3,,,-100.0,22.0,214
62.992,GIRO,1,9,2,192.79,810.0,-103.32,,,171.3,,,-100.0,22.0,214
63.017,GIRO,1,9,2,192.79,810.0,-103.32,,,171.3,,,-100.0,22.0,214
63.042,GIRO,1,9,2,192.79,810.0,-103.32,,,171.3,,,-100.0,22.0,214
63.067,GIRO,1,9,2,192.79,810.0,-103.32,,,171.3,,,-100.0,22.0,214
63.092,GIRO,1,9,2,192.79,810.0,-103.32,,,171.3,,,-100.0,22.0,214
63.117,GIRO,1,9,2,192.79,810.0,-103.32,,,171.3,,,-100.0,22.0,214
63.143,GIRO,1,9,2,192.79,810.0,-103.32,,,171.3,,,-100.0,22.0,214
63.168,GIRO,1,9,2,192.79,810.0,-103.32,,,171.3,,,-100.0,22.0,214
63.193,GIRO,1,9,2,192.79,810.0,-103.32,,,171.3,,,-100.0,22.0,214
63.218,GIRO,1,9,2,192.79,810.0,-103.32,,,171.3,,,-100.0,22.0,214
63.243,GIRO,1,9,2,192.79,810.0,-103.32,,,171.3,,,-100.0,22.0,214
63.268,GIRO,1,9,2,192.79,810.0,-103.32,,,171.3,,,-100.0,22.0,214
63.293,GIRO,1,9,2,192.79,810.0,-103.32,,,171.3,,,-100.0,22.0,214
63.318,GIRO,1,9,2,192.79,810.0,-103.32,,,171.3,,,-100.0,22.0,214
63.343,GIRO,1,9,2,192.79,810.0,-103.32,,,171.3,,,-100.0,22.0,214
63.368,GIRO,1,9,2,192.79,810.0,-103.32,,,171.3,,,-100.0,22.0,214
63.393,GIRO,1,9,2,192.79,810.0,-103.32,,,171.3,,,-100.0,22.0,214
63.418,GIRO,1,9,2,192.79,810.0,-103.32,,,171.3,,,-100.0,22.0,214
63.443,GIRO,1,9,2,192.79,810.0,-103.32,,,171.3,,,-100.0,22.0,214
63.47,GIRO,1,9,2,192.79,810.0,-103.32,,,171.3,,,-100.0,22.0,214
63.494,GIRO,1,9,2,192.79,810.0,-103.32,,,171.3,,,-100.0,22.0,214
63.518,GIRO,1,9,2,192.79,810.0,-103.32,,,171.3,,,-100.0,22.0,214
63.543,GIRO,1,9,2,192.79,810.0,-103.32,,,171.3,,,-100.0,22.0,214
63.569,GIRO,1,9,2,192.79,810.0,-103.32,,,171.3,,,-100.0,22.0,214
63.594,GIRO,1,9,2,192.79,810.0,-103.32,,,171.3,,,-100.0,22.0,214
63.618,GIRO,1,9,2,192.79,810.0,-103.32,,,171.3,,,-100.0,22.0,214
63.644,GIRO,1,9,2,192.79,810.0,-103.32,,,171.3,,,-100.0,22.0,214
63.669,GIRO,1,9,2,192.79,810.0,-103.32,,,171.3,,,-100.0,22.0,214
63.694,GIRO,1,9,2,192.79,810.0,-103.32,,,399.0,,,-100.0,22.0,91
63.719,GIRO,1,9,2,192.79,810.0,-103.32,,,524.3,,,-100.0,22.0,91
63.744,GIRO,1,9,2,192.79,810.0,-103.32,,,593.1,,,-100.0,22.0,91
63.769,GIRO,1,9,2,192.79,810.0,-103.32,,,631.0,,,-100.0,22.0,91
63.794,GIRO,1,9,2,192.79,810.0,-103.32,,,651.9,,,-100.0,22.0,91
63.819,GIRO,1,9,2,192.79,810.0,-103.32,,,663.3,,,-100.0,22.0,91
63.844,GIRO,1,9,2,192.79,810.0,-103.32,,,669.6,,,-100.0,22.0,91
63.869,GIRO,1,9,2,192.79,810.0,-103.32,,,1358.3,,,-100.0,22.0,91
63.894,GIRO,1,9,2,192.79,810.0,-103.32,,,1737.1,,,-100.0,22.0,91
63.919,GIRO,1,9,2,192.79,810.0,-103.32,,,1945.4,,,-100.0,22.0,91
63.944,GIRO,1,9,2,192.79,810.0,-103.32,,,2060.0,,,-100.0,22.0,91
63.969,GIRO,1,9,2,192.79,810.0,-103.32,,,2123.0,,,-100.0,22.0,91
63.994,GIRO,1,9,2,192.79,810.0,-103.32,,,2157.6,,,-100.0,22.0,91
64.02,GIRO,1,9,2,192.79,810.0,-103.32,,,2176.7,,,-100.0,22.0,91
64.045,GIRO,1,9,2,192.79,810.0,-103.32,,,1564.7,,,-100.0,22.0,90
64.07,GIRO,1,9,2,192.79,810.0,-103.32,,,1228.1,,,-100.0,22.0,90
64.095,GIRO,1,9,2,192.77,810.0,-103.3,,,1043.0,,,-100.0,22.0,90
64.12,GIRO,1,9,2,192.77,810.0,-103.3,,,941.2,,,-100.0,22.0,90
64.145,GIRO,1,9,2,192.77,810.0,-103.3,,,885.2,,,-100.0,22.0,90
64.17,GIRO,1,9,2,192.77,810.0,-103.3,,,854.4,,,-100.0,22.0,90
64.195,GIRO,1,9,2,192.77,810.0,-103.3,,,837.5,,,-100.0,22.0,90
64.22,GIRO,1,9,2,192.77,810.0,-103.3,,,828.2,,,-100.0,22.0,90
64.245,GIRO,1,9,2,192.77,810.0,-103.3,,,825.7,,,-100.0,22.0,94
64.27,GIRO,1,9,2,192.77,810.0,-103.3,,,824.3,,,-100.0,22.0,94
64.295,GIRO,1,9,2,192.77,810.0,-103.3,,,823.6,,,-100.0,22.0,94
64.32,GIRO,1,9,2,192.77,810.0,-103.3,,,823.1,,,-100.0,22.0,94
64.346,GIRO,1,9,2,192.77,810.0,-103.3,,,822.9,,,-100.0,22.0,94
64.37,GIRO,1,9,2,192.77,810.0,-103.3,,,822.8,,,-100.0,22.0,94
64.395,GIRO,1,9,2,192.77,810.0,-103.3,,,822.7,,,-100.0,22.0,94
64.421,GIRO,1,9,2,192.77,810.0,-103.3,,,1442.5,,,-100.0,22.0,95
64.446,GIRO,1,9,2,192.77,810.0,-103.3,,,1783.4,,,-100.0,22.0,95
64.472,GIRO,1,9,2,192.77,810.0,-103.3,,,1970.9,,,-100.0,22.0,95
64.496,GIRO,1,9,2,192.77,810.0,-103.3,,,2074.0,,,-100.0,22.0,95
64.521,GIRO,1,9,2,192.77,810.0,-103.3,,,2130.7,,,-100.0,22.0,95
64.546,GIRO,1,9,2,192.77,810.0,-103.3,,,2161.9,,,-100.0,22.0,95
64.571,GIRO,1,9,2,192.77,810.0,-103.3,,,2179.0,,,-100.0,22.0,95
64.596,GIRO,1,9,2,192.77,810.0,-103.3,,,2188.5,,,-100.0,22.0,94
64.621,GIRO,1,9,2,192.77,810.0,-103.3,,,2193.7,,,-100.0,22.0,94
64.646,GIRO,1,9,2,192.77,810.0,-103.3,,,2196.5,,,-100.0,22.0,94
64.672,GIRO,1,9,2,192.76,810.0,-103.29,,,2198.1,,,-100.0,22.0,94
64.696,GIRO,1,9,2,192.76,810.0,-103.29,,,2198.9,,,-100.0,22.0,94
64.721,GIRO,1,9,2,192.76,810.0,-103.29,,,2199.4,,,-100.0,22.0,94
64.746,GIRO,1,9,2,192.74,810.0,-103.27,,,2199.7,,,-100.0,22.0,94
64.771,GIRO,1,9,2,192.74,810.0,-103.27,,,2199.8,,,-100.0,22.0,94
64.797,GIRO,1,9,2,192.74,810.0,-103.27,,,2199.9,,,-100.0,22.0,94
64.822,GIRO,1,9,2,192.74,810.0,-103.27,,,2199.9,,,-100.0,22.0,94
64.847,GIRO,1,9,2,192.74,810.0,-103.27,,,2200.0,,,-100.0,22.0,94
64.872,GIRO,1,9,2,192.74,810.0,-103.27,,,2200.0,,,-100.0,22.0,94
64.897,GIRO,1,9,2,192.74,810.0,-103.27,,,2200.0,,,-100.0,22.0,94
64.922,GIRO,1,9,2,192.74,810.0,-103.27,,,2200.0,,,-100.0,22.0,94
64.947,GIRO,1,9,2,192.74,810.0,-103.27,,,2200.0,,,-100.0,22.0,94
64.972,GIRO,1,9,2,192.74,810.0,-103.27,,,1580.2,,,-100.0,22.0,95
64.997,GIRO,1,9,2,192.74,810.0,-103.27,,,1239.3,,,-100.0,22.0,95
65.022,GIRO,1,9,2,192.74,810.0,-103.27,,,1051.8,,,-100.0,22.0,95
65.047,GIRO,1,9,2,192.74,810.0,-103.27,,,948.7,,,-100.0,22.0,95
65.072,GIRO,1,9,2,192.74,810.0,-103.27,,,892.0,,,-100.0,22.0,95
65.097,GIRO,1,9,2,192.74,810.0,-103.27,,,860.8,,,-100.0,22.0,95
65.122,SIGUE_MURO,1,9,2,192.74,810.0,-103.27,,,843.6,,,-100.0,24.8,95
65.147,SIGUE_MURO,1,9,2,192.74,810.0,-103.27,,,1454.0,,,-100.0,24.8,92
65.172,SIGUE_MURO,1,9,2,192.74,810.0,-103.27,,,1789.7,,,-100.0,24.8,92
65.197,SIGUE_MURO,1,9,2,192.74,810.0,-103.27,,,1974.3,,,-100.0,24.8,92
65.222,SIGUE_MURO,1,9,2,192.74,810.0,-103.27,,,2075.9,,,-100.0,24.8,92
65.248,SIGUE_MURO,1,9,2,192.74,810.0,-103.27,,,2131.7,,,-100.0,24.8,92
65.273,SIGUE_MURO,1,9,2,192.74,810.0,-103.27,,,2162.5,,,-100.0,24.8,92
65.298,SIGUE_MURO,1,9,2,192.74,810.0,-103.27,,,2179.3,,,-100.0,24.8,92
65.323,SIGUE_MURO,1,9,2,192.74,810.0,-103.27,,,1566.2,,,-100.0,24.8,94
65.348,SIGUE_MURO,1,9,2,192.74,810.0,-103.27,,,1229.0,,,-100.0,24.8,94
65.373,SIGUE_MURO,1,9,2,192.74,810.0,-103.27,,,1043.5,,,-100.0,24.8,94
65.398,SIGUE_MURO,1,9,2,192.74,810.0,-103.27,,,941.5,,,-100.0,24.8,94
65.423,SIGUE_MURO,1,9,2,192.74,810.0,-103.27,,,885.3,,,-100.0,24.8,94
65.449,SIGUE_MURO,1,9,2,192.74,810.0,-103.27,,,854.5,,,-100.0,24.8,94
65.474,SIGUE_MURO,1,9,2,192.74,810.0,-103.27,,,837.5,,,-100.0,24.8,94
65.498,SIGUE_MURO,1,9,2,192.74,810.0,-103.27,,,830.8,,,-100.0,24.8,96
65.523,SIGUE_MURO,1,9,2,192.74,810.0,-103.27,,,827.1,,,-100.0,24.8,96
65.548,SIGUE_MURO,1,9,2,192.74,810.0,-103.27,,,825.1,,,-100.0,24.8,96
65.574,SIGUE_MURO,1,9,2,192.74,810.0,-103.27,,,824.0,,,-100.0,24.8,96
65.599,SIGUE_MURO,1,9,2,192.74,810.0,-103.27,,,823.4,,,-100.0,24.8,96
65.624,SIGUE_MURO,1,9,2,192.74,810.0,-103.27,,,823.1,,,-100.0,24.8,96
65.649,SIGUE_MURO,1,9,2,192.74,810.0,-103.27,,,822.9,,,-100.0,24.8,96
65.674,SIGUE_MURO,1,9,2,192.74,810.0,-103.27,,,822.8,,,-100.0,24.8,96
65.699,SIGUE_MURO,1,9,2,192.74,810.0,-103.27,,,822.7,,,-100.0,24.8,93
65.724,SIGUE_MURO,1,9,2,192.74,810.0,-103.27,,,822.7,,,-100.0,24.8,93
65.749,SIGUE_MURO,1,9,2,192.74,810.0,-103.27,,,822.7,,,-100.0,24.8,93
65.775,SIGUE_MURO,1,9,2,192.74,810.0,-103.27,,,822.7,,,-100.0,24.8,93
65.799,SIGUE_MURO,1,9,2,192.74,810.0,-103.27,,,822.6,,,-100.0,24.8,93
65.824,SIGUE_MURO,1,9,2,192.74,810.0,-103.27,,,822.6,,,-100.0,24.8,93
65.849,SIGUE_MURO,1,9,2,192.74,810.0,-103.27,,,822.6,,,-100.0,24.8,93
65.875,SIGUE_MURO,1,9,2,192.74,810.0,-103.27,,,822.6,,,-100.0,24.8,96
65.899,SIGUE_MURO,1,9,2,192.74,810.0,-103.27,,,822.6,,,-100.0,24.8,96
65.924,SIGUE_MURO,1,9,2,192.74,810.0,-103.27,,,822.6,,,-100.0,24.8,96
65.949,SIGUE_MURO,1,9,2,192.74,810.0,-103.27,,,822.6,,,-100.0,24.8,96
65.974,SIGUE_MURO,1,9,2,192.74,810.0,-103.27,,,822.6,,,-100.0,24.8,96
66.0,SIGUE_MURO,1,9,2,192.74,810.0,-103.27,,,822.6,,,-100.0,24.8,96
66.024,SIGUE_MURO,1,9,2,192.74,810.0,-103.27,,,822.6,,,-100.0,24.8,96
66.05,SIGUE_MURO,1,9,2,192.74,810.0,-103.27,,,822.6,,,-100.0,24.8,96
66.075,SIGUE_MURO,1,9,2,192.74,810.0,-103.27,,,822.6,,,-100.0,24.8,96
66.101,SIGUE_MURO,1,9,2,192.74,810.0,-103.27,,,822.6,,,-100.0,24.8,96
66.125,SIGUE_MURO,1,9,2,192.74,810.0,-103.27,,,822.6,,,-100.0,24.8,96
66.15,SIGUE_MURO,1,9,2,192.74,810.0,-103.27,,,822.6,,,-100.0,24.8,96
66.175,SIGUE_MURO,1,9,2,192.74,810.0,-103.27,,,822.6,,,-100.0,24.8,96
66.2,SIGUE_MURO,1,9,2,192.74,810.0,-103.27,,,822.6,,,-100.0,24.8,96
66.225,SIGUE_MURO,1,9,2,192.74,810.0,-103.27,,,822.6,,,-100.0,24.8,94
66.25,SIGUE_MURO,1,9,2,192.74,810.0,-103.27,,,822.6,,,-100.0,24.8,94
66.275,SIGUE_MURO,1,9,2,192.74,810.0,-103.27,,,822.6,,,-100.0,24.8,94
66.3,SIGUE_MURO,1,9,2,192.74,810.0,-103.27,,,822.6,,,-100.0,24.8,94
66.326,SIGUE_MURO,1,9,2,192.74,810.0,-103.27,,,822.6,,,-100.0,24.8,94
66.35,SIGUE_MURO,1,9,2,192.74,810.0,-103.27,,,822.6,,,-100.0,24.8,94
66.375,SIGUE_MURO,1,9,2,192.74,810.0,-103.27,,,822.6,,,-100.0,24.8,94
66.4,SIGUE_MURO,1,9,2,192.74,810.0,-103.27,,,1442.5,,,-100.0,24.8,96
66.426,SIGUE_MURO,1,9,2,192.74,810.0,-103.27,,,1783.3,,,-100.0,24.8,96
66.451,SIGUE_MURO,1,9,2,192.74,810.0,-103.27,,,1970.8,,,-100.0,24.8,96
66.476,SIGUE_MURO,1,9,2,192.74,810.0,-103.27,,,2074.0,,,-100.0,24.8,96
66.501,SIGUE_MURO,1,9,2,192.74,810.0,-103.27,,,2130.7,,,-100.0,24.8,96
66.526,SIGUE_MURO,1,9,2,192.74,810.0,-103.27,,,2161.9,,,-100.0,24.8,96
66.552,SIGUE_MURO,1,9,2,192.74,810.0,-103.27,,,2179.0,,,-100.0,24.8,96
66.576,SIGUE_MURO,1,9,2,192.74,810.0,-103.27,,,2188.5,,,-100.0,24.8,96
66.601,SIGUE_MURO,1,9,2,192.74,810.0,-103.27,,,2193.7,,,-100.0,24.8,97
66.626,SIGUE_MURO,1,9,2,192.74,810.0,-103.27,,,2196.5,,,-100.0,24.8,97
66.651,SIGUE_MURO,1,9,2,192.74,810.0,-103.27,,,2198.1,,,-100.0,24.8,97
66.676,SIGUE_MURO,1,9,2,192.74,810.0,-103.27,,,2198.9,,,-100.0,24.8,97
66.701,SIGUE_MURO,1,9,2,192.74,810.0,-103.27,,,2199.4,,,-100.0,24.8,97
66.726,SIGUE_MURO,1,9,2,192.74,810.0,-103.27,,,2199.7,,,-100.0,24.8,97
66.751,SIGUE_MURO,1,9,2,192.73,810.0,-103.26,,,2199.8,,,-100.0,24.8,97
66.777,SIGUE_MURO,1,9,2,192.73,810.0,-103.26,,,2199.9,,,-100.0,24.8,98
66.801,SIGUE_MURO,1,9,2,192.73,810.0,-103.26,,,2199.9,,,-100.0,24.8,98
66.826,SIGUE_MURO,1,9,2,192.73,810.0,-103.26,,,2200.0,,,-100.0,24.8,98
66.851,SIGUE_MURO,1,9,2,192.73,810.0,-103.26,,,2200.0,,,-100.0,24.8,98
66.877,SIGUE_MURO,1,9,2,192.73,810.0,-103.26,,,2200.0,,,-100.0,24.8,98
66.902,SIGUE_MURO,1,9,2,192.73,810.0,-103.26,,,2200.0,,,-100.0,24.8,98
66.927,SIGUE_MURO,1,9,2,192.73,810.0,-103.26,,,2200.0,,,-100.0,24.8,98
66.952,SIGUE_MURO,1,9,2,192.73,810.0,-103.26,,,1585.6,,,-100.0,24.8,101
66.977,SIGUE_MURO,1,9,2,192.73,810.0,-103.26,,,1247.7,,,-100.0,24.8,101
67.002,SIGUE_MURO,1,9,2,192.73,810.0,-103.26,,,1061.8,,,-100.0,24.8,101
67.027,SIGUE_MURO,1,9,2,192.73,810.0,-103.26,,,959.6,,,-100.0,24.8,101
67.052,SIGUE_MURO,1,9,2,192.73,810.0,-103.26,,,903.4,,,-100.0,24.8,101
67.077,SIGUE_MURO,1,9,2,192.73,810.0,-103.26,,,872.4,,,-100.0,24.8,101
67.102,SIGUE_MURO,1,9,2,192.73,810.0,-103.26,,,855.4,,,-100.0,24.8,101
67.127,SIGUE_MURO,1,9,2,192.73,810.0,-103.26,,,840.7,,,-100.0,24.8,95
67.152,SIGUE_MURO,1,9,2,192.73,810.0,-103.26,,,832.6,,,-100.0,24.8,95
67.177,SIGUE_MURO,1,9,2,192.73,810.0,-103.26,,,828.1,,,-100.0,24.8,95
67.204,SIGUE_MURO,1,9,2,192.73,810.0,-103.26,,,825.6,,,-100.0,24.8,95
67.227,SIGUE_MURO,1,9,2,192.73,810.0,-103.26,,,824.3,,,-100.0,24.8,95
67.252,SIGUE_MURO,1,9,2,192.73,810.0,-103.26,,,823.5,,,-100.0,24.8,95
67.277,SIGUE_MURO,1,9,2,192.73,810.0,-103.26,,,823.1,,,-100.0,24.8,95
67.303,SIGUE_MURO,1,9,2,192.73,810.0,-103.26,,,822.9,,,-100.0,24.8,95
67.328,SIGUE_MURO,1,9,2,192.73,810.0,-103.26,,,822.8,,,-100.0,24.8,96
67.353,SIGUE_MURO,1,9,2,192.73,810.0,-103.26,,,822.7,,,-100.0,24.8,96
67.378,SIGUE_MURO,1,9,2,192.73,810.0,-103.26,,,822.7,,,-100.0,24.8,96
67.403,SIGUE_MURO,1,9,2,192.73,810.0,-103.26,,,822.7,,,-100.0,24.8,96
67.428,SIGUE_MURO,1,9,2,192.73,810.0,-103.26,,,822.7,,,-100.0,24.8,96
67.453,SIGUE_MURO,1,9,2,192.73,810.0,-103.26,,,822.6,,,-100.0,24.8,96
67.478,SIGUE_MURO,1,9,2,192.73,810.0,-103.26,,,822.6,,,-100.0,24.8,96
67.503,SIGUE_MURO,1,9,2,192.73,810.0,-103.26,,,822.6,,,-100.0,24.8,98
67.528,SIGUE_MURO,1,9,2,192.73,810.0,-103.26,,,822.6,,,-100.0,24.8,98
67.553,SIGUE_MURO,1,9,2,192.73,810.0,-103.26,,,822.6,,,-100.0,24.8,98
67.578,SIGUE_MURO,1,9,2,192.73,810.0,-103.26,,,822.6,,,-100.0,24.8,98
67.603,SIGUE_MURO,1,9,2,192.73,810.0,-103.26,,,822.6,,,-100.0,24.8,98
67.628,SIGUE_MURO,1,9,2,192.73,810.0,-103.26,,,822.6,,,-100.0,24.8,98
67.653,SIGUE_MURO,1,9,2,192.73,810.0,-103.26,,,822.6,,,-100.0,24.8,98
67.679,SIGUE_MURO,1,9,2,192.73,810.0,-103.26,,,760.9,,,-100.0,24.8,96
67.704,SIGUE_MURO,1,9,2,192.73,810.0,-103.26,,,726.9,,,-100.0,24.4,96
67.729,GIRO,1,10,2,192.73,900.0,-13.26,,,708.2,,,-89.5,22.0,96
67.754,GIRO,1,10,2,192.73,900.0,-13.26,,,697.9,,,-79.0,22.0,96
67.779,GIRO,1,10,2,192.73,900.0,-13.26,,,692.3,,,-68.4,22.1,96
67.804,GIRO,1,10,2,192.73,900.0,-13.26,,,689.2,,,-57.9,23.7,96
67.829,GIRO,1,10,2,192.73,900.0,-13.26,,,687.5,,,-47.4,25.2,96
67.855,GIRO,1,10,2,192.73,900.0,-13.26,,,748.3,,,-36.9,26.7,97
67.879,GIRO,1,10,2,192.73,900.0,-13.26,,,781.7,,,-31.8,27.4,97
67.904,GIRO,1,10,2,192.73,900.0,-13.26,,,800.2,,,-31.8,27.4,97
67.929,GIRO,1,10,2,192.73,900.0,-13.26,,,810.3,,,-31.8,27.4,97
67.954,GIRO,1,10,2,192.73,900.0,-13.26,,,815.8,,,-31.8,27.4,97
67.98,GIRO,1,10,2,192.75,900.0,-13.28,,,818.9,,,-31.9,27.4,97
68.004,GIRO,1,10,2,192.75,900.0,-13.28,,,820.6,,,-31.9,27.4,97
68.029,GIRO,1,10,2,192.75,900.0,-13.28,,,1441.3,,,-31.9,27.4,99
68.054,GIRO,1,10,2,193.11,900.0,-13.64,,,1782.7,,,-32.7,27.3,99
68.08,GIRO,1,10,2,193.11,900.0,-13.64,,,1970.5,,,-32.7,27.3,99
68.105,GIRO,1,10,2,193.42,900.0,-13.95,,,2073.8,,,-33.5,27.2,99
68.13,GIRO,1,10,2,193.42,900.0,-13.95,,,2130.6,,,-33.5,27.2,99
68.155,GIRO,1,10,2,193.55,900.0,-14.08,,,2161.8,,,-33.8,27.1,99
68.18,GIRO,1,10,2,193.55,900.0,-14.08,,,2179.0,,,-33.8,27.1,99
68.205,GIRO,1,10,2,193.6,900.0,-14.13,,,2188.4,,,-33.9,27.1,99
68.23,GIRO,1,10,2,193.6,900.0,-14.13,,,2193.6,,,-33.9,27.1,96
68.255,GIRO,1,10,2,193.6,900.0,-14.13,,,2196.5,,,-33.9,27.1,96
68.28,GIRO,1,10,2,193.6,900.0,-14.13,,,2198.1,,,-33.9,27.1,96
68.306,GIRO,1,10,2,193.6,900.0,-14.13,,,2198.9,,,-33.9,27.1,96
68.33,GIRO,1,10,2,193.6,900.0,-14.13,,,2199.4,,,-33.9,27.1,96
68.355,GIRO,1,10,2,193.6,900.0,-14.13,,,2199.7,,,-33.9,27.1,96
68.38,GIRO,1,10,2,193.6,900.0,-14.13,,,2199.8,,,-33.9,27.1,96
68.406,GIRO,1,10,2,193.6,900.0,-14.13,,,1574.8,,,-33.9,27.1,99
68.43,GIRO,1,10,2,193.6,900.0,-14.13,,,1231.1,,,-33.9,27.1,99
68.455,GIRO,1,10,2,193.6,900.0,-14.13,,,1042.1,,,-33.9,27.1,99
68.481,GIRO,1,10,2,193.6,900.0,-14.13,,,938.1,,,-33.9,27.1,99
68.505,GIRO,1,10,2,193.6,900.0,-14.13,,,880.9,,,-33.9,27.1,99
68.531,GIRO,1,10,2,193.6,900.0,-14.13,,,849.4,,,-33.9,27.1,99
68.556,GIRO,1,10,2,193.6,900.0,-14.13,,,832.1,,,-33.9,27.1,99
68.581,GIRO,1,10,2,193.6,900.0,-14.13,,,1447.7,,,-33.9,27.1,96
68.606,GIRO,1,10,2,193.6,900.0,-14.13,,,1786.2,,,-33.9,27.1,96
68.632,GIRO,1,10,2,193.6,900.0,-14.13,,,1972.4,,,-33.9,27.1,96
68.656,GIRO,1,10,2,193.6,900.0,-14.13,,,2074.8,,,-33.9,27.1,96
68.681,GIRO,1,10,2,193.6,900.0,-14.13,,,2131.2,,,-33.9,27.1,96
68.706,GIRO,1,10,2,193.6,900.0,-14.13,,,2162.1,,,-33.9,27.1,96
68.731,GIRO,1,10,2,193.6,900.0,-14.13,,,2179.2,,,-33.9,27.1,96
68.756,GIRO,1,10,2,193.6,900.0,-14.13,,,2188.5,,,-33.9,27.1,95
68.781,GIRO,1,10,2,193.6,900.0,-14.13,,,2193.7,,,-33.9,27.1,95
68.806,GIRO,1,10,2,193.6,900.0,-14.13,,,2196.5,,,-33.9,27.1,95
68.831,GIRO,1,10,2,193.6,900.0,-14.13,,,2198.1,,,-33.9,27.1,95
68.857,GIRO,1,10,2,193.6,900.0,-14.13,,,2199.0,,,-33.9,27.1,95
68.881,GIRO,1,10,2,193.6,900.0,-14.13,,,2199.4,,,-33.9,27.1,95
68.906,GIRO,1,10,2,193.6,900.0,-14.13,,,2199.7,,,-33.9,27.1,95
68.932,GIRO,1,10,2,193.6,900.0,-14.13,,,1514.6,,,-33.9,27.1,98
68.957,GIRO,1,10,2,193.6,900.0,-14.13,,,1137.8,,,-33.9,27.1,98
68.982,GIRO,1,10,2,193.6,900.0,-14.13,,,930.6,,,-33.9,27.1,98
69.007,GIRO,1,10,2,193.6,900.0,-14.13,,,816.6,,,-33.9,27.1,98
69.032,GIRO,1,10,2,193.6,900.0,-14.13,,,754.0,,,-33.9,27.1,98
69.057,GIRO,1,10,2,193.6,900.0,-14.13,,,719.5,,,-33.9,27.1,98
69.082,GIRO,1,10,2,193.6,900.0,-14.13,,,700.5,,,-33.9,27.1,98
69.107,GIRO,1,10,2,193.6,900.0,-14.13,,,690.1,,,-33.9,27.1,98
69.132,GIRO,1,10,2,193.6,900.0,-14.13,,,1369.5,,,-33.9,27.1,98
69.157,GIRO,1,10,2,193.6,900.0,-14.13,,,1743.3,,,-33.9,27.1,98
69.182,GIRO,1,10,2,193.6,900.0,-14.13,,,1948.8,,,-33.9,27.1,98
69.207,GIRO,1,10,2,193.6,900.0,-14.13,,,2061.8,,,-33.9,27.1,98
69.232,GIRO,1,10,2,193.6,900.0,-14.13,,,2124.0,,,-33.9,27.1,98
69.257,GIRO,1,10,2,193.6,900.0,-14.13,,,2158.2,,,-33.9,27.1,98
69.284,GIRO,1,10,2,193.6,900.0,-14.13,,,2177.0,,,-33.9,27.1,98
69.308,GIRO,1,10,2,193.6,900.0,-14.13,,,1500.4,,,-33.9,27.1,94
69.333,GIRO,1,10,2,193.6,900.0,-14.13,,,1128.2,,,-33.9,27.1,94
69.358,GIRO,1,10,2,193.6,900.0,-14.13,,,923.6,,,-33.9,27.1,94
69.383,GIRO,1,10,2,193.6,900.0,-14.13,,,811.0,,,-33.9,27.1,94
69.408,GIRO,1,10,2,193.6,900.0,-14.13,,,749.1,,,-33.9,27.1,94
69.433,GIRO,1,10,2,193.6,900.0,-14.13,,,715.0,,,-33.9,27.1,94
69.458,GIRO,1,10,2,193.6,900.0,-14.13,,,696.3,,,-33.9,27.1,94
69.483,GIRO,1,10,2,193.6,900.0,-14.13,,,1373.0,,,-33.9,27.1,98
69.508,GIRO,1,10,2,193.6,900.0,-14.13,,,1745.1,,,-33.9,27.1,98
69.533,GIRO,1,10,2,193.6,900.0,-14.13,,,1949.8,,,-33.9,27.1,98
69.558,GIRO,1,10,2,193.6,900.0,-14.13,,,2062.4,,,-33.9,27.1,98
69.583,GIRO,1,10,2,193.6,900.0,-14.13,,,2124.3,,,-33.9,27.1,98
69.608,GIRO,1,10,2,193.6,900.0,-14.13,,,2158.4,,,-33.9,27.1,98
69.633,GIRO,1,10,2,193.6,900.0,-14.13,,,2177.1,,,-33.9,27.1,98
69.658,GIRO,1,10,2,193.6,900.0,-14.13,,,2187.4,,,-33.9,27.1,95
69.683,GIRO,1,10,2,193.6,900.0,-14.13,,,2193.1,,,-33.9,27.1,95
69.708,GIRO,1,10,2,193.6,900.0,-14.13,,,2196.2,,,-33.9,27.1,95
69.733,GIRO,1,10,2,193.6,900.0,-14.13,,,2197.9,,,-33.9,27.1,95
69.758,GIRO,1,10,2,193.6,900.0,-14.13,,,2198.8,,,-33.9,27.1,95
69.784,GIRO,1,10,2,193.6,900.0,-14.13,,,2199.4,,,-33.9,27.1,95
69.808,GIRO,1,10,2,193.6,900.0,-14.13,,,2199.7,,,-33.9,27.1,95
69.834,GIRO,1,10,2,193.6,900.0,-14.13,,,2199.8,,,-33.9,27.1,95
69.859,GIRO,1,10,2,193.6,900.0,-14.13,,,2199.9,,,-33.9,27.1,95
69.884,GIRO,1,10,2,193.6,900.0,-14.13,,,2199.9,,,-33.9,27.1,95
69.909,GIRO,1,10,2,193.6,900.0,-14.13,,,2200.0,,,-33.9,27.1,95
69.934,GIRO,1,10,2,193.6,900.0,-14.13,,,2200.0,,,-33.9,27.1,95
69.959,GIRO,1,10,2,193.6,900.0,-14.13,,,2200.0,,,-33.9,27.1,95
69.984,GIRO,1,10,2,193.6,900.0,-14.13,,,2200.0,,,-33.9,27.1,95
70.009,GIRO,1,10,2,193.6,900.0,-14.13,,,2200.0,,,-33.9,27.1,95
70.034,GIRO,1,10,2,193.6,900.0,-14.13,,,2200.0,,,-33.9,27.1,96
70.059,GIRO,1,10,2,193.6,900.0,-14.13,,,2200.0,,,-33.9,27.1,96
70.085,GIRO,1,10,2,193.6,900.0,-14.13,,,2200.0,,,-33.9,27.1,96
70.109,GIRO,1,10,2,193.6,900.0,-14.13,,,2200.0,,,-33.9,27.1,96
70.134,GIRO,1,10,2,193.6,900.0,-14.13,,,2200.0,,,-33.9,27.1,96
70.159,GIRO,1,10,2,193.6,900.0,-14.13,,,2200.0,,,-33.9,27.1,96
70.185,GIRO,1,10,2,193.6,900.0,-14.13,,,2200.0,,,-33.9,27.1,96
70.21,GIRO,1,10,2,193.6,900.0,-14.13,,,1514.8,,,-33.9,27.1,94
70.235,GIRO,1,10,2,193.6,900.0,-14.13,,,1137.9,,,-33.9,27.1,94
70.26,GIRO,1,10,2,193.6,900.0,-14.13,,,930.7,,,-33.9,27.1,94
70.285,GIRO,1,10,2,193.6,900.0,-14.13,,,816.7,,,-33.9,27.1,94
70.31,GIRO,1,10,2,193.6,900.0,-14.13,,,754.0,,,-33.9,27.1,94
70.335,GIRO,1,10,2,193.6,900.0,-14.13,,,719.5,,,-33.9,27.1,94
70.36,GIRO,1,10,2,193.6,900.0,-14.13,,,700.5,,,-33.9,27.1,94
70.385,GIRO,1,10,2,193.58,900.0,-14.11,,,1375.3,,,-33.9,27.1,96
70.41,GIRO,1,10,2,193.58,900.0,-14.11,,,1746.4,,,-33.9,27.1,96
70.435,GIRO,1,10,2,193.58,900.0,-14.11,,,1950.5,,,-33.9,27.1,96
70.46,GIRO,1,10,2,193.58,900.0,-14.11,,,2062.8,,,-33.9,27.1,96
70.485,GIRO,1,10,2,193.58,900.0,-14.11,,,2124.5,,,-33.9,27.1,96
70.51,GIRO,1,10,2,193.58,900.0,-14.11,,,2158.5,,,-33.9,27.1,96
70.535,GIRO,1,10,2,193.58,900.0,-14.11,,,2177.2,,,-33.9,27.1,96
70.56,GIRO,1,10,2,193.58,900.0,-14.11,,,1562.4,,,-33.9,27.1,97
70.585,GIRO,1,10,2,193.58,900.0,-14.11,,,1224.3,,,-33.9,27.1,97
70.61,GIRO,1,10,2,193.58,900.0,-14.11,,,1038.3,,,-33.9,27.1,97
70.636,GIRO,1,10,2,193.58,900.0,-14.11,,,936.0,,,-33.9,27.1,97
70.661,GIRO,1,10,2,193.58,900.0,-14.11,,,879.7,,,-33.9,27.1,97
70.686,GIRO,1,10,2,193.58,900.0,-14.11,,,848.8,,,-33.9,27.1,97
70.711,GIRO,1,10,2,193.58,900.0,-14.11,,,831.8,,,-33.9,27.1,97
70.738,GIRO,1,10,2,193.58,900.0,-14.11,,,822.4,,,-33.9,27.1,97
70.761,GIRO,1,10,2,193.57,900.0,-14.1,,,1442.3,,,-33.8,27.1,99
70.786,GIRO,1,10,2,193.57,900.0,-14.1,,,1783.3,,,-33.8,27.1,99
70.811,GIRO,1,10,2,193.57,900.0,-14.1,,,1970.8,,,-33.8,27.1,99
70.836,GIRO,1,10,2,193.57,900.0,-14.1,,,2073.9,,,-33.8,27.1,99
70.861,GIRO,1,10,2,193.57,900.0,-14.1,,,2130.7,,,-33.8,27.1,99
70.886,GIRO,1,10,2,193.57,900.0,-14.1,,,2161.9,,,-33.8,27.1,99
70.911,GIRO,1,10,2,193.57,900.0,-14.1,,,2179.0,,,-33.8,27.1,99
70.937,GIRO,1,10,2,193.57,900.0,-14.1,,,2188.5,,,-33.8,27.1,97
70.961,GIRO,1,10,2,193.57,900.0,-14.1,,,2193.7,,,-33.8,27.1,97
70.986,GIRO,1,10,2,193.57,900.0,-14.1,,,2196.5,,,-33.8,27.1,97
71.011,GIRO,1,10,2,193.57,900.0,-14.1,,,2198.1,,,-33.8,27.1,97
71.036,GIRO,1,10,2,193.57,900.0,-14.1,,,2198.9,,,-33.8,27.1,97
71.063,GIRO,1,10,2,193.57,900.0,-14.1,,,2199.4,,,-33.8,27.1,97
71.087,GIRO,1,10,2,193.57,900.0,-14.1,,,2199.7,,,-33.8,27.1,97
71.112,GIRO,1,10,2,193.57,900.0,-14.1,,,2199.8,,,-33.8,27.1,94
71.137,GIRO,1,10,2,193.57,900.0,-14.1,,,2199.9,,,-33.8,27.1,94
71.162,GIRO,1,10,2,193.57,900.0,-14.1,,,2199.9,,,-33.8,27.1,94
71.187,GIRO,1,10,2,193.57,900.0,-14.1,,,2200.0,,,-33.8,27.1,94
71.212,GIRO,1,10,2,193.57,900.0,-14.1,,,2200.0,,,-33.8,27.1,94
71.237,GIRO,1,10,2,193.57,900.0,-14.1,,,2200.0,,,-33.8,27.1,94
71.262,GIRO,1,10,2,193.57,900.0,-14.1,,,2200.0,,,-33.8,27.1,94
71.287,GIRO,1,10,2,193.57,900.0,-14.1,,,2200.0,,,-33.8,27.1,94
71.312,GIRO,1,10,2,193.57,900.0,-14.1,,,2200.0,,,-33.8,27.1,94
71.337,GIRO,1,10,2,193.57,900.0,-14.1,,,2200.0,,,-33.8,27.1,94
71.362,GIRO,1,10,2,193.57,900.0,-14.1,,,2200.0,,,-33.8,27.1,94
71.388,GIRO,1,10,2,193.57,900.0,-14.1,,,2200.0,,,-33.8,27.1,94
71.412,GIRO,1,10,2,193.57,900.0,-14.1,,,2200.0,,,-33.8,27.1,94
71.437,GIRO,1,10,2,193.57,900.0,-14.1,,,2200.0,,,-33.8,27.1,94
71.463,GIRO,1,10,2,193.57,900.0,-14.1,,,2200.0,,,-33.8,27.1,94
71.488,GIRO,1,10,2,193.57,900.0,-14.1,,,2200.0,,,-33.8,27.1,95
71.513,GIRO,1,10,2,193.57,900.0,-14.1,,,2200.0,,,-33.8,27.1,95
71.538,GIRO,1,10,2,193.57,900.0,-14.1,,,2200.0,,,-33.8,27.1,95
71.563,GIRO,1,10,2,193.57,900.0,-14.1,,,2200.0,,,-33.8,27.1,95
71.588,GIRO,1,10,2,193.57,900.0,-14.1,,,2200.0,,,-33.8,27.1,95
71.614,GIRO,1,10,2,193.57,900.0,-14.1,,,2200.0,,,-33.8,27.1,95
71.638,GIRO,1,10,2,193.57,900.0,-14.1,,,2200.0,,,-33.8,27.1,95
71.663,GIRO,1,10,2,193.57,900.0,-14.1,,,2200.0,,,-33.8,27.1,97
71.688,GIRO,1,10,2,193.57,900.0,-14.1,,,2200.0,,,-33.8,27.1,97
71.713,GIRO,1,10,2,193.57,900.0,-14.1,,,2200.0,,,-33.8,27.1,97
71.738,GIRO,1,10,2,193.57,900.0,-14.1,,,2200.0,,,-33.8,27.1,97
71.763,GIRO,1,10,2,193.57,900.0,-14.1,,,2200.0,,,-33.8,27.1,97
71.788,GIRO,1,10,2,193.57,900.0,-14.1,,,2200.0,,,-33.8,27.1,97
71.813,GIRO,1,10,2,193.57,900.0,-14.1,,,2200.0,,,-33.8,27.1,97
71.839,GIRO,1,10,2,193.57,900.0,-14.1,,,1514.8,,,-33.8,27.1,97
71.864,GIRO,1,10,2,193.57,900.0,-14.1,,,1137.9,,,-33.8,27.1,97
71.889,GIRO,1,10,2,193.57,900.0,-14.1,,,930.7,,,-33.8,27.1,97
71.914,GIRO,1,10,2,193.57,900.0,-14.1,,,816.7,,,-33.8,27.1,97
71.939,GIRO,1,10,2,193.57,900.0,-14.1,,,754.0,,,-33.8,27.1,97
71.964,GIRO,1,10,2,193.57,900.0,-14.1,,,719.5,,,-33.8,27.1,97
71.989,GIRO,1,10,2,193.57,900.0,-14.1,,,700.5,,,-33.8,27.1,97
72.014,GIRO,1,10,2,193.57,900.0,-14.1,,,690.1,,,-33.8,27.1,93
72.04,GIRO,1,10,2,193.57,900.0,-14.1,,,684.4,,,-33.8,27.1,93
72.064,GIRO,1,10,2,193.57,900.0,-14.1,,,681.2,,,-33.8,27.1,93
72.089,GIRO,1,10,2,193.57,900.0,-14.1,,,679.5,,,-33.8,27.1,93
72.114,GIRO,1,10,2,193.57,900.0,-14.1,,,678.5,,,-33.8,27.1,93
72.139,GIRO,1,10,2,193.57,900.0,-14.1,,,678.0,,,-33.8,27.1,93
72.165,GIRO,1,10,2,193.57,900.0,-14.1,,,677.7,,,-33.8,27.1,93
72.19,GIRO,1,10,2,193.57,900.0,-14.1,,,1362.7,,,-33.8,27.1,96
72.215,GIRO,1,10,2,193.57,900.0,-14.1,,,1739.5,,,-33.8,27.1,96
72.24,SIGUE_MURO,1,10,2,193.57,900.0,-14.1,,,1946.7,,,-33.8,38.1,96
72.265,SIGUE_MURO,1,10,2,193.57,900.0,-14.1,,,2060.7,,,-33.8,38.1,96
72.29,SIGUE_MURO,1,10,2,193.57,900.0,-14.1,,,2123.4,,,-33.8,38.1,96
72.315,SIGUE_MURO,1,10,2,193.57,900.0,-14.1,,,2157.9,,,-33.8,38.1,96
72.34,SIGUE_MURO,1,10,2,193.57,900.0,-14.1,,,2176.8,,,-33.8,38.1,96
72.365,SIGUE_MURO,1,10,2,193.57,900.0,-14.1,,,2187.3,,,-33.8,38.1,96
72.39,SIGUE_MURO,1,10,2,193.57,900.0,-14.1,,,2193.0,,,-33.8,38.1,96
72.415,SIGUE_MURO,1,10,2,193.57,900.0,-14.1,,,2196.1,,,-33.8,38.1,96
72.44,SIGUE_MURO,1,10,2,193.57,900.0,-14.1,,,2197.9,,,-33.8,38.1,96
72.465,SIGUE_MURO,1,10,2,193.57,900.0,-14.1,,,2198.8,,,-33.8,38.1,96
72.491,SIGUE_MURO,1,10,2,193.57,900.0,-14.1,,,2199.4,,,-33.8,38.1,96
72.515,SIGUE_MURO,1,10,2,193.57,900.0,-14.1,,,2199.6,,,-33.8,38.1,96
72.54,SIGUE_MURO,1,10,2,193.57,900.0,-14.1,,,2199.8,,,-33.8,38.1,96
72.566,SIGUE_MURO,1,10,2,193.57,900.0,-14.1,,,1514.7,,,-33.8,38.1,96
72.591,SIGUE_MURO,1,10,2,193.57,900.0,-14.1,,,1137.9,,,-33.8,38.1,96
72.616,SIGUE_MURO,1,10,2,193.57,900.0,-14.1,,,930.6,,,-33.8,38.1,96
72.641,SIGUE_MURO,1,10,2,193.57,900.0,-14.1,,,816.7,,,-33.8,38.1,96
72.666,SIGUE_MURO,1,10,2,193.57,900.0,-14.1,,,754.0,,,-33.8,38.1,96
72.691,SIGUE_MURO,1,10,2,193.57,900.0,-14.1,,,719.5,,,-33.8,37.4,96
72.716,SIGUE_MURO,1,10,2,193.57,900.0,-14.1,,,700.5,,,-33.8,36.9,96
72.741,SIGUE_MURO,1,10,2,193.57,900.0,-14.1,,,690.1,,,-33.8,36.7,96
72.766,SIGUE_MURO,1,10,2,193.57,900.0,-14.1,,,684.4,,,-33.8,36.5,96
72.791,SIGUE_MURO,1,10,2,193.57,900.0,-14.1,,,681.2,,,-33.8,36.5,96
72.816,SIGUE_MURO,1,10,2,193.57,900.0,-14.1,,,679.5,,,-33.8,36.4,96
72.841,SIGUE_MURO,1,10,2,193.57,900.0,-14.1,,,678.5,,,-33.8,36.4,96
72.866,SIGUE_MURO,1,10,2,193.57,900.0,-14.1,,,678.0,,,-33.8,36.4,96
72.891,SIGUE_MURO,1,10,2,193.57,900.0,-14.1,,,677.7,,,-33.8,36.4,96
72.916,SIGUE_MURO,1,10,2,193.57,900.0,-14.1,,,677.5,,,-33.8,36.4,95
72.941,SIGUE_MURO,1,10,2,193.57,900.0,-14.1,,,677.4,,,-33.8,36.4,95
72.967,SIGUE_MURO,1,10,2,193.57,900.0,-14.1,,,677.4,,,-33.8,36.4,95
72.991,SIGUE_MURO,1,10,2,193.57,900.0,-14.1,,,677.4,,,-33.8,36.4,95
73.017,SIGUE_MURO,1,10,2,193.57,900.0,-14.1,,,677.4,,,-33.8,36.4,95
73.042,SIGUE_MURO,1,10,2,193.57,900.0,-14.1,,,677.4,,,-33.8,36.4,95
73.067,SIGUE_MURO,1,10,2,193.57,900.0,-14.1,,,677.3,,,-33.8,36.4,95
73.092,SIGUE_MURO,1,10,2,193.57,900.0,-14.1,,,677.3,,,-33.8,36.4,95
73.117,SIGUE_MURO,1,10,2,193.57,900.0,-14.1,,,1362.5,,,-33.8,38.1,95
73.142,SIGUE_MURO,1,10,2,193.57,900.0,-14.1,,,1739.4,,,-33.8,38.1,95
73.167,SIGUE_MURO,1,10,2,193.57,900.0,-14.1,,,1946.7,,,-33.8,38.1,95
73.192,SIGUE_MURO,1,10,2,193.57,900.0,-14.1,,,2060.7,,,-33.8,38.1,95
73.217,SIGUE_MURO,1,10,2,193.57,900.0,-14.1,,,2123.4,,,-33.8,38.1,95
73.242,SIGUE_MURO,1,10,2,193.57,900.0,-14.1,,,2157.9,,,-33.8,38.1,95
73.267,SIGUE_MURO,1,10,2,193.57,900.0,-14.1,,,2176.8,,,-33.8,38.1,95
73.292,SIGUE_MURO,1,10,2,193.57,900.0,-14.1,,,1502.1,,,-33.8,38.1,95
73.317,SIGUE_MURO,1,10,2,193.57,900.0,-14.1,,,1130.9,,,-33.8,38.1,95
73.342,SIGUE_MURO,1,10,2,193.57,900.0,-14.1,,,926.8,,,-33.8,38.1,95
73.369,SIGUE_MURO,1,10,2,193.57,900.0,-14.1,,,814.6,,,-33.8,38.1,95
73.393,SIGUE_MURO,1,10,2,193.57,900.0,-14.1,,,752.8,,,-33.8,38.1,95
73.418,SIGUE_MURO,1,10,2,193.54,900.0,-14.07,,,718.8,,,-33.8,37.4,95
73.443,SIGUE_MURO,1,10,2,193.54,900.0,-14.07,,,700.2,,,-33.8,36.9,95
73.469,SIGUE_MURO,1,10,2,193.51,900.0,-14.04,,,689.9,,,-33.7,36.7,95
73.493,SIGUE_MURO,1,10,2,193.51,900.0,-14.04,,,684.2,,,-33.7,36.6,95
73.518,SIGUE_MURO,1,10,2,193.51,900.0,-14.04,,,681.1,,,-33.7,36.5,95
73.544,SIGUE_MURO,1,10,2,193.51,900.0,-14.04,,,679.4,,,-33.7,36.4,95
73.568,SIGUE_MURO,1,10,2,193.51,900.0,-14.04,,,678.5,,,-33.7,36.4,95
73.594,SIGUE_MURO,1,10,2,193.51,900.0,-14.04,,,678.0,,,-33.7,36.4,95
73.618,SIGUE_MURO,1,10,2,193.51,900.0,-14.04,,,677.7,,,-33.7,36.4,95
73.644,SIGUE_MURO,1,10,2,193.51,900.0,-14.04,,,677.5,,,-33.7,36.4,96
73.668,SIGUE_MURO,1,10,2,193.51,900.0,-14.04,,,677.4,,,-33.7,36.4,96
73.694,SIGUE_MURO,1,10,2,193.51,900.0,-14.04,,,677.4,,,-33.7,36.4,96
73.719,SIGUE_MURO,1,10,2,193.51,900.0,-14.04,,,677.4,,,-33.7,36.4,96
73.744,SIGUE_MURO,1,10,2,193.51,900.0,-14.04,,,677.4,,,-33.7,36.4,96
73.769,SIGUE_MURO,1,10,2,193.51,900.0,-14.04,,,677.4,,,-33.7,36.4,96
73.794,SIGUE_MURO,1,10,2,193.49,900.0,-14.02,,,677.3,,,-33.6,36.4,96
73.819,SIGUE_MURO,1,10,2,193.49,900.0,-14.02,,,675.6,,,-33.6,36.4,95
73.844,GIRO,1,11,2,193.49,990.0,75.98,,,674.6,,,-23.1,28.7,95
73.869,GIRO,1,11,2,193.49,990.0,75.98,,,674.1,,,-12.6,30.2,95
73.894,GIRO,1,11,2,193.49,990.0,75.98,,,673.8,,,-2.1,31.7,95
73.92,GIRO,1,11,2,193.49,990.0,75.98,,,673.6,,,8.5,30.8,95
73.944,GIRO,1,11,2,193.49,990.0,75.98,,,673.5,,,19.0,29.3,95
73.969,GIRO,1,11,2,193.49,990.0,75.98,,,673.5,,,29.5,27.7,95
73.994,GIRO,1,11,2,193.49,990.0,75.98,,,673.4,,,40.0,26.2,95
74.02,GIRO,1,11,2,193.56,990.0,75.91,,,1360.4,,,50.6,24.7,96
74.044,GIRO,1,11,2,193.56,990.0,75.91,,,1738.2,,,61.1,23.2,96
74.069,GIRO,1,11,2,193.61,990.0,75.86,,,1946.0,,,71.6,22.0,96
74.095,GIRO,1,11,2,193.61,990.0,75.86,,,2060.3,,,82.1,22.0,96
74.12,GIRO,1,11,2,194.0,990.0,75.47,,,2123.2,,,92.7,22.0,96
74.145,GIRO,1,11,2,194.0,990.0,75.47,,,2157.7,,,100.0,22.0,96
74.17,GIRO,1,11,2,194.12,990.0,75.35,,,2176.8,,,100.0,22.0,96
74.195,GIRO,1,11,2,194.12,990.0,75.35,,,2187.2,,,100.0,22.0,100
74.22,GIRO,1,11,2,194.12,990.0,75.35,,,2193.0,,,100.0,22.0,100
74.245,GIRO,1,11,2,194.49,990.0,74.98,,,2196.1,,,100.0,22.0,100
74.27,GIRO,1,11,2,194.49,990.0,74.98,,,2197.9,,,100.0,22.0,100
74.295,GIRO,1,11,2,194.29,990.0,75.18,,,2198.8,,,100.0,22.0,100
74.32,GIRO,1,11,2,194.29,990.0,75.18,,,2199.4,,,100.0,22.0,100
74.345,GIRO,1,11,2,194.27,990.0,75.2,,,2199.6,,,100.0,22.0,100
74.37,GIRO,1,11,2,194.27,990.0,75.2,,,2199.8,,,100.0,22.0,98
74.395,GIRO,1,11,2,194.07,990.0,75.4,,,2199.9,,,100.0,22.0,98
74.42,GIRO,1,11,2,194.07,990.0,75.4,,,2199.9,,,100.0,22.0,98
74.445,GIRO,1,11,2,193.45,990.0,76.02,,,2200.0,,,100.0,22.0,98
74.471,GIRO,1,11,2,193.45,990.0,76.02,,,2200.0,,,100.0,22.0,98
74.496,GIRO,1,11,2,192.96,990.0,76.51,,,2200.0,,,100.0,22.0,98
74.52,GIRO,1,11,2,192.96,990.0,76.51,,,2200.0,,,100.0,22.0,98
74.546,GIRO,1,11,2,192.96,990.0,76.51,,,2200.0,,,100.0,22.0,102
74.571,GIRO,1,11,2,192.96,990.0,76.51,,,2200.0,,,100.0,22.0,102
74.596,GIRO,1,11,2,192.96,990.0,76.51,,,2200.0,,,100.0,22.0,102
74.621,GIRO,1,11,2,192.96,990.0,76.51,,,2200.0,,,100.0,22.0,102
74.646,GIRO,1,11,2,192.96,990.0,76.51,,,2200.0,,,100.0,22.0,102
74.671,GIRO,1,11,2,192.96,990.0,76.51,,,2200.0,,,100.0,22.0,102
74.697,GIRO,1,11,2,192.96,990.0,76.51,,,2200.0,,,100.0,22.0,102
74.721,GIRO,1,11,2,192.96,990.0,76.51,,,2200.0,,,100.0,22.0,102
74.746,GIRO,1,11,2,192.96,990.0,76.51,,,2200.0,,,100.0,22.0,102
74.771,GIRO,1,11,2,192.96,990.0,76.51,,,2200.0,,,100.0,22.0,102
74.796,GIRO,1,11,2,192.96,990.0,76.51,,,2200.0,,,100.0,22.0,102
74.821,GIRO,1,11,2,192.96,990.0,76.51,,,2200.0,,,100.0,22.0,102
74.846,GIRO,1,11,2,192.96,990.0,76.51,,,2200.0,,,100.0,22.0,102
74.871,GIRO,1,11,2,192.96,990.0,76.51,,,2200.0,,,100.0,22.0,102
74.896,GIRO,1,11,2,192.96,990.0,76.51,,,2200.0,,,100.0,22.0,102
74.922,GIRO,1,11,2,192.96,990.0,76.51,,,2200.0,,,100.0,22.0,101
74.947,GIRO,1,11,2,192.96,990.0,76.51,,,2200.0,,,100.0,22.0,101
74.972,GIRO,1,11,2,192.96,990.0,76.51,,,2200.0,,,100.0,22.0,101
74.997,GIRO,1,11,2,192.96,990.0,76.51,,,2200.0,,,100.0,22.0,101
75.022,GIRO,1,11,2,192.96,990.0,76.51,,,2200.0,,,100.0,22.0,101
75.047,GIRO,1,11,2,192.96,990.0,76.51,,,2200.0,,,100.0,22.0,101
75.072,GIRO,1,11,2,192.96,990.0,76.51,,,2200.0,,,100.0,22.0,101
75.097,GIRO,1,11,2,192.96,990.0,76.51,,,2200.0,,,100.0,22.0,98
75.122,GIRO,1,11,2,192.96,990.0,76.51,,,2200.0,,,100.0,22.0,98
75.147,GIRO,1,11,2,192.96,990.0,76.51,,,2200.0,,,100.0,22.0,98
75.172,GIRO,1,11,2,192.96,990.0,76.51,,,2200.0,,,100.0,22.0,98
75.197,GIRO,1,11,2,192.96,990.0,76.51,,,2200.0,,,100.0,22.0,98
75.222,GIRO,1,11,2,192.96,990.0,76.51,,,2200.0,,,100.0,22.0,98
75.247,GIRO,1,11,2,192.96,990.0,76.51,,,2200.0,,,100.0,22.0,98
75.272,GIRO,1,11,2,192.96,990.0,76.51,,,2200.0,,,100.0,22.0,99
75.297,GIRO,1,11,2,192.96,990.0,76.51,,,2200.0,,,100.0,22.0,99
75.322,GIRO,1,11,2,192.96,990.0,76.51,,,2200.0,,,100.0,22.0,99
75.348,GIRO,1,11,2,192.96,990.0,76.51,,,2200.0,,,100.0,22.0,99
75.373,GIRO,1,11,2,192.96,990.0,76.51,,,2200.0,,,100.0,22.0,99
75.398,GIRO,1,11,2,192.96,990.0,76.51,,,2200.0,,,100.0,22.0,99
75.423,GIRO,1,11,2,192.96,990.0,76.51,,,2200.0,,,100.0,22.0,99
75.448,GIRO,1,11,2,192.96,990.0,76.51,,,2200.0,,,100.0,22.0,97
75.473,GIRO,1,11,2,192.96,990.0,76.51,,,2200.0,,,100.0,22.0,97
75.498,GIRO,1,11,2,192.96,990.0,76.51,,,2200.0,,,100.0,22.0,97
75.523,GIRO,1,11,2,192.96,990.0,76.51,,,2200.0,,,100.0,22.0,97
75.548,GIRO,1,11,2,192.96,990.0,76.51,,,2200.0,,,100.0,22.0,97
75.573,GIRO,1,11,2,192.96,990.0,76.51,,,2200.0,,,100.0,22.0,97
75.598,GIRO,1,11,2,192.96,990.0,76.51,,,2200.0,,,100.0,22.0,97
75.623,GIRO,1,11,2,192.96,990.0,76.51,,,2200.0,,,100.0,22.0,97
75.648,GIRO,1,11,2,192.96,990.0,76.51,,,2200.0,,,100.0,22.0,104
75.673,GIRO,1,11,2,192.96,990.0,76.51,,,2200.0,,,100.0,22.0,104
75.698,GIRO,1,11,2,192.96,990.0,76.51,,,2200.0,,,100.0,22.0,104
75.723,GIRO,1,11,2,192.96,990.0,76.51,,,2200.0,,,100.0,22.0,104
75.748,GIRO,1,11,2,192.96,990.0,76.51,,,2200.0,,,100.0,22.0,104
75.776,GIRO,1,11,2,192.96,990.0,76.51,,,2200.0,,,100.0,22.0,104
75.8,GIRO,1,11,2,192.96,990.0,76.51,,,2200.0,,,100.0,22.0,104
75.825,GIRO,1,11,2,192.96,990.0,76.51,,,2200.0,,,100.0,22.0,99
75.85,GIRO,1,11,2,192.96,990.0,76.51,,,2200.0,,,100.0,22.0,99
75.874,GIRO,1,11,2,192.96,990.0,76.51,,,2200.0,,,100.0,22.0,99
75.899,GIRO,1,11,2,192.96,990.0,76.51,,,2200.0,,,100.0,22.0,99
75.924,GIRO,1,11,2,192.96,990.0,76.51,,,2200.0,,,100.0,22.0,99
75.949,GIRO,1,11,2,192.96,990.0,76.51,,,2200.0,,,100.0,22.0,99
75.974,GIRO,1,11,2,192.96,990.0,76.51,,,2200.0,,,100.0,22.0,99
75.999,GIRO,1,11,2,192.96,990.0,76.51,,,2200.0,,,100.0,22.0,98
76.024,GIRO,1,11,2,192.96,990.0,76.51,,,2200.0,,,100.0,22.0,98
76.049,GIRO,1,11,2,192.96,990.0,76.51,,,2200.0,,,100.0,22.0,98
76.074,GIRO,1,11,2,192.96,990.0,76.51,,,2200.0,,,100.0,22.0,98
76.099,GIRO,1,11,2,192.96,990.0,76.51,,,2200.0,,,100.0,22.0,98
76.124,GIRO,1,11,2,192.96,990.0,76.51,,,2200.0,,,100.0,22.0,98
76.149,GIRO,1,11,2,192.96,990.0,76.51,,,2200.0,,,100.0,22.0,98
76.175,GIRO,1,11,2,192.96,990.0,76.51,,,2200.0,,,100.0,22.0,100
76.199,GIRO,1,11,2,192.96,990.0,76.51,,,2200.0,,,100.0,22.0,100
76.226,GIRO,1,11,2,192.96,990.0,76.51,,,2200.0,,,100.0,22.0,100
76.25,GIRO,1,11,2,192.96,990.0,76.51,,,2200.0,,,100.0,22.0,100
76.275,GIRO,1,11,2,192.96,990.0,76.51,,,2200.0,,,100.0,22.0,100
76.3,GIRO,1,11,2,192.96,990.0,76.51,,,2200.0,,,100.0,22.0,100
76.326,GIRO,1,11,2,192.96,990.0,76.51,,,2200.0,,,100.0,22.0,100
76.35,GIRO,1,11,2,192.96,990.0,76.51,,,2200.0,,,100.0,22.0,100
76.375,GIRO,1,11,2,192.96,990.0,76.51,,,2200.0,,,100.0,22.0,102
76.4,GIRO,1,11,2,192.96,990.0,76.51,,,2200.0,,,100.0,22.0,102
76.425,GIRO,1,11,2,192.96,990.0,76.51,,,2200.0,,,100.0,22.0,102
76.45,GIRO,1,11,2,192.96,990.0,76.51,,,2200.0,,,100.0,22.0,102
76.476,GIRO,1,11,2,192.96,990.0,76.51,,,2200.0,,,100.0,22.0,102
76.5,GIRO,1,11,2,192.96,990.0,76.51,,,2200.0,,,100.0,22.0,102
76.525,GIRO,1,11,2,192.96,990.0,76.51,,,2200.0,,,100.0,22.0,102
76.551,GIRO,1,11,2,192.96,990.0,76.51,,,2200.0,,,100.0,22.0,99
76.575,GIRO,1,11,2,192.96,990.0,76.51,,,2200.0,,,100.0,22.0,99
76.6,GIRO,1,11,2,192.96,990.0,76.51,,,2200.0,,,100.0,22.0,99
76.626,GIRO,1,11,2,192.96,990.0,76.51,,,2200.0,,,100.0,22.0,99
76.651,GIRO,1,11,2,192.96,990.0,76.51,,,2200.0,,,100.0,22.0,99
76.676,GIRO,1,11,2,192.96,990.0,76.51,,,2200.0,,,100.0,22.0,99
76.701,GIRO,1,11,2,192.96,990.0,76.51,,,2200.0,,,100.0,22.0,99
76.726,GIRO,1,11,2,192.96,990.0,76.51,,,2200.0,,,100.0,22.0,102
76.751,GIRO,1,11,2,192.96,990.0,76.51,,,2200.0,,,100.0,22.0,102
76.777,GIRO,1,11,2,192.96,990.0,76.51,,,2200.0,,,100.0,22.0,102
76.801,GIRO,1,11,2,192.96,990.0,76.51,,,2200.0,,,100.0,22.0,102
76.826,GIRO,1,11,2,192.96,990.0,76.51,,,2200.0,,,100.0,22.0,102
76.851,GIRO,1,11,2,192.96,990.0,76.51,,,2200.0,,,100.0,22.0,102
76.876,GIRO,1,11,2,192.96,990.0,76.51,,,2200.0,,,100.0,22.0,102
76.901,GIRO,1,11,2,192.96,990.0,76.51,,,2200.0,,,100.0,22.0,102
76.926,GIRO,1,11,2,192.96,990.0,76.51,,,2200.0,,,100.0,22.0,102
76.951,GIRO,1,11,2,192.96,990.0,76.51,,,2200.0,,,100.0,22.0,102
76.976,GIRO,1,11,2,192.96,990.0,76.51,,,2200.0,,,100.0,22.0,102
77.003,GIRO,1,11,2,192.96,990.0,76.51,,,2200.0,,,100.0,22.0,102
77.027,GIRO,1,11,2,192.96,990.0,76.51,,,2200.0,,,100.0,22.0,102
77.051,GIRO,1,11,2,192.96,990.0,76.51,,,2200.0,,,100.0,22.0,102
77.077,GIRO,1,11,2,192.96,990.0,76.51,,,2200.0,,,100.0,22.0,101
77.103,GIRO,1,11,2,192.96,990.0,76.51,,,2200.0,,,100.0,22.0,101
77.127,GIRO,1,11,2,192.96,990.0,76.51,,,2200.0,,,100.0,22.0,101
77.152,GIRO,1,11,2,192.96,990.0,76.51,,,2200.0,,,100.0,22.0,101
77.177,GIRO,1,11,2,192.96,990.0,76.51,,,2200.0,,,100.0,22.0,101
77.202,GIRO,1,11,2,192.96,990.0,76.51,,,2200.0,,,100.0,22.0,101
77.228,GIRO,1,11,2,192.96,990.0,76.51,,,2200.0,,,100.0,22.0,101
77.252,GIRO,1,11,2,192.96,990.0,76.51,,,2200.0,,,100.0,22.0,101
77.277,GIRO,1,11,2,192.96,990.0,76.51,,,2200.0,,,100.0,22.0,100
77.302,GIRO,1,11,2,192.96,990.0,76.51,,,2200.0,,,100.0,22.0,100
77.327,GIRO,1,11,2,192.96,990.0,76.51,,,2200.0,,,100.0,22.0,100
77.352,GIRO,1,11,2,192.96,990.0,76.51,,,2200.0,,,100.0,22.0,100
77.377,GIRO,1,11,2,192.96,990.0,76.51,,,2200.0,,,100.0,22.0,100
77.402,GIRO,1,11,2,192.96,990.0,76.51,,,2200.0,,,100.0,22.0,100
77.428,GIRO,1,11,2,192.96,990.0,76.51,,,2200.0,,,100.0,22.0,100
77.453,GIRO,1,11,2,192.96,990.0,76.51,,,2200.0,,,100.0,22.0,96
77.478,GIRO,1,11,2,192.96,990.0,76.51,,,2200.0,,,100.0,22.0,96
77.503,GIRO,1,11,2,192.96,990.0,76.51,,,2200.0,,,100.0,22.0,96
77.528,GIRO,1,11,2,192.96,990.0,76.51,,,2200.0,,,100.0,22.0,96
77.553,GIRO,1,11,2,192.96,990.0,76.51,,,2200.0,,,100.0,22.0,96
77.578,GIRO,1,11,2,192.96,990.0,76.51,,,2200.0,,,100.0,22.0,96
77.603,GIRO,1,11,2,192.96,990.0,76.51,,,2200.0,,,100.0,22.0,96
77.628,GIRO,1,11,2,192.96,990.0,76.51,,,2200.0,,,100.0,22.0,98
77.654,GIRO,1,11,2,192.96,990.0,76.51,,,2200.0,,,100.0,22.0,98
77.678,GIRO,1,11,2,192.96,990.0,76.51,,,2200.0,,,100.0,22.0,98
77.703,GIRO,1,11,2,192.96,990.0,76.51,,,2200.0,,,100.0,22.0,98
77.728,GIRO,1,11,2,192.96,990.0,76.51,,,2200.0,,,100.0,22.0,98
77.753,GIRO,1,11,2,192.96,990.0,76.51,,,2200.0,,,100.0,22.0,98
77.779,GIRO,1,11,2,192.96,990.0,76.51,,,2200.0,,,100.0,22.0,98
77.804,GIRO,1,11,2,192.96,990.0,76.51,,,2200.0,,,100.0,22.0,95
77.829,GIRO,1,11,2,192.96,990.0,76.51,,,2200.0,,,100.0,22.0,95
77.854,GIRO,1,11,2,192.96,990.0,76.51,,,2200.0,,,100.0,22.0,95
77.879,GIRO,1,11,2,192.96,990.0,76.51,,,2200.0,,,100.0,22.0,95
77.904,GIRO,1,11,2,192.96,990.0,76.51,,,2200.0,,,100.0,22.0,95
77.929,GIRO,1,11,2,192.96,990.0,76.51,,,2200.0,,,100.0,22.0,95
77.954,GIRO,1,11,2,192.96,990.0,76.51,,,2200.0,,,100.0,22.0,95
77.979,GIRO,1,11,2,192.96,990.0,76.51,,,2200.0,,,100.0,22.0,95
78.004,GIRO,1,11,2,192.96,990.0,76.51,,,2200.0,,,100.0,22.0,99
78.029,GIRO,1,11,2,192.96,990.0,76.51,,,2200.0,,,100.0,22.0,99
78.054,GIRO,1,11,2,192.96,990.0,76.51,,,2200.0,,,100.0,22.0,99
78.081,GIRO,1,11,2,192.96,990.0,76.51,,,2200.0,,,100.0,22.0,99
78.104,GIRO,1,11,2,192.96,990.0,76.51,,,2200.0,,,100.0,22.0,99
78.129,GIRO,1,11,2,192.96,990.0,76.51,,,2200.0,,,100.0,22.0,99
78.154,GIRO,1,11,2,192.96,990.0,76.51,,,2200.0,,,100.0,22.0,99
78.179,GIRO,1,11,2,192.96,990.0,76.51,,,2200.0,,,100.0,22.0,96
78.204,GIRO,1,11,2,192.96,990.0,76.51,,,2200.0,,,100.0,22.0,96
78.23,GIRO,1,11,2,192.96,990.0,76.51,,,2200.0,,,100.0,22.0,96
78.255,GIRO,1,11,2,192.96,990.0,76.51,,,2200.0,,,100.0,22.0,96
78.28,GIRO,1,11,2,192.96,990.0,76.51,,,2200.0,,,100.0,22.0,96
78.306,GIRO,1,11,2,192.96,990.0,76.51,,,2200.0,,,100.0,22.0,96
78.33,GIRO,1,11,2,192.96,990.0,76.51,,,2200.0,,,100.0,22.0,96
78.355,SIGUE_MURO,1,11,2,192.96,990.0,76.51,,,2200.0,,,100.0,24.8,98
78.38,SIGUE_MURO,1,11,2,192.96,990.0,76.51,,,2200.0,,,100.0,24.8,98
78.405,SIGUE_MURO,1,11,2,192.96,990.0,76.51,,,2200.0,,,100.0,24.8,98
78.431,SIGUE_MURO,1,11,2,192.96,990.0,76.51,,,2200.0,,,100.0,24.8,98
78.455,SIGUE_MURO,1,11,2,192.96,990.0,76.51,,,2200.0,,,100.0,24.8,98
78.48,SIGUE_MURO,1,11,2,192.96,990.0,76.51,,,2200.0,,,100.0,24.8,98
78.505,SIGUE_MURO,1,11,2,192.96,990.0,76.51,,,2200.0,,,100.0,24.8,98
78.532,SIGUE_MURO,1,11,2,192.96,990.0,76.51,,,2200.0,,,100.0,24.8,98
78.556,SIGUE_MURO,1,11,2,192.96,990.0,76.51,,,2200.0,,,100.0,24.8,98
78.581,SIGUE_MURO,1,11,2,192.96,990.0,76.51,,,2200.0,,,100.0,24.8,98
78.606,SIGUE_MURO,1,11,2,192.96,990.0,76.51,,,2200.0,,,100.0,24.8,98
78.631,SIGUE_MURO,1,11,2,192.96,990.0,76.51,,,2200.0,,,100.0,24.8,98
78.656,SIGUE_MURO,1,11,2,192.96,990.0,76.51,,,2200.0,,,100.0,24.8,98
78.681,SIGUE_MURO,1,11,2,192.96,990.0,76.51,,,2200.0,,,100.0,24.8,98
78.706,SIGUE_MURO,1,11,2,192.96,990.0,76.51,,,2200.0,,,100.0,24.8,100
78.731,SIGUE_MURO,1,11,2,192.96,990.0,76.51,,,2200.0,,,100.0,24.8,100
78.757,SIGUE_MURO,1,11,2,192.96,990.0,76.51,,,2200.0,,,100.0,24.8,100
78.782,SIGUE_MURO,1,11,2,192.96,990.0,76.51,,,2200.0,,,100.0,24.8,100
78.807,SIGUE_MURO,1,11,2,192.96,990.0,76.51,,,2200.0,,,100.0,24.8,100
78.832,SIGUE_MURO,1,11,2,192.96,990.0,76.51,,,2200.0,,,100.0,24.8,100
78.857,SIGUE_MURO,1,11,2,192.96,990.0,76.51,,,2200.0,,,100.0,24.8,100
78.882,SIGUE_MURO,1,11,2,192.96,990.0,76.51,,,2200.0,,,100.0,24.8,100
78.907,SIGUE_MURO,1,11,2,192.96,990.0,76.51,,,2200.0,,,100.0,24.8,100
78.932,SIGUE_MURO,1,11,2,192.96,990.0,76.51,,,2200.0,,,100.0,24.8,100
78.957,SIGUE_MURO,1,11,2,192.96,990.0,76.51,,,2200.0,,,100.0,24.8,100
78.982,SIGUE_MURO,1,11,2,192.96,990.0,76.51,,,2200.0,,,100.0,24.8,100
79.007,SIGUE_MURO,1,11,2,192.96,990.0,76.51,,,2200.0,,,100.0,24.8,100
79.032,SIGUE_MURO,1,11,2,192.96,990.0,76.51,,,2200.0,,,100.0,24.8,100
79.057,SIGUE_MURO,1,11,2,192.96,990.0,76.51,,,2200.0,,,100.0,24.8,100
79.083,SIGUE_MURO,1,11,2,192.96,990.0,76.51,,,2200.0,,,100.0,24.8,100
79.107,SIGUE_MURO,1,11,2,192.96,990.0,76.51,,,2200.0,,,100.0,24.8,100
79.132,SIGUE_MURO,1,11,2,192.96,990.0,76.51,,,2200.0,,,100.0,24.8,100
79.157,SIGUE_MURO,1,11,2,192.96,990.0,76.51,,,2200.0,,,100.0,24.8,100
79.183,SIGUE_MURO,1,11,2,192.96,990.0,76.51,,,2200.0,,,100.0,24.8,100
79.208,SIGUE_MURO,1,11,2,192.96,990.0,76.51,,,2200.0,,,100.0,24.8,100
79.233,SIGUE_MURO,1,11,2,192.96,990.0,76.51,,,2200.0,,,100.0,24.8,100
79.258,SIGUE_MURO,1,11,2,192.96,990.0,76.51,,,2200.0,,,100.0,24.8,103
79.283,SIGUE_MURO,1,11,2,192.96,990.0,76.51,,,2200.0,,,100.0,24.8,103
79.309,SIGUE_MURO,1,11,2,192.96,990.0,76.51,,,2200.0,,,100.0,24.8,103
79.333,SIGUE_MURO,1,11,2,192.96,990.0,76.51,,,2200.0,,,100.0,24.8,103
79.358,SIGUE_MURO,1,11,2,192.96,990.0,76.51,,,2200.0,,,100.0,24.8,103
79.383,SIGUE_MURO,1,11,2,192.96,990.0,76.51,,,2200.0,,,100.0,24.8,103
79.409,SIGUE_MURO,1,11,2,192.96,990.0,76.51,,,2200.0,,,100.0,24.8,103
79.433,SIGUE_MURO,1,11,2,192.96,990.0,76.51,,,2200.0,,,100.0,24.8,103
79.458,SIGUE_MURO,1,11,2,192.96,990.0,76.51,,,2200.0,,,100.0,24.8,103
79.483,SIGUE_MURO,1,11,2,192.96,990.0,76.51,,,2200.0,,,100.0,24.8,103
79.509,SIGUE_MURO,1,11,2,192.96,990.0,76.51,,,2200.0,,,100.0,24.8,103
79.534,SIGUE_MURO,1,11,2,192.96,990.0,76.51,,,2200.0,,,100.0,24.8,103
79.558,SIGUE_MURO,1,11,2,192.96,990.0,76.51,,,2200.0,,,100.0,24.8,103
79.583,SIGUE_MURO,1,11,2,192.96,990.0,76.51,,,2200.0,,,100.0,24.8,103
79.609,SIGUE_MURO,1,11,2,192.96,990.0,76.51,,,2200.0,,,100.0,24.8,100
79.634,SIGUE_MURO,1,11,2,192.96,990.0,76.51,,,2200.0,,,100.0,24.8,100
79.659,SIGUE_MURO,1,11,2,192.96,990.0,76.51,,,2200.0,,,100.0,24.8,100
79.684,SIGUE_MURO,1,11,2,192.96,990.0,76.51,,,2200.0,,,100.0,24.8,100
79.709,SIGUE_MURO,1,11,2,192.96,990.0,76.51,,,2200.0,,,100.0,24.8,100
79.735,SIGUE_MURO,1,11,2,192.96,990.0,76.51,,,2200.0,,,100.0,24.8,100
79.759,SIGUE_MURO,1,11,2,192.96,990.0,76.51,,,2200.0,,,100.0,24.8,100
79.784,SIGUE_MURO,1,11,2,192.96,990.0,76.51,,,2200.0,,,100.0,24.8,100
79.809,SIGUE_MURO,1,11,2,192.96,990.0,76.51,,,2200.0,,,100.0,24.8,103
79.834,SIGUE_MURO,1,11,2,192.96,990.0,76.51,,,2200.0,,,100.0,24.8,103
79.859,SIGUE_MURO,1,11,2,192.96,990.0,76.51,,,2200.0,,,100.0,24.8,103
79.884,SIGUE_MURO,1,11,2,192.96,990.0,76.51,,,2200.0,,,100.0,24.8,103
79.909,SIGUE_MURO,1,11,2,192.96,990.0,76.51,,,2200.0,,,100.0,24.8,103
79.934,SIGUE_MURO,1,11,2,192.96,990.0,76.51,,,2200.0,,,100.0,24.8,103
79.961,SIGUE_MURO,1,11,2,192.96,990.0,76.51,,,2200.0,,,100.0,24.8,103
79.984,SIGUE_MURO,1,11,2,192.96,990.0,76.51,,,2200.0,,,100.0,24.8,98
80.01,SIGUE_MURO,1,11,2,192.96,990.0,76.51,,,2200.0,,,100.0,24.8,98
80.035,SIGUE_MURO,1,11,2,192.96,990.0,76.51,,,2200.0,,,100.0,24.8,98
80.06,SIGUE_MURO,1,11,2,192.96,990.0,76.51,,,2200.0,,,100.0,24.8,98
80.085,SIGUE_MURO,1,11,2,192.96,990.0,76.51,,,2200.0,,,100.0,24.8,98
80.11,SIGUE_MURO,1,11,2,192.96,990.0,76.51,,,2200.0,,,100.0,24.8,98
80.135,SIGUE_MURO,1,11,2,192.96,990.0,76.51,,,2200.0,,,100.0,24.8,98
80.16,SIGUE_MURO,1,11,2,192.96,990.0,76.51,,,2200.0,,,100.0,24.8,100
80.186,SIGUE_MURO,1,11,2,192.96,990.0,76.51,,,2200.0,,,100.0,24.8,100
80.21,SIGUE_MURO,1,11,2,192.96,990.0,76.51,,,2200.0,,,100.0,24.8,100
80.235,SIGUE_MURO,1,11,2,192.96,990.0,76.51,,,2200.0,,,100.0,24.8,100
80.26,SIGUE_MURO,1,11,2,192.96,990.0,76.51,,,2200.0,,,100.0,24.8,100
80.286,SIGUE_MURO,1,11,2,192.96,990.0,76.51,,,2200.0,,,100.0,24.8,100
80.31,SIGUE_MURO,1,11,2,192.96,990.0,76.51,,,2200.0,,,100.0,24.8,100
80.335,SIGUE_MURO,1,11,2,192.96,990.0,76.51,,,2200.0,,,100.0,24.8,99
80.36,SIGUE_MURO,1,11,2,192.96,990.0,76.51,,,2200.0,,,100.0,24.8,99
80.385,SIGUE_MURO,1,11,2,192.96,990.0,76.51,,,2200.0,,,100.0,24.8,99
80.41,SIGUE_MURO,1,11,2,192.96,990.0,76.51,,,2200.0,,,100.0,24.8,99
80.435,SIGUE_MURO,1,11,2,192.96,990.0,76.51,,,2200.0,,,100.0,24.8,99
80.461,SIGUE_MURO,1,11,2,192.96,990.0,76.51,,,2200.0,,,100.0,24.8,99
80.486,SIGUE_MURO,1,11,2,192.96,990.0,76.51,,,2200.0,,,100.0,24.8,99
80.511,SIGUE_MURO,1,11,2,192.96,990.0,76.51,,,2200.0,,,100.0,24.8,99
80.536,SIGUE_MURO,1,11,2,192.96,990.0,76.51,,,2200.0,,,100.0,24.8,100
80.561,SIGUE_MURO,1,11,2,192.96,990.0,76.51,,,2200.0,,,100.0,24.8,100
80.586,SIGUE_MURO,1,11,2,192.96,990.0,76.51,,,2200.0,,,100.0,24.8,100
80.611,SIGUE_MURO,1,11,2,192.96,990.0,76.51,,,2200.0,,,100.0,24.8,100
80.636,SIGUE_MURO,1,11,2,192.96,990.0,76.51,,,2200.0,,,100.0,24.8,100
80.661,SIGUE_MURO,1,11,2,192.96,990.0,76.51,,,2200.0,,,100.0,24.8,100
80.686,SIGUE_MURO,1,11,2,192.96,990.0,76.51,,,2200.0,,,100.0,24.8,100
80.711,SIGUE_MURO,1,11,2,192.96,990.0,76.51,,,2200.0,,,100.0,24.8,97
80.737,SIGUE_MURO,1,11,2,192.96,990.0,76.51,,,2200.0,,,100.0,24.8,97
80.761,SIGUE_MURO,1,11,2,192.96,990.0,76.51,,,2200.0,,,100.0,24.8,97
80.786,SIGUE_MURO,1,11,2,192.96,990.0,76.51,,,2200.0,,,100.0,24.8,97
80.811,SIGUE_MURO,1,11,2,192.96,990.0,76.51,,,2200.0,,,100.0,24.8,97
80.836,SIGUE_MURO,1,11,2,192.96,990.0,76.51,,,2200.0,,,100.0,24.8,97
80.862,SIGUE_MURO,1,11,2,192.96,990.0,76.51,,,2200.0,,,100.0,24.8,97
80.888,SIGUE_MURO,1,11,2,192.96,990.0,76.51,,,2200.0,,,100.0,24.8,100
80.913,SIGUE_MURO,1,11,2,192.96,990.0,76.51,,,2200.0,,,100.0,24.8,100
80.938,SIGUE_MURO,1,11,2,192.96,990.0,76.51,,,2200.0,,,100.0,24.8,100
80.963,SIGUE_MURO,1,11,2,192.96,990.0,76.51,,,2200.0,,,100.0,24.8,100
80.987,SIGUE_MURO,1,11,2,192.96,990.0,76.51,,,2200.0,,,100.0,24.8,100
81.012,SIGUE_MURO,1,11,2,192.96,990.0,76.51,,,2200.0,,,100.0,24.8,100
81.037,SIGUE_MURO,1,11,2,192.96,990.0,76.51,,,2200.0,,,100.0,24.8,100
81.062,SIGUE_MURO,1,11,2,192.96,990.0,76.51,,,2200.0,,,100.0,24.8,100
81.087,SIGUE_MURO,1,11,2,192.96,990.0,76.51,,,2200.0,,,100.0,24.8,100
81.112,SIGUE_MURO,1,11,2,192.96,990.0,76.51,,,2200.0,,,100.0,24.8,100
81.137,SIGUE_MURO,1,11,2,192.96,990.0,76.51,,,2200.0,,,100.0,24.8,100
81.163,SIGUE_MURO,1,11,2,192.96,990.0,76.51,,,2200.0,,,100.0,24.8,100
81.188,SIGUE_MURO,1,11,2,192.96,990.0,76.51,,,2200.0,,,100.0,24.8,100
81.213,SIGUE_MURO,1,11,2,192.96,990.0,76.51,,,2200.0,,,100.0,24.8,100
81.238,SIGUE_MURO,1,11,2,192.96,990.0,76.51,,,2200.0,,,100.0,24.8,99
81.263,SIGUE_MURO,1,11,2,192.96,990.0,76.51,,,2200.0,,,100.0,24.8,99
81.288,SIGUE_MURO,1,11,2,192.96,990.0,76.51,,,2200.0,,,100.0,24.8,99
81.313,SIGUE_MURO,1,11,2,192.96,990.0,76.51,,,2200.0,,,100.0,24.8,99
81.338,SIGUE_MURO,1,11,2,192.96,990.0,76.51,,,2200.0,,,100.0,24.8,99
81.363,SIGUE_MURO,1,11,2,192.96,990.0,76.51,,,2200.0,,,100.0,24.8,99
81.39,SIGUE_MURO,1,11,2,192.96,990.0,76.51,,,2200.0,,,100.0,24.8,99
81.413,SIGUE_MURO,1,11,2,192.96,990.0,76.51,,,2200.0,,,100.0,24.8,99
81.438,SIGUE_MURO,1,11,2,192.96,990.0,76.51,,,2200.0,,,100.0,24.8,99
81.463,SIGUE_MURO,1,11,2,192.96,990.0,76.51,,,2200.0,,,100.0,24.8,99
81.488,SIGUE_MURO,1,11,2,192.96,990.0,76.51,,,2200.0,,,100.0,24.8,99
81.514,SIGUE_MURO,1,11,2,192.96,990.0,76.51,,,2200.0,,,100.0,24.8,99
81.538,SIGUE_MURO,1,11,2,192.96,990.0,76.51,,,2200.0,,,100.0,24.8,99
81.563,SIGUE_MURO,1,11,2,192.96,990.0,76.51,,,2200.0,,,100.0,24.8,99
81.588,SIGUE_MURO,1,11,2,192.96,990.0,76.51,,,2200.0,,,100.0,24.8,99
81.614,SIGUE_MURO,1,11,2,192.96,990.0,76.51,,,2200.0,,,100.0,24.8,101
81.639,SIGUE_MURO,1,11,2,192.96,990.0,76.51,,,2200.0,,,100.0,24.8,101
81.664,SIGUE_MURO,1,11,2,192.96,990.0,76.51,,,2200.0,,,100.0,24.8,101
81.689,SIGUE_MURO,1,11,2,192.96,990.0,76.51,,,2200.0,,,100.0,24.8,101
81.715,SIGUE_MURO,1,11,2,192.96,990.0,76.51,,,2200.0,,,100.0,24.8,101
81.739,SIGUE_MURO,1,11,2,192.96,990.0,76.51,,,2200.0,,,100.0,24.8,101
81.764,SIGUE_MURO,1,11,2,192.96,990.0,76.51,,,2200.0,,,100.0,24.8,101
81.789,SIGUE_MURO,1,11,2,192.96,990.0,76.51,,,2200.0,,,100.0,24.8,99
81.814,SIGUE_MURO,1,11,2,192.96,990.0,76.51,,,2200.0,,,100.0,24.8,99
81.84,SIGUE_MURO,1,11,2,192.96,990.0,76.51,,,2200.0,,,100.0,24.8,99
81.864,SIGUE_MURO,1,11,2,192.96,990.0,76.51,,,2200.0,,,100.0,24.8,99
81.889,SIGUE_MURO,1,11,2,192.96,990.0,76.51,,,2200.0,,,100.0,24.8,99
81.914,SIGUE_MURO,1,11,2,192.96,990.0,76.51,,,2200.0,,,100.0,24.8,99
81.94,SIGUE_MURO,1,11,2,192.96,990.0,76.51,,,2200.0,,,100.0,24.8,99
81.965,SIGUE_MURO,1,11,2,192.96,990.0,76.51,,,2200.0,,,100.0,24.8,100
81.989,SIGUE_MURO,1,11,2,192.96,990.0,76.51,,,2200.0,,,100.0,24.8,100
82.015,SIGUE_MURO,1,11,2,192.96,990.0,76.51,,,2200.0,,,100.0,24.8,100
82.041,SIGUE_MURO,1,11,2,192.96,990.0,76.51,,,2200.0,,,100.0,24.8,100
82.065,SIGUE_MURO,1,11,2,192.96,990.0,76.51,,,2200.0,,,100.0,24.8,100
82.09,SIGUE_MURO,1,11,2,192.96,990.0,76.51,,,2200.0,,,100.0,24.8,100
82.115,SIGUE_MURO,1,11,2,192.96,990.0,76.51,,,2200.0,,,100.0,24.8,100
82.14,SIGUE_MURO,1,11,2,192.96,990.0,76.51,,,2200.0,,,100.0,24.8,100
82.165,SIGUE_MURO,1,11,2,192.96,990.0,76.51,,,2200.0,,,100.0,24.8,99
82.19,SIGUE_MURO,1,11,2,192.96,990.0,76.51,,,2200.0,,,100.0,24.8,99
82.215,SIGUE_MURO,1,11,2,192.96,990.0,76.51,,,2200.0,,,100.0,24.8,99
82.24,SIGUE_MURO,1,11,2,192.96,990.0,76.51,,,2200.0,,,100.0,24.8,99
82.267,SIGUE_MURO,1,11,2,192.96,990.0,76.51,,,2200.0,,,100.0,24.8,99
82.29,SIGUE_MURO,1,11,2,192.96,990.0,76.51,,,2200.0,,,100.0,24.8,99
82.316,SIGUE_MURO,1,11,2,192.96,990.0,76.51,,,2200.0,,,100.0,24.8,99
82.34,SIGUE_MURO,1,11,2,192.96,990.0,76.51,,,2200.0,,,100.0,24.8,98
82.366,SIGUE_MURO,1,11,2,192.96,990.0,76.51,,,2200.0,,,100.0,24.8,98
82.391,SIGUE_MURO,1,11,2,192.96,990.0,76.51,,,2200.0,,,100.0,24.8,98
82.416,SIGUE_MURO,1,11,2,192.96,990.0,76.51,,,2200.0,,,100.0,24.8,98
82.441,SIGUE_MURO,1,11,2,192.96,990.0,76.51,,,2200.0,,,100.0,24.8,98
82.466,SIGUE_MURO,1,11,2,192.96,990.0,76.51,,,2200.0,,,100.0,24.8,98
82.492,SIGUE_MURO,1,11,2,192.96,990.0,76.51,,,2200.0,,,100.0,24.8,98
82.516,SIGUE_MURO,1,11,2,192.96,990.0,76.51,,,2200.0,,,100.0,24.8,99
82.541,SIGUE_MURO,1,11,2,192.96,990.0,76.51,,,2200.0,,,100.0,24.8,99
82.566,SIGUE_MURO,1,11,2,192.96,990.0,76.51,,,2200.0,,,100.0,24.8,99
82.591,SIGUE_MURO,1,11,2,192.96,990.0,76.51,,,2200.0,,,100.0,24.8,99
82.617,SIGUE_MURO,1,11,2,192.96,990.0,76.51,,,2200.0,,,100.0,24.8,99
82.641,SIGUE_MURO,1,11,2,192.96,990.0,76.51,,,2200.0,,,100.0,24.8,99
82.666,SIGUE_MURO,1,11,2,192.96,990.0,76.51,,,2200.0,,,100.0,24.8,99
82.691,SIGUE_MURO,1,11,2,192.96,990.0,76.51,,,2200.0,,,100.0,24.8,100
82.716,SIGUE_MURO,1,11,2,192.96,990.0,76.51,,,2200.0,,,100.0,24.8,100
82.741,SIGUE_MURO,1,11,2,192.96,990.0,76.51,,,2200.0,,,100.0,24.8,100
82.766,SIGUE_MURO,1,11,2,192.96,990.0,76.51,,,2200.0,,,100.0,24.8,100
82.791,SIGUE_MURO,1,11,2,192.96,990.0,76.51,,,2200.0,,,100.0,24.8,100
82.816,SIGUE_MURO,1,11,2,192.96,990.0,76.51,,,2200.0,,,100.0,24.8,100
82.843,SIGUE_MURO,1,11,2,192.96,990.0,76.51,,,2200.0,,,100.0,24.8,100
82.867,SIGUE_MURO,1,11,2,192.96,990.0,76.51,,,2200.0,,,100.0,24.8,100
82.892,SIGUE_MURO,1,11,2,192.96,990.0,76.51,,,2200.0,,,100.0,24.8,100
82.917,SIGUE_MURO,1,11,2,192.96,990.0,76.51,,,2200.0,,,100.0,24.8,100
82.942,SIGUE_MURO,1,11,2,192.96,990.0,76.51,,,2200.0,,,100.0,24.8,100
82.967,SIGUE_MURO,1,11,2,192.96,990.0,76.51,,,2200.0,,,100.0,24.8,100
82.992,SIGUE_MURO,1,11,2,192.96,990.0,76.51,,,2200.0,,,100.0,24.8,100
83.017,SIGUE_MURO,1,11,2,192.96,990.0,76.51,,,2200.0,,,100.0,24.8,100
83.042,SIGUE_MURO,1,11,2,192.96,990.0,76.51,,,2200.0,,,100.0,24.8,100
83.067,SIGUE_MURO,1,11,2,192.96,990.0,76.51,,,2200.0,,,100.0,24.8,100
83.092,SIGUE_MURO,1,11,2,192.96,990.0,76.51,,,2200.0,,,100.0,24.8,100
83.117,SIGUE_MURO,1,11,2,192.96,990.0,76.51,,,2200.0,,,100.0,24.8,100
83.142,SIGUE_MURO,1,11,2,192.96,990.0,76.51,,,2200.0,,,100.0,24.8,100
83.167,SIGUE_MURO,1,11,2,192.96,990.0,76.51,,,2200.0,,,100.0,24.8,100
83.192,SIGUE_MURO,1,11,2,192.96,990.0,76.51,,,2200.0,,,100.0,24.8,100
83.217,SIGUE_MURO,1,11,2,192.96,990.0,76.51,,,2200.0,,,100.0,24.8,100
83.242,SIGUE_MURO,1,11,2,192.96,990.0,76.51,,,2200.0,,,100.0,24.8,100
83.268,SIGUE_MURO,1,11,2,192.96,990.0,76.51,,,2200.0,,,100.0,24.8,100
83.293,SIGUE_MURO,1,11,2,192.96,990.0,76.51,,,2200.0,,,100.0,24.8,100
83.318,SIGUE_MURO,1,11,2,192.96,990.0,76.51,,,2200.0,,,100.0,24.8,100
83.343,SIGUE_MURO,1,11,2,192.96,990.0,76.51,,,2200.0,,,100.0,24.8,100
83.368,SIGUE_MURO,1,11,2,192.96,990.0,76.51,,,2200.0,,,100.0,24.8,100
83.393,SIGUE_MURO,1,11,2,192.96,990.0,76.51,,,2200.0,,,100.0,24.8,100
83.418,SIGUE_MURO,1,11,2,192.96,990.0,76.51,,,2200.0,,,100.0,24.8,100
83.443,SIGUE_MURO,1,11,2,192.96,990.0,76.51,,,2200.0,,,100.0,24.8,100
83.468,SIGUE_MURO,1,11,2,192.95,990.0,76.52,,,2200.0,,,100.0,24.8,100
83.494,SIGUE_MURO,1,11,2,192.95,990.0,76.52,,,2200.0,,,100.0,24.8,100
83.518,SIGUE_MURO,1,11,2,192.95,990.0,76.52,,,2200.0,,,100.0,24.8,100
83.543,SIGUE_MURO,1,11,2,192.95,990.0,76.52,,,2200.0,,,100.0,24.8,100
83.568,SIGUE_MURO,1,11,2,192.95,990.0,76.52,,,2200.0,,,100.0,24.8,100
83.593,SIGUE_MURO,1,11,2,192.95,990.0,76.52,,,2200.0,,,100.0,24.8,100
83.618,SIGUE_MURO,1,11,2,192.95,990.0,76.52,,,2200.0,,,100.0,24.8,100
83.643,SIGUE_MURO,1,11,2,192.95,990.0,76.52,,,2200.0,,,100.0,24.8,100
83.668,SIGUE_MURO,1,11,2,192.95,990.0,76.52,,,2200.0,,,100.0,24.8,100
83.694,SIGUE_MURO,1,11,2,192.95,990.0,76.52,,,2200.0,,,100.0,24.8,100
83.719,SIGUE_MURO,1,11,2,192.95,990.0,76.52,,,2200.0,,,100.0,24.8,100
83.744,SIGUE_MURO,1,11,2,192.95,990.0,76.52,,,2200.0,,,100.0,24.8,100
83.769,SIGUE_MURO,1,11,2,192.95,990.0,76.52,,,2200.0,,,100.0,24.8,100
83.794,SIGUE_MURO,1,11,2,192.95,990.0,76.52,,,2200.0,,,100.0,24.8,100
83.819,SIGUE_MURO,1,11,2,192.95,990.0,76.52,,,2200.0,,,100.0,24.8,100
83.844,SIGUE_MURO,1,11,2,192.95,990.0,76.52,,,2200.0,,,100.0,24.8,100
83.869,SIGUE_MURO,1,11,2,192.95,990.0,76.52,,,2200.0,,,100.0,24.8,100
83.894,SIGUE_MURO,1,11,2,192.95,990.0,76.52,,,2200.0,,,100.0,24.8,100
83.921,SIGUE_MURO,1,11,2,192.95,990.0,76.52,,,2200.0,,,100.0,24.8,100
83.945,SIGUE_MURO,1,11,2,192.95,990.0,76.52,,,2200.0,,,100.0,24.8,100
83.969,SIGUE_MURO,1,11,2,192.95,990.0,76.52,,,2200.0,,,100.0,24.8,100
83.995,SIGUE_MURO,1,11,2,192.95,990.0,76.52,,,2200.0,,,100.0,24.8,100
84.02,SIGUE_MURO,1,11,2,192.95,990.0,76.52,,,2200.0,,,100.0,24.8,100
84.045,SIGUE_MURO,1,11,2,192.95,990.0,76.52,,,2200.0,,,100.0,24.8,100
84.07,SIGUE_MURO,1,11,2,192.95,990.0,76.52,,,2200.0,,,100.0,24.8,100
84.095,SIGUE_MURO,1,11,2,192.95,990.0,76.52,,,2200.0,,,100.0,24.8,100
84.12,SIGUE_MURO,1,11,2,192.95,990.0,76.52,,,2200.0,,,100.0,24.8,94
84.145,SIGUE_MURO,1,11,2,192.95,990.0,76.52,,,2200.0,,,100.0,24.8,94
84.17,SIGUE_MURO,1,11,2,192.95,990.0,76.52,,,2200.0,,,100.0,24.8,94
84.195,SIGUE_MURO,1,11,2,192.95,990.0,76.52,,,2200.0,,,100.0,24.8,94
84.22,SIGUE_MURO,1,11,2,192.95,990.0,76.52,,,2200.0,,,100.0,24.8,94
84.246,SIGUE_MURO,1,11,2,192.95,990.0,76.52,,,2200.0,,,100.0,24.8,94
84.27,SIGUE_MURO,1,11,2,192.95,990.0,76.52,,,2200.0,,,100.0,24.8,94
84.295,SIGUE_MURO,1,11,2,192.95,990.0,76.52,,,2200.0,,,100.0,24.8,94
84.32,SIGUE_MURO,1,11,2,192.95,990.0,76.52,,,2200.0,,,100.0,24.8,94
84.345,SIGUE_MURO,1,11,2,192.95,990.0,76.52,,,2200.0,,,100.0,24.8,94
84.371,SIGUE_MURO,1,11,2,192.95,990.0,76.52,,,2200.0,,,100.0,24.8,94
84.396,SIGUE_MURO,1,11,2,192.95,990.0,76.52,,,2200.0,,,100.0,24.8,94
84.421,SIGUE_MURO,1,11,2,192.95,990.0,76.52,,,2200.0,,,100.0,24.8,94
84.446,SIGUE_MURO,1,11,2,192.95,990.0,76.52,,,2200.0,,,100.0,24.8,94
84.471,SIGUE_MURO,1,11,2,192.95,990.0,76.52,,,2200.0,,,100.0,24.8,93
84.496,SIGUE_MURO,1,11,2,192.95,990.0,76.52,,,2200.0,,,100.0,24.8,93
84.521,SIGUE_MURO,1,11,2,192.95,990.0,76.52,,,2200.0,,,100.0,24.8,93
84.546,SIGUE_MURO,1,11,2,192.95,990.0,76.52,,,2200.0,,,100.0,24.8,93
84.571,SIGUE_MURO,1,11,2,192.95,990.0,76.52,,,2200.0,,,100.0,24.8,93
84.597,SIGUE_MURO,1,11,2,192.95,990.0,76.52,,,2200.0,,,100.0,24.8,93
84.621,SIGUE_MURO,1,11,2,192.95,990.0,76.52,,,2200.0,,,100.0,24.8,93
84.647,SIGUE_MURO,1,11,2,192.95,990.0,76.52,,,2200.0,,,100.0,24.8,93
84.671,SIGUE_MURO,1,11,2,192.95,990.0,76.52,,,2200.0,,,100.0,24.8,96
84.697,SIGUE_MURO,1,11,2,192.95,990.0,76.52,,,2200.0,,,100.0,24.8,96
84.721,SIGUE_MURO,1,11,2,192.95,990.0,76.52,,,2200.0,,,100.0,24.8,96
84.746,SIGUE_MURO,1,11,2,192.95,990.0,76.52,,,2200.0,,,100.0,24.8,96
84.771,SIGUE_MURO,1,11,2,192.95,990.0,76.52,,,2200.0,,,100.0,24.8,96
84.797,SIGUE_MURO,1,11,2,192.95,990.0,76.52,,,2200.0,,,100.0,24.8,96
84.822,SIGUE_MURO,1,11,2,192.95,990.0,76.52,,,2200.0,,,100.0,24.8,96
84.847,SIGUE_MURO,1,11,2,192.95,990.0,76.52,,,2200.0,,,100.0,24.8,95
84.872,SIGUE_MURO,1,11,2,192.95,990.0,76.52,,,2200.0,,,100.0,24.8,95
84.897,SIGUE_MURO,1,11,2,192.95,990.0,76.52,,,2200.0,,,100.0,24.8,95
84.922,SIGUE_MURO,1,11,2,192.95,990.0,76.52,,,2200.0,,,100.0,24.8,95
84.947,SIGUE_MURO,1,11,2,192.95,990.0,76.52,,,2200.0,,,100.0,24.8,95
84.972,SIGUE_MURO,1,11,2,192.95,990.0,76.52,,,2200.0,,,100.0,24.8,95
84.997,SIGUE_MURO,1,11,2,192.95,990.0,76.52,,,2200.0,,,100.0,24.8,95
85.022,SIGUE_MURO,1,11,2,192.95,990.0,76.52,,,2200.0,,,100.0,24.8,95
85.047,SIGUE_MURO,1,11,2,192.95,990.0,76.52,,,2200.0,,,100.0,24.8,95
85.072,SIGUE_MURO,1,11,2,192.95,990.0,76.52,,,2200.0,,,100.0,24.8,95
85.097,SIGUE_MURO,1,11,2,192.95,990.0,76.52,,,2200.0,,,100.0,24.8,95
85.122,SIGUE_MURO,1,11,2,192.95,990.0,76.52,,,2200.0,,,100.0,24.8,95
85.148,SIGUE_MURO,1,11,2,192.95,990.0,76.52,,,2200.0,,,100.0,24.8,95
85.172,SIGUE_MURO,1,11,2,192.95,990.0,76.52,,,2200.0,,,100.0,24.8,95
85.198,SIGUE_MURO,1,11,2,192.95,990.0,76.52,,,2200.0,,,100.0,24.8,92
85.223,SIGUE_MURO,1,11,2,192.95,990.0,76.52,,,2200.0,,,100.0,24.8,92
85.248,SIGUE_MURO,1,11,2,192.95,990.0,76.52,,,2200.0,,,100.0,24.8,92
85.273,SIGUE_MURO,1,11,2,192.95,990.0,76.52,,,2200.0,,,100.0,24.8,92
85.298,SIGUE_MURO,1,11,2,192.95,990.0,76.52,,,2200.0,,,100.0,24.8,92
85.323,SIGUE_MURO,1,11,2,192.95,990.0,76.52,,,2200.0,,,100.0,24.8,92
85.348,SIGUE_MURO,1,11,2,192.95,990.0,76.52,,,2200.0,,,100.0,24.8,92
85.373,SIGUE_MURO,1,11,2,192.95,990.0,76.52,,,2200.0,,,100.0,24.8,95
85.398,SIGUE_MURO,1,11,2,192.95,990.0,76.52,,,2200.0,,,100.0,24.8,95
85.423,SIGUE_MURO,1,11,2,192.95,990.0,76.52,,,2200.0,,,100.0,24.8,95
85.448,SIGUE_MURO,1,11,2,192.95,990.0,76.52,,,2200.0,,,100.0,24.8,95
85.473,SIGUE_MURO,1,11,2,192.95,990.0,76.52,,,2200.0,,,100.0,24.8,95
85.498,SIGUE_MURO,1,11,2,192.95,990.0,76.52,,,2200.0,,,100.0,24.8,95
85.523,SIGUE_MURO,1,11,2,192.95,990.0,76.52,,,2200.0,,,100.0,24.8,95
85.548,SIGUE_MURO,1,11,2,192.95,990.0,76.52,,,2200.0,,,100.0,24.8,95
85.574,SIGUE_MURO,1,11,2,192.95,990.0,76.52,,,2200.0,,,100.0,24.8,98
85.598,SIGUE_MURO,1,11,2,192.95,990.0,76.52,,,2200.0,,,100.0,24.8,98
85.624,SIGUE_MURO,1,11,2,192.95,990.0,76.52,,,2200.0,,,100.0,24.8,98
85.648,SIGUE_MURO,1,11,2,192.95,990.0,76.52,,,2200.0,,,100.0,24.8,98
85.674,SIGUE_MURO,1,11,2,192.95,990.0,76.52,,,2200.0,,,100.0,24.8,98
85.699,SIGUE_MURO,1,11,2,192.95,990.0,76.52,,,2200.0,,,100.0,24.8,98
85.724,SIGUE_MURO,1,11,2,192.95,990.0,76.52,,,2200.0,,,100.0,24.8,98
85.749,SIGUE_MURO,1,11,2,192.95,990.0,76.52,,,2200.0,,,100.0,24.8,100
85.774,SIGUE_MURO,1,11,2,192.95,990.0,76.52,,,2200.0,,,100.0,24.8,100
85.799,SIGUE_MURO,1,11,2,192.95,990.0,76.52,,,2200.0,,,100.0,24.8,100
85.824,SIGUE_MURO,1,11,2,192.95,990.0,76.52,,,2200.0,,,100.0,24.8,100
85.849,SIGUE_MURO,1,11,2,192.95,990.0,76.52,,,2200.0,,,100.0,24.8,100
85.874,SIGUE_MURO,1,11,2,192.95,990.0,76.52,,,2200.0,,,100.0,24.8,100
85.899,SIGUE_MURO,1,11,2,192.95,990.0,76.52,,,2200.0,,,100.0,24.8,100
85.924,SIGUE_MURO,1,11,2,192.95,990.0,76.52,,,1567.4,,,100.0,24.8,99
85.949,SIGUE_MURO,1,11,2,192.95,990.0,76.52,,,1219.4,,,100.0,24.8,99
85.975,SIGUE_MURO,1,11,2,192.95,990.0,76.52,,,1028.0,,,100.0,24.8,99
86.002,SIGUE_MURO,1,11,2,192.95,990.0,76.52,,,922.8,,,100.0,24.8,99
86.026,SIGUE_MURO,1,11,2,192.95,990.0,76.52,,,864.9,,,100.0,24.8,99
86.051,SIGUE_MURO,1,11,2,192.95,990.0,76.52,,,833.0,,,100.0,24.8,99
86.075,SIGUE_MURO,1,11,2,192.95,990.0,76.52,,,815.5,,,100.0,24.8,99
86.1,SIGUE_MURO,1,11,2,192.95,990.0,76.52,,,1438.5,,,100.0,24.8,96
86.125,SIGUE_MURO,1,11,2,192.95,990.0,76.52,,,1781.2,,,100.0,24.8,96
86.15,SIGUE_MURO,1,11,2,192.95,990.0,76.52,,,1969.7,,,100.0,24.8,96
86.175,SIGUE_MURO,1,11,2,192.95,990.0,76.52,,,2073.3,,,100.0,24.8,96
86.2,SIGUE_MURO,1,11,2,192.95,990.0,76.52,,,2130.3,,,100.0,24.8,96
86.225,SIGUE_MURO,1,11,2,192.95,990.0,76.52,,,2161.7,,,100.0,24.8,96
86.25,SIGUE_MURO,1,11,2,192.95,990.0,76.52,,,2178.9,,,100.0,24.8,96
86.275,SIGUE_MURO,1,11,2,192.95,990.0,76.52,,,2188.4,,,100.0,24.8,96
86.301,SIGUE_MURO,1,11,2,192.95,990.0,76.52,,,2193.6,,,100.0,24.8,96
86.325,SIGUE_MURO,1,11,2,192.95,990.0,76.52,,,2196.5,,,100.0,24.8,96
86.35,SIGUE_MURO,1,11,2,192.95,990.0,76.52,,,2198.1,,,100.0,24.8,96
86.375,SIGUE_MURO,1,11,2,192.95,990.0,76.52,,,2198.9,,,100.0,24.8,96
86.4,SIGUE_MURO,1,11,2,192.95,990.0,76.52,,,2199.4,,,100.0,24.8,96
86.425,SIGUE_MURO,1,11,2,192.95,990.0,76.52,,,2199.7,,,100.0,24.8,96
86.451,SIGUE_MURO,1,11,2,192.95,990.0,76.52,,,2199.8,,,100.0,24.8,96
86.476,SIGUE_MURO,1,11,2,192.95,990.0,76.52,,,2199.9,,,100.0,24.8,96
86.501,SIGUE_MURO,1,11,2,192.95,990.0,76.52,,,2199.9,,,100.0,24.8,96
86.526,SIGUE_MURO,1,11,2,192.95,990.0,76.52,,,2200.0,,,100.0,24.8,96
86.551,SIGUE_MURO,1,11,2,192.95,990.0,76.52,,,2200.0,,,100.0,24.8,96
86.576,SIGUE_MURO,1,11,2,192.95,990.0,76.52,,,2200.0,,,100.0,24.8,96
86.601,SIGUE_MURO,1,11,2,192.95,990.0,76.52,,,2200.0,,,100.0,24.8,96
86.626,SIGUE_MURO,1,11,2,192.95,990.0,76.52,,,2200.0,,,100.0,24.8,96
86.651,SIGUE_MURO,1,11,2,192.95,990.0,76.52,,,2200.0,,,100.0,24.8,96
86.676,SIGUE_MURO,1,11,2,192.95,990.0,76.52,,,2200.0,,,100.0,24.8,96
86.701,SIGUE_MURO,1,11,2,192.95,990.0,76.52,,,2200.0,,,100.0,24.8,96
86.726,SIGUE_MURO,1,11,2,192.95,990.0,76.52,,,2200.0,,,100.0,24.8,96
86.751,SIGUE_MURO,1,11,2,192.95,990.0,76.52,,,2200.0,,,100.0,24.8,96
86.776,SIGUE_MURO,1,11,2,192.95,990.0,76.52,,,2200.0,,,100.0,24.8,96
86.801,SIGUE_MURO,1,11,2,192.95,990.0,76.52,,,2200.0,,,100.0,24.8,96
86.826,SIGUE_MURO,1,11,2,192.95,990.0,76.52,,,2200.0,,,100.0,24.8,96
86.851,SIGUE_MURO,1,11,2,192.95,990.0,76.52,,,2200.0,,,100.0,24.8,96
86.876,SIGUE_MURO,1,11,2,192.95,990.0,76.52,,,2200.0,,,100.0,24.8,96
86.902,SIGUE_MURO,1,11,2,192.95,990.0,76.52,,,2200.0,,,100.0,24.8,96
86.927,SIGUE_MURO,1,11,2,192.95,990.0,76.52,,,2200.0,,,100.0,24.8,96
86.952,SIGUE_MURO,1,11,2,192.95,990.0,76.52,,,2200.0,,,100.0,24.8,96
86.977,SIGUE_MURO,1,11,2,192.95,990.0,76.52,,,2200.0,,,100.0,24.8,96
87.002,SIGUE_MURO,1,11,2,192.95,990.0,76.52,,,2200.0,,,100.0,24.8,96
87.027,SIGUE_MURO,1,11,2,192.95,990.0,76.52,,,2200.0,,,100.0,24.8,96
87.052,SIGUE_MURO,1,11,2,192.95,990.0,76.52,,,2200.0,,,100.0,24.8,96
87.077,SIGUE_MURO,1,11,2,192.95,990.0,76.52,,,2200.0,,,100.0,24.8,96
87.103,SIGUE_MURO,1,11,2,192.95,990.0,76.52,,,2200.0,,,100.0,24.8,96
87.127,SIGUE_MURO,1,11,2,192.95,990.0,76.52,,,2200.0,,,100.0,24.8,96
87.152,SIGUE_MURO,1,11,2,192.95,990.0,76.52,,,2200.0,,,100.0,24.8,96
87.177,SIGUE_MURO,1,11,2,192.95,990.0,76.52,,,2200.0,,,100.0,24.8,96
87.202,SIGUE_MURO,1,11,2,192.95,990.0,76.52,,,2200.0,,,100.0,24.8,96
87.229,SIGUE_MURO,1,11,2,192.95,990.0,76.52,,,2200.0,,,100.0,24.8,96
87.253,SIGUE_MURO,1,11,2,192.95,990.0,76.52,,,2200.0,,,100.0,24.8,96
87.277,SIGUE_MURO,1,11,2,192.95,990.0,76.52,,,2200.0,,,100.0,24.8,96
87.303,SIGUE_MURO,1,11,2,192.95,990.0,76.52,,,2200.0,,,100.0,24.8,96
87.329,SIGUE_MURO,1,11,2,192.95,990.0,76.52,,,2200.0,,,100.0,24.8,96
87.353,SIGUE_MURO,1,11,2,192.95,990.0,76.52,,,2200.0,,,100.0,24.8,96
87.378,SIGUE_MURO,1,11,2,192.95,990.0,76.52,,,2200.0,,,100.0,24.8,96
87.403,SIGUE_MURO,1,11,2,192.95,990.0,76.52,,,2200.0,,,100.0,24.8,96
87.428,SIGUE_MURO,1,11,2,192.95,990.0,76.52,,,2200.0,,,100.0,24.8,96
87.454,SIGUE_MURO,1,11,2,192.95,990.0,76.52,,,2200.0,,,100.0,24.8,96
87.478,SIGUE_MURO,1,11,2,192.95,990.0,76.52,,,2200.0,,,100.0,24.8,96
87.503,SIGUE_MURO,1,11,2,192.95,990.0,76.52,,,2200.0,,,100.0,24.8,96
87.528,SIGUE_MURO,1,11,2,192.95,990.0,76.52,,,2200.0,,,100.0,24.8,94
87.553,SIGUE_MURO,1,11,2,192.95,990.0,76.52,,,2200.0,,,100.0,24.8,94
87.578,SIGUE_MURO,1,11,2,192.95,990.0,76.52,,,2200.0,,,100.0,24.8,94
87.603,SIGUE_MURO,1,11,2,192.95,990.0,76.52,,,2200.0,,,100.0,24.8,94
87.628,SIGUE_MURO,1,11,2,192.95,990.0,76.52,,,2200.0,,,100.0,24.8,94
87.654,SIGUE_MURO,1,11,2,192.95,990.0,76.52,,,2200.0,,,100.0,24.8,94
87.679,SIGUE_MURO,1,11,2,192.95,990.0,76.52,,,2200.0,,,100.0,24.8,94
87.704,SIGUE_MURO,1,11,2,192.95,990.0,76.52,,,2200.0,,,100.0,24.8,101
87.729,SIGUE_MURO,1,11,2,192.95,990.0,76.52,,,2200.0,,,100.0,24.8,101
87.754,SIGUE_MURO,1,11,2,192.95,990.0,76.52,,,2200.0,,,100.0,24.8,101
87.779,SIGUE_MURO,1,11,2,192.95,990.0,76.52,,,2200.0,,,100.0,24.8,101
87.804,SIGUE_MURO,1,11,2,192.95,990.0,76.52,,,2200.0,,,100.0,24.8,101
87.829,SIGUE_MURO,1,11,2,192.95,990.0,76.52,,,2200.0,,,100.0,24.8,101
87.854,SIGUE_MURO,1,11,2,192.95,990.0,76.52,,,2200.0,,,100.0,24.8,101
87.879,SIGUE_MURO,1,11,2,192.95,990.0,76.52,,,2200.0,,,100.0,24.8,100
87.904,SIGUE_MURO,1,11,2,192.95,990.0,76.52,,,2200.0,,,100.0,24.8,100
87.929,SIGUE_MURO,1,11,2,192.95,990.0,76.52,,,2200.0,,,100.0,24.8,100
87.954,SIGUE_MURO,1,11,2,192.95,990.0,76.52,,,2200.0,,,100.0,24.8,100
87.979,SIGUE_MURO,1,11,2,192.95,990.0,76.52,,,2200.0,,,100.0,24.8,100
88.004,SIGUE_MURO,1,11,2,192.95,990.0,76.52,,,2200.0,,,100.0,24.8,100
88.029,SIGUE_MURO,1,11,2,192.95,990.0,76.52,,,2200.0,,,100.0,24.8,100
88.054,SIGUE_MURO,1,11,2,192.95,990.0,76.52,,,2200.0,,,100.0,24.8,96
88.079,SIGUE_MURO,1,11,2,192.95,990.0,76.52,,,2200.0,,,100.0,24.8,96
88.104,SIGUE_MURO,1,11,2,192.95,990.0,76.52,,,2200.0,,,100.0,24.8,96
88.13,SIGUE_MURO,1,11,2,192.95,990.0,76.52,,,2200.0,,,100.0,24.8,96
88.155,SIGUE_MURO,1,11,2,192.95,990.0,76.52,,,2200.0,,,100.0,24.8,96
88.18,SIGUE_MURO,1,11,2,192.95,990.0,76.52,,,2200.0,,,100.0,24.8,96
88.205,SIGUE_MURO,1,11,2,192.95,990.0,76.52,,,2200.0,,,100.0,24.8,96
88.23,SIGUE_MURO,1,11,2,192.95,990.0,76.52,,,2200.0,,,100.0,24.8,100
88.255,SIGUE_MURO,1,11,2,192.95,990.0,76.52,,,2200.0,,,100.0,24.8,100
88.28,SIGUE_MURO,1,11,2,192.95,990.0,76.52,,,2200.0,,,100.0,24.8,100
88.305,SIGUE_MURO,1,11,2,192.95,990.0,76.52,,,2200.0,,,100.0,24.8,100
88.33,SIGUE_MURO,1,11,2,192.95,990.0,76.52,,,2200.0,,,100.0,24.8,100
88.355,SIGUE_MURO,1,11,2,192.95,990.0,76.52,,,2200.0,,,100.0,24.8,100
88.38,SIGUE_MURO,1,11,2,192.95,990.0,76.52,,,2200.0,,,100.0,24.8,100
88.405,SIGUE_MURO,1,11,2,192.95,990.0,76.52,,,2200.0,,,100.0,24.8,100
88.43,SIGUE_MURO,1,11,2,192.95,990.0,76.52,,,2200.0,,,100.0,24.8,95
88.455,SIGUE_MURO,1,11,2,192.95,990.0,76.52,,,2200.0,,,100.0,24.8,95
88.48,SIGUE_MURO,1,11,2,192.95,990.0,76.52,,,2200.0,,,100.0,24.8,95
88.505,SIGUE_MURO,1,11,2,192.95,990.0,76.52,,,2200.0,,,100.0,24.8,95
88.531,SIGUE_MURO,1,11,2,192.95,990.0,76.52,,,2200.0,,,100.0,24.8,95
88.556,SIGUE_MURO,1,11,2,192.95,990.0,76.52,,,2200.0,,,100.0,24.8,95
88.581,SIGUE_MURO,1,11,2,192.95,990.0,76.52,,,2200.0,,,100.0,24.8,95
88.606,SIGUE_MURO,1,11,2,192.95,990.0,76.52,,,2200.0,,,100.0,24.8,98
88.631,SIGUE_MURO,1,11,2,192.95,990.0,76.52,,,2200.0,,,100.0,24.8,98
88.657,SIGUE_MURO,1,11,2,192.95,990.0,76.52,,,2200.0,,,100.0,24.8,98
88.681,SIGUE_MURO,1,11,2,192.95,990.0,76.52,,,2200.0,,,100.0,24.8,98
88.706,SIGUE_MURO,1,11,2,192.95,990.0,76.52,,,2200.0,,,100.0,24.8,98
88.731,SIGUE_MURO,1,11,2,192.95,990.0,76.52,,,2200.0,,,100.0,24.8,98
88.756,SIGUE_MURO,1,11,2,192.95,990.0,76.52,,,2200.0,,,100.0,24.8,98
88.781,SIGUE_MURO,1,11,2,192.95,990.0,76.52,,,2200.0,,,100.0,24.8,98
88.806,SIGUE_MURO,1,11,2,192.95,990.0,76.52,,,2200.0,,,100.0,24.8,98
88.831,SIGUE_MURO,1,11,2,192.95,990.0,76.52,,,2200.0,,,100.0,24.8,98
88.856,SIGUE_MURO,1,11,2,192.95,990.0,76.52,,,2200.0,,,100.0,24.8,98
88.882,SIGUE_MURO,1,11,2,192.95,990.0,76.52,,,2200.0,,,100.0,24.8,98
88.906,SIGUE_MURO,1,11,2,192.95,990.0,76.52,,,2200.0,,,100.0,24.8,98
88.932,SIGUE_MURO,1,11,2,192.95,990.0,76.52,,,2200.0,,,100.0,24.8,98
88.957,SIGUE_MURO,1,11,2,192.95,990.0,76.52,,,2200.0,,,100.0,24.8,100
88.983,SIGUE_MURO,1,11,2,192.95,990.0,76.52,,,2200.0,,,100.0,24.8,100
89.007,SIGUE_MURO,1,11,2,192.95,990.0,76.52,,,2200.0,,,100.0,24.8,100
89.032,SIGUE_MURO,1,11,2,192.95,990.0,76.52,,,2200.0,,,100.0,24.8,100
89.057,SIGUE_MURO,1,11,2,192.95,990.0,76.52,,,2200.0,,,100.0,24.8,100
89.083,SIGUE_MURO,1,11,2,192.95,990.0,76.52,,,2200.0,,,100.0,24.8,100
89.107,SIGUE_MURO,1,11,2,192.95,990.0,76.52,,,2200.0,,,100.0,24.8,100
89.132,SIGUE_MURO,1,11,2,192.95,990.0,76.52,,,2200.0,,,100.0,24.8,100
89.157,SIGUE_MURO,1,11,2,192.95,990.0,76.52,,,2200.0,,,100.0,24.8,100
89.182,SIGUE_MURO,1,11,2,192.95,990.0,76.52,,,2200.0,,,100.0,24.8,100
89.207,SIGUE_MURO,1,11,2,192.95,990.0,76.52,,,2200.0,,,100.0,24.8,100
89.232,SIGUE_MURO,1,11,2,192.95,990.0,76.52,,,2200.0,,,100.0,24.8,100
89.257,SIGUE_MURO,1,11,2,192.95,990.0,76.52,,,2200.0,,,100.0,24.8,100
89.282,SIGUE_MURO,1,11,2,192.95,990.0,76.52,,,2200.0,,,100.0,24.8,100
89.308,SIGUE_MURO,1,11,2,192.95,990.0,76.52,,,2200.0,,,100.0,24.8,100
89.332,SIGUE_MURO,1,11,2,192.95,990.0,76.52,,,2200.0,,,100.0,24.8,99
89.357,SIGUE_MURO,1,11,2,192.95,990.0,76.52,,,2200.0,,,100.0,24.8,99
89.382,SIGUE_MURO,1,11,2,192.95,990.0,76.52,,,2200.0,,,100.0,24.8,99
89.407,SIGUE_MURO,1,11,2,192.95,990.0,76.52,,,2200.0,,,100.0,24.8,99
89.433,SIGUE_MURO,1,11,2,192.95,990.0,76.52,,,2200.0,,,100.0,24.8,99
89.458,SIGUE_MURO,1,11,2,192.95,990.0,76.52,,,2200.0,,,100.0,24.8,99
89.483,SIGUE_MURO,1,11,2,192.95,990.0,76.52,,,2200.0,,,100.0,24.8,99
89.508,SIGUE_MURO,1,11,2,192.95,990.0,76.52,,,2200.0,,,100.0,24.8,98
89.534,SIGUE_MURO,1,11,2,192.95,990.0,76.52,,,2200.0,,,100.0,24.8,98
89.558,SIGUE_MURO,1,11,2,192.95,990.0,76.52,,,2200.0,,,100.0,24.8,98
89.583,SIGUE_MURO,1,11,2,192.95,990.0,76.52,,,2200.0,,,100.0,24.8,98
89.608,SIGUE_MURO,1,11,2,192.95,990.0,76.52,,,2200.0,,,100.0,24.8,98
89.633,SIGUE_MURO,1,11,2,192.95,990.0,76.52,,,2200.0,,,100.0,24.8,98
89.658,SIGUE_MURO,1,11,2,192.95,990.0,76.52,,,2200.0,,,100.0,24.8,98
89.683,SIGUE_MURO,1,11,2,192.95,990.0,76.52,,,2200.0,,,100.0,24.8,101
89.708,SIGUE_MURO,1,11,2,192.95,990.0,76.52,,,2200.0,,,100.0,24.8,101
89.733,SIGUE_MURO,1,11,2,192.95,990.0,76.52,,,2200.0,,,100.0,24.8,101
89.759,SIGUE_MURO,1,11,2,192.95,990.0,76.52,,,2200.0,,,100.0,24.8,101
89.784,SIGUE_MURO,1,11,2,192.95,990.0,76.52,,,2200.0,,,100.0,24.8,101
89.809,SIGUE_MURO,1,11,2,192.95,990.0,76.52,,,2200.0,,,100.0,24.8,101
89.834,SIGUE_MURO,1,11,2,192.95,990.0,76.52,,,2200.0,,,100.0,24.8,101
89.86,SIGUE_MURO,1,11,2,192.95,990.0,76.52,,,2200.0,,,100.0,24.8,99
89.884,SIGUE_MURO,1,11,2,192.95,990.0,76.52,,,2200.0,,,100.0,24.8,99
89.909,SIGUE_MURO,1,11,2,192.95,990.0,76.52,,,2200.0,,,100.0,24.8,99
89.934,SIGUE_MURO,1,11,2,192.95,990.0,76.52,,,2200.0,,,100.0,24.8,99
89.959,SIGUE_MURO,1,11,2,192.95,990.0,76.52,,,2200.0,,,100.0,24.8,99
89.984,SIGUE_MURO,1,11,2,192.95,990.0,76.52,,,2200.0,,,100.0,24.8,99
90.009,SIGUE_MURO,1,11,2,192.95,990.0,76.52,,,2200.0,,,100.0,24.8,99
90.036,SIGUE_MURO,1,11,2,192.95,990.0,76.52,,,2200.0,,,100.0,24.8,99
90.059,SIGUE_MURO,1,11,2,192.95,990.0,76.52,,,2200.0,,,100.0,24.8,101
90.085,SIGUE_MURO,1,11,2,192.95,990.0,76.52,,,2200.0,,,100.0,24.8,101
90.11,SIGUE_MURO,1,11,2,192.95,990.0,76.52,,,2200.0,,,100.0,24.8,101
90.134,SIGUE_MURO,1,11,2,192.95,990.0,76.52,,,2200.0,,,100.0,24.8,101
90.159,SIGUE_MURO,1,11,2,192.95,990.0,76.52,,,2200.0,,,100.0,24.8,101
90.185,SIGUE_MURO,1,11,2,192.95,990.0,76.52,,,2200.0,,,100.0,24.8,101
90.21,SIGUE_MURO,1,11,2,192.95,990.0,76.52,,,2200.0,,,100.0,24.8,101
90.235,SIGUE_MURO,1,11,2,192.95,990.0,76.52,,,2200.0,,,100.0,24.8,102
90.26,SIGUE_MURO,1,11,2,192.95,990.0,76.52,,,2200.0,,,100.0,24.8,102
90.285,SIGUE_MURO,1,11,2,192.95,990.0,76.52,,,2200.0,,,100.0,24.8,102
90.31,SIGUE_MURO,1,11,2,192.95,990.0,76.52,,,2200.0,,,100.0,24.8,102
90.335,SIGUE_MURO,1,11,2,192.95,990.0,76.52,,,2200.0,,,100.0,24.8,102
90.36,SIGUE_MURO,1,11,2,192.95,990.0,76.52,,,2200.0,,,100.0,24.8,102
90.385,SIGUE_MURO,1,11,2,192.95,990.0,76.52,,,2200.0,,,100.0,24.8,102
90.41,SIGUE_MURO,1,11,2,192.95,990.0,76.52,,,2200.0,,,100.0,24.8,100
90.435,SIGUE_MURO,1,11,2,192.95,990.0,76.52,,,2200.0,,,100.0,24.8,100
90.46,SIGUE_MURO,1,11,2,192.95,990.0,76.52,,,2200.0,,,100.0,24.8,100
90.485,SIGUE_MURO,1,11,2,192.95,990.0,76.52,,,2200.0,,,100.0,24.8,100
90.51,SIGUE_MURO,1,11,2,192.95,990.0,76.52,,,2200.0,,,100.0,24.8,100
90.536,SIGUE_MURO,1,11,2,192.95,990.0,76.52,,,2200.0,,,100.0,24.8,100
90.56,SIGUE_MURO,1,11,2,192.95,990.0,76.52,,,2200.0,,,100.0,24.8,100
90.586,SIGUE_MURO,1,11,2,192.95,990.0,76.52,,,2200.0,,,100.0,24.8,98
90.611,SIGUE_MURO,1,11,2,192.95,990.0,76.52,,,2200.0,,,100.0,24.8,98
90.636,SIGUE_MURO,1,11,2,192.95,990.0,76.52,,,2200.0,,,100.0,24.8,98
90.661,SIGUE_MURO,1,11,2,192.95,990.0,76.52,,,2200.0,,,100.0,24.8,98
90.686,SIGUE_MURO,1,11,2,192.95,990.0,76.52,,,2200.0,,,100.0,24.8,98
90.711,SIGUE_MURO,1,11,2,192.95,990.0,76.52,,,2200.0,,,100.0,24.8,98
90.736,SIGUE_MURO,1,11,2,192.95,990.0,76.52,,,2200.0,,,100.0,24.8,98
90.761,SIGUE_MURO,1,11,2,192.95,990.0,76.52,,,2200.0,,,100.0,24.8,98
90.786,SIGUE_MURO,1,11,2,192.95,990.0,76.52,,,2200.0,,,100.0,24.8,98
90.811,SIGUE_MURO,1,11,2,192.95,990.0,76.52,,,2200.0,,,100.0,24.8,98
90.836,SIGUE_MURO,1,11,2,192.95,990.0,76.52,,,2200.0,,,100.0,24.8,98
90.861,SIGUE_MURO,1,11,2,192.95,990.0,76.52,,,2200.0,,,100.0,24.8,98
90.886,SIGUE_MURO,1,11,2,192.95,990.0,76.52,,,2200.0,,,100.0,24.8,98
90.911,SIGUE_MURO,1,11,2,192.95,990.0,76.52,,,2200.0,,,100.0,24.8,98
90.936,SIGUE_MURO,1,11,2,192.95,990.0,76.52,,,2200.0,,,100.0,24.8,98
90.962,SIGUE_MURO,1,11,2,192.95,990.0,76.52,,,2200.0,,,100.0,24.8,99
90.986,SIGUE_MURO,1,11,2,192.95,990.0,76.52,,,2200.0,,,100.0,24.8,99
91.011,SIGUE_MURO,1,11,2,192.95,990.0,76.52,,,2200.0,,,100.0,24.8,99
91.036,SIGUE_MURO,1,11,2,192.95,990.0,76.52,,,2200.0,,,100.0,24.8,99
91.062,SIGUE_MURO,1,11,2,192.95,990.0,76.52,,,2200.0,,,100.0,24.8,99
91.088,SIGUE_MURO,1,11,2,192.95,990.0,76.52,,,2200.0,,,100.0,24.8,99
91.113,SIGUE_MURO,1,11,2,192.95,990.0,76.52,,,2200.0,,,100.0,24.8,99
91.138,SIGUE_MURO,1,11,2,192.95,990.0,76.52,,,2200.0,,,100.0,24.8,95
91.163,SIGUE_MURO,1,11,2,192.95,990.0,76.52,,,2200.0,,,100.0,24.8,95
91.188,SIGUE_MURO,1,11,2,192.95,990.0,76.52,,,2200.0,,,100.0,24.8,95
91.212,SIGUE_MURO,1,11,2,192.95,990.0,76.52,,,2200.0,,,100.0,24.8,95
91.237,SIGUE_MURO,1,11,2,192.95,990.0,76.52,,,2200.0,,,100.0,24.8,95
91.262,SIGUE_MURO,1,11,2,192.95,990.0,76.52,,,2200.0,,,100.0,24.8,95
91.287,SIGUE_MURO,1,11,2,192.95,990.0,76.52,,,2200.0,,,100.0,24.8,95
91.312,SIGUE_MURO,1,11,2,192.95,990.0,76.52,,,2200.0,,,100.0,24.8,97
91.337,SIGUE_MURO,1,11,2,192.95,990.0,76.52,,,2200.0,,,100.0,24.8,97
91.362,SIGUE_MURO,1,11,2,192.95,990.0,76.52,,,2200.0,,,100.0,24.8,97
91.387,SIGUE_MURO,1,11,2,192.95,990.0,76.52,,,2200.0,,,100.0,24.8,97
91.413,SIGUE_MURO,1,11,2,192.95,990.0,76.52,,,2200.0,,,100.0,24.8,97
91.438,SIGUE_MURO,1,11,2,192.95,990.0,76.52,,,2200.0,,,100.0,24.8,97
91.463,SIGUE_MURO,1,11,2,192.95,990.0,76.52,,,2200.0,,,100.0,24.8,97
91.488,SIGUE_MURO,1,11,2,192.95,990.0,76.52,,,2200.0,,,100.0,24.8,97
91.513,SIGUE_MURO,1,11,2,192.95,990.0,76.52,,,2200.0,,,100.0,24.8,97
91.538,SIGUE_MURO,1,11,2,192.95,990.0,76.52,,,2200.0,,,100.0,24.8,97
91.563,SIGUE_MURO,1,11,2,192.95,990.0,76.52,,,2200.0,,,100.0,24.8,97
91.588,SIGUE_MURO,1,11,2,192.95,990.0,76.52,,,2200.0,,,100.0,24.8,97
91.613,SIGUE_MURO,1,11,2,192.95,990.0,76.52,,,2200.0,,,100.0,24.8,97
91.638,SIGUE_MURO,1,11,2,192.95,990.0,76.52,,,2200.0,,,100.0,24.8,97
91.663,SIGUE_MURO,1,11,2,192.95,990.0,76.52,,,2200.0,,,100.0,24.8,97
91.688,SIGUE_MURO,1,11,2,192.95,990.0,76.52,,,2200.0,,,100.0,24.8,95
91.713,SIGUE_MURO,1,11,2,192.95,990.0,76.52,,,2200.0,,,100.0,24.8,95
91.738,SIGUE_MURO,1,11,2,192.95,990.0,76.52,,,2200.0,,,100.0,24.8,95
91.763,SIGUE_MURO,1,11,2,192.95,990.0,76.52,,,2200.0,,,100.0,24.8,95
91.788,SIGUE_MURO,1,11,2,192.95,990.0,76.52,,,2200.0,,,100.0,24.8,95
91.813,SIGUE_MURO,1,11,2,192.95,990.0,76.52,,,2200.0,,,100.0,24.8,95
91.839,SIGUE_MURO,1,11,2,192.95,990.0,76.52,,,2200.0,,,100.0,24.8,95
91.864,SIGUE_MURO,1,11,2,192.95,990.0,76.52,,,2200.0,,,100.0,24.8,100
91.889,SIGUE_MURO,1,11,2,192.95,990.0,76.52,,,2200.0,,,100.0,24.8,100
91.914,SIGUE_MURO,1,11,2,192.95,990.0,76.52,,,2200.0,,,100.0,24.8,100
91.939,SIGUE_MURO,1,11,2,192.95,990.0,76.52,,,2200.0,,,100.0,24.8,100
91.964,SIGUE_MURO,1,11,2,192.95,990.0,76.52,,,2200.0,,,100.0,24.8,100
91.989,SIGUE_MURO,1,11,2,192.95,990.0,76.52,,,2200.0,,,100.0,24.8,100
92.014,SIGUE_MURO,1,11,2,192.95,990.0,76.52,,,2200.0,,,100.0,24.8,100
92.039,SIGUE_MURO,1,11,2,192.95,990.0,76.52,,,2200.0,,,100.0,24.8,99
92.064,SIGUE_MURO,1,11,2,192.95,990.0,76.52,,,2200.0,,,100.0,24.8,99
92.089,SIGUE_MURO,1,11,2,192.95,990.0,76.52,,,2200.0,,,100.0,24.8,99
92.114,SIGUE_MURO,1,11,2,192.95,990.0,76.52,,,2200.0,,,100.0,24.8,99
92.139,SIGUE_MURO,1,11,2,192.95,990.0,76.52,,,2200.0,,,100.0,24.8,99
92.165,SIGUE_MURO,1,11,2,192.95,990.0,76.52,,,2200.0,,,100.0,24.8,99
92.189,SIGUE_MURO,1,11,2,192.95,990.0,76.52,,,2200.0,,,100.0,24.8,99
92.214,SIGUE_MURO,1,11,2,192.95,990.0,76.52,,,2200.0,,,100.0,24.8,98
92.239,SIGUE_MURO,1,11,2,192.95,990.0,76.52,,,2200.0,,,100.0,24.8,98
92.264,SIGUE_MURO,1,11,2,192.95,990.0,76.52,,,2200.0,,,100.0,24.8,98
92.29,SIGUE_MURO,1,11,2,192.95,990.0,76.52,,,2200.0,,,100.0,24.8,98
92.315,SIGUE_MURO,1,11,2,192.95,990.0,76.52,,,2200.0,,,100.0,24.8,98
92.34,SIGUE_MURO,1,11,2,192.95,990.0,76.52,,,2200.0,,,100.0,24.8,98
92.365,SIGUE_MURO,1,11,2,192.95,990.0,76.52,,,2200.0,,,100.0,24.8,98
92.39,SIGUE_MURO,1,11,2,192.95,990.0,76.52,,,2200.0,,,100.0,24.8,98
92.415,SIGUE_MURO,1,11,2,192.95,990.0,76.52,,,2200.0,,,100.0,24.8,99
92.44,SIGUE_MURO,1,11,2,192.95,990.0,76.52,,,2200.0,,,100.0,24.8,99
92.465,SIGUE_MURO,1,11,2,192.95,990.0,76.52,,,2200.0,,,100.0,24.8,99
92.49,SIGUE_MURO,1,11,2,192.95,990.0,76.52,,,2200.0,,,100.0,24.8,99
92.515,SIGUE_MURO,1,11,2,192.95,990.0,76.52,,,2200.0,,,100.0,24.8,99
92.54,SIGUE_MURO,1,11,2,192.95,990.0,76.52,,,2200.0,,,100.0,24.8,99
92.566,SIGUE_MURO,1,11,2,192.95,990.0,76.52,,,2200.0,,,100.0,24.8,99
92.59,SIGUE_MURO,1,11,2,192.95,990.0,76.52,,,2200.0,,,100.0,24.8,101
92.616,SIGUE_MURO,1,11,2,192.95,990.0,76.52,,,2200.0,,,100.0,24.8,101
92.641,SIGUE_MURO,1,11,2,192.95,990.0,76.52,,,2200.0,,,100.0,24.8,101
92.666,SIGUE_MURO,1,11,2,192.95,990.0,76.52,,,2200.0,,,100.0,24.8,101
92.691,SIGUE_MURO,1,11,2,192.95,990.0,76.52,,,2200.0,,,100.0,24.8,101
92.717,SIGUE_MURO,1,11,2,192.95,990.0,76.52,,,2200.0,,,100.0,24.8,101
92.741,SIGUE_MURO,1,11,2,192.95,990.0,76.52,,,2200.0,,,100.0,24.8,101
92.766,SIGUE_MURO,1,11,2,192.95,990.0,76.52,,,2200.0,,,100.0,24.8,100
92.791,SIGUE_MURO,1,11,2,192.95,990.0,76.52,,,2200.0,,,100.0,24.8,100
92.816,SIGUE_MURO,1,11,2,192.95,990.0,76.52,,,2200.0,,,100.0,24.8,100
92.842,SIGUE_MURO,1,11,2,192.95,990.0,76.52,,,2200.0,,,100.0,24.8,100
92.866,SIGUE_MURO,1,11,2,192.95,990.0,76.52,,,2200.0,,,100.0,24.8,100
92.891,SIGUE_MURO,1,11,2,192.95,990.0,76.52,,,2200.0,,,100.0,24.8,100
92.916,SIGUE_MURO,1,11,2,192.95,990.0,76.52,,,2200.0,,,100.0,24.8,100
92.942,SIGUE_MURO,1,11,2,192.95,990.0,76.52,,,2200.0,,,100.0,24.8,101
92.966,SIGUE_MURO,1,11,2,192.95,990.0,76.52,,,2200.0,,,100.0,24.8,101
92.991,SIGUE_MURO,1,11,2,192.95,990.0,76.52,,,2200.0,,,100.0,24.8,101
93.016,SIGUE_MURO,1,11,2,192.95,990.0,76.52,,,2200.0,,,100.0,24.8,101
93.041,SIGUE_MURO,1,11,2,192.95,990.0,76.52,,,2200.0,,,100.0,24.8,101
93.068,SIGUE_MURO,1,11,2,192.95,990.0,76.52,,,2200.0,,,100.0,24.8,101
93.092,SIGUE_MURO,1,11,2,192.95,990.0,76.52,,,2200.0,,,100.0,24.8,101
93.117,SIGUE_MURO,1,11,2,192.95,990.0,76.52,,,2200.0,,,100.0,24.8,98
93.142,SIGUE_MURO,1,11,2,192.95,990.0,76.52,,,2200.0,,,100.0,24.8,98
93.167,SIGUE_MURO,1,11,2,192.95,990.0,76.52,,,2200.0,,,100.0,24.8,98
93.192,SIGUE_MURO,1,11,2,192.95,990.0,76.52,,,2200.0,,,100.0,24.8,98
93.217,SIGUE_MURO,1,11,2,192.95,990.0,76.52,,,2200.0,,,100.0,24.8,98
93.242,SIGUE_MURO,1,11,2,192.95,990.0,76.52,,,2200.0,,,100.0,24.8,98
93.268,SIGUE_MURO,1,11,2,192.95,990.0,76.52,,,2200.0,,,100.0,24.8,98
93.292,SIGUE_MURO,1,11,2,192.95,990.0,76.52,,,2200.0,,,100.0,24.8,98
93.317,SIGUE_MURO,1,11,2,192.95,990.0,76.52,,,2200.0,,,100.0,24.8,100
93.342,SIGUE_MURO,1,11,2,192.95,990.0,76.52,,,2200.0,,,100.0,24.8,100
93.368,SIGUE_MURO,1,11,2,192.95,990.0,76.52,,,2200.0,,,100.0,24.8,100
93.392,SIGUE_MURO,1,11,2,192.95,990.0,76.52,,,2200.0,,,100.0,24.8,100
93.417,SIGUE_MURO,1,11,2,192.95,990.0,76.52,,,2200.0,,,100.0,24.8,100
93.442,SIGUE_MURO,1,11,2,192.95,990.0,76.52,,,2200.0,,,100.0,24.8,100
93.467,SIGUE_MURO,1,11,2,192.95,990.0,76.52,,,2200.0,,,100.0,24.8,100
93.493,SIGUE_MURO,1,11,2,192.95,990.0,76.52,,,2200.0,,,100.0,24.8,97
93.518,SIGUE_MURO,1,11,2,192.95,990.0,76.52,,,2200.0,,,100.0,24.8,97
93.543,SIGUE_MURO,1,11,2,192.95,990.0,76.52,,,2200.0,,,100.0,24.8,97
93.568,SIGUE_MURO,1,11,2,192.95,990.0,76.52,,,2200.0,,,100.0,24.8,97
93.593,SIGUE_MURO,1,11,2,192.95,990.0,76.52,,,2200.0,,,100.0,24.8,97
93.618,SIGUE_MURO,1,11,2,192.95,990.0,76.52,,,2200.0,,,100.0,24.8,97
93.643,SIGUE_MURO,1,11,2,192.95,990.0,76.52,,,2200.0,,,100.0,24.8,97
93.668,SIGUE_MURO,1,11,2,192.95,990.0,76.52,,,2200.0,,,100.0,24.8,99
93.693,SIGUE_MURO,1,11,2,192.95,990.0,76.52,,,2200.0,,,100.0,24.8,99
93.718,SIGUE_MURO,1,11,2,192.95,990.0,76.52,,,2200.0,,,100.0,24.8,99
93.743,SIGUE_MURO,1,11,2,192.95,990.0,76.52,,,2200.0,,,100.0,24.8,99
93.768,SIGUE_MURO,1,11,2,192.95,990.0,76.52,,,2200.0,,,100.0,24.8,99
93.793,SIGUE_MURO,1,11,2,192.95,990.0,76.52,,,2200.0,,,100.0,24.8,99
93.818,SIGUE_MURO,1,11,2,192.95,990.0,76.52,,,2200.0,,,100.0,24.8,99
93.844,SIGUE_MURO,1,11,2,192.95,990.0,76.52,,,2200.0,,,100.0,24.8,99
93.869,SIGUE_MURO,1,11,2,192.95,990.0,76.52,,,2200.0,,,100.0,24.8,99
93.894,SIGUE_MURO,1,11,2,192.95,990.0,76.52,,,2200.0,,,100.0,24.8,99
93.919,SIGUE_MURO,1,11,2,192.95,990.0,76.52,,,2200.0,,,100.0,24.8,99
93.944,SIGUE_MURO,1,11,2,192.95,990.0,76.52,,,2200.0,,,100.0,24.8,99
93.969,SIGUE_MURO,1,11,2,192.95,990.0,76.52,,,2200.0,,,100.0,24.8,99
93.994,SIGUE_MURO,1,11,2,192.95,990.0,76.52,,,2200.0,,,100.0,24.8,99
94.019,SIGUE_MURO,1,11,2,192.95,990.0,76.52,,,2200.0,,,100.0,24.8,98
94.044,SIGUE_MURO,1,11,2,192.95,990.0,76.52,,,2200.0,,,100.0,24.8,98
94.069,SIGUE_MURO,1,11,2,192.95,990.0,76.52,,,2200.0,,,100.0,24.8,98
94.094,SIGUE_MURO,1,11,2,192.95,990.0,76.52,,,2200.0,,,100.0,24.8,98
94.119,SIGUE_MURO,1,11,2,192.95,990.0,76.52,,,2200.0,,,100.0,24.8,98
94.144,SIGUE_MURO,1,11,2,192.95,990.0,76.52,,,2200.0,,,100.0,24.8,98
94.169,SIGUE_MURO,1,11,2,192.95,990.0,76.52,,,2200.0,,,100.0,24.8,98
94.194,SIGUE_MURO,1,11,2,192.95,990.0,76.52,,,2200.0,,,100.0,24.8,98
94.219,SIGUE_MURO,1,11,2,192.95,990.0,76.52,,,2200.0,,,100.0,24.8,101
94.244,SIGUE_MURO,1,11,2,192.95,990.0,76.52,,,2200.0,,,100.0,24.8,101
94.27,SIGUE_MURO,1,11,2,192.95,990.0,76.52,,,2200.0,,,100.0,24.8,101
94.294,SIGUE_MURO,1,11,2,192.95,990.0,76.52,,,2200.0,,,100.0,24.8,101
94.32,SIGUE_MURO,1,11,2,192.95,990.0,76.52,,,2200.0,,,100.0,24.8,101
94.345,SIGUE_MURO,1,11,2,192.95,990.0,76.52,,,2200.0,,,100.0,24.8,101
94.37,SIGUE_MURO,1,11,2,192.95,990.0,76.52,,,2200.0,,,100.0,24.8,101
94.395,SIGUE_MURO,1,11,2,192.95,990.0,76.52,,,2200.0,,,100.0,24.8,95
94.42,SIGUE_MURO,1,11,2,192.95,990.0,76.52,,,2200.0,,,100.0,24.8,95
94.445,SIGUE_MURO,1,11,2,192.95,990.0,76.52,,,2200.0,,,100.0,24.8,95
94.47,SIGUE_MURO,1,11,2,192.95,990.0,76.52,,,2200.0,,,100.0,24.8,95
94.496,SIGUE_MURO,1,11,2,192.95,990.0,76.52,,,2200.0,,,100.0,24.8,95
94.52,SIGUE_MURO,1,11,2,192.95,990.0,76.52,,,2200.0,,,100.0,24.8,95
94.545,SIGUE_MURO,1,11,2,192.95,990.0,76.52,,,2200.0,,,100.0,24.8,95
94.57,SIGUE_MURO,1,11,2,192.95,990.0,76.52,,,2200.0,,,100.0,24.8,97
94.596,SIGUE_MURO,1,11,2,192.95,990.0,76.52,,,2200.0,,,100.0,24.8,97
94.62,SIGUE_MURO,1,11,2,192.95,990.0,76.52,,,2200.0,,,100.0,24.8,97
94.645,SIGUE_MURO,1,11,2,192.95,990.0,76.52,,,2200.0,,,100.0,24.8,97
94.67,SIGUE_MURO,1,11,2,192.95,990.0,76.52,,,2200.0,,,100.0,24.8,97
94.696,SIGUE_MURO,1,11,2,192.95,990.0,76.52,,,2200.0,,,100.0,24.8,97
94.72,SIGUE_MURO,1,11,2,192.95,990.0,76.52,,,2200.0,,,100.0,24.8,97
94.745,SIGUE_MURO,1,11,2,192.95,990.0,76.52,,,2200.0,,,100.0,24.8,99
94.771,SIGUE_MURO,1,11,2,192.95,990.0,76.52,,,2200.0,,,100.0,24.8,99
94.796,SIGUE_MURO,1,11,2,192.95,990.0,76.52,,,2200.0,,,100.0,24.8,99
94.821,SIGUE_MURO,1,11,2,192.95,990.0,76.52,,,2200.0,,,100.0,24.8,99
94.846,SIGUE_MURO,1,11,2,192.95,990.0,76.52,,,2200.0,,,100.0,24.8,99
94.871,SIGUE_MURO,1,11,2,192.95,990.0,76.52,,,2200.0,,,100.0,24.8,99
94.896,SIGUE_MURO,1,11,2,192.95,990.0,76.52,,,2200.0,,,100.0,24.8,99
94.922,SIGUE_MURO,1,11,2,192.95,990.0,76.52,,,2200.0,,,100.0,24.8,99
94.946,SIGUE_MURO,1,11,2,192.95,990.0,76.52,,,2200.0,,,100.0,24.8,97
94.971,SIGUE_MURO,1,11,2,192.95,990.0,76.52,,,2200.0,,,100.0,24.8,97
94.996,SIGUE_MURO,1,11,2,192.95,990.0,76.52,,,2200.0,,,100.0,24.8,97
95.021,SIGUE_MURO,1,11,2,192.95,990.0,76.52,,,2200.0,,,100.0,24.8,97
95.046,SIGUE_MURO,1,11,2,192.95,990.0,76.52,,,2200.0,,,100.0,24.8,97
95.071,SIGUE_MURO,1,11,2,192.95,990.0,76.52,,,2200.0,,,100.0,24.8,97
95.096,SIGUE_MURO,1,11,2,192.95,990.0,76.52,,,2200.0,,,100.0,24.8,97
95.122,SIGUE_MURO,1,11,2,192.95,990.0,76.52,,,2200.0,,,100.0,24.8,98
95.147,SIGUE_MURO,1,11,2,192.95,990.0,76.52,,,2200.0,,,100.0,24.8,98
95.172,SIGUE_MURO,1,11,2,192.95,990.0,76.52,,,2200.0,,,100.0,24.8,98
95.196,SIGUE_MURO,1,11,2,192.95,990.0,76.52,,,2200.0,,,100.0,24.8,98
95.222,SIGUE_MURO,1,11,2,192.95,990.0,76.52,,,2200.0,,,100.0,24.8,98
95.247,SIGUE_MURO,1,11,2,192.95,990.0,76.52,,,2200.0,,,100.0,24.8,98
95.272,SIGUE_MURO,1,11,2,192.95,990.0,76.52,,,2200.0,,,100.0,24.8,98
95.297,SIGUE_MURO,1,11,2,192.95,990.0,76.52,,,2200.0,,,100.0,24.8,100
95.322,SIGUE_MURO,1,11,2,192.95,990.0,76.52,,,2200.0,,,100.0,24.8,100
95.347,SIGUE_MURO,1,11,2,192.95,990.0,76.52,,,2200.0,,,100.0,24.8,100
95.373,SIGUE_MURO,1,11,2,192.95,990.0,76.52,,,2200.0,,,100.0,24.8,100
95.397,SIGUE_MURO,1,11,2,192.95,990.0,76.52,,,2200.0,,,100.0,24.8,100
95.422,SIGUE_MURO,1,11,2,192.95,990.0,76.52,,,2200.0,,,100.0,24.8,100
95.447,SIGUE_MURO,1,11,2,192.95,990.0,76.52,,,2200.0,,,100.0,24.8,100
95.473,SIGUE_MURO,1,11,2,192.95,990.0,76.52,,,2200.0,,,100.0,24.8,97
95.497,SIGUE_MURO,1,11,2,192.95,990.0,76.52,,,2200.0,,,100.0,24.8,97
95.522,SIGUE_MURO,1,11,2,192.95,990.0,76.52,,,2200.0,,,100.0,24.8,97
95.547,SIGUE_MURO,1,11,2,192.95,990.0,76.52,,,2200.0,,,100.0,24.8,97
95.573,SIGUE_MURO,1,11,2,192.95,990.0,76.52,,,2200.0,,,100.0,24.8,97
95.598,SIGUE_MURO,1,11,2,192.95,990.0,76.52,,,2200.0,,,100.0,24.8,97
95.623,SIGUE_MURO,1,11,2,192.95,990.0,76.52,,,2200.0,,,100.0,24.8,97
95.648,SIGUE_MURO,1,11,2,192.95,990.0,76.52,,,2200.0,,,100.0,24.8,99
95.673,SIGUE_MURO,1,11,2,192.95,990.0,76.52,,,2200.0,,,100.0,24.8,99
95.698,SIGUE_MURO,1,11,2,192.95,990.0,76.52,,,2200.0,,,100.0,24.8,99
95.723,SIGUE_MURO,1,11,2,192.95,990.0,76.52,,,2200.0,,,100.0,24.8,99
95.748,SIGUE_MURO,1,11,2,192.95,990.0,76.52,,,2200.0,,,100.0,24.8,99
95.773,SIGUE_MURO,1,11,2,192.95,990.0,76.52,,,2200.0,,,100.0,24.8,99
95.798,SIGUE_MURO,1,11,2,192.95,990.0,76.52,,,2200.0,,,100.0,24.8,99
95.824,SIGUE_MURO,1,11,2,192.95,990.0,76.52,,,2200.0,,,100.0,24.8,99
95.848,SIGUE_MURO,1,11,2,192.95,990.0,76.52,,,2200.0,,,100.0,24.8,98
95.873,SIGUE_MURO,1,11,2,192.95,990.0,76.52,,,2200.0,,,100.0,24.8,98
95.898,SIGUE_MURO,1,11,2,192.95,990.0,76.52,,,2200.0,,,100.0,24.8,98
95.924,SIGUE_MURO,1,11,2,192.95,990.0,76.52,,,2200.0,,,100.0,24.8,98
95.948,SIGUE_MURO,1,11,2,192.95,990.0,76.52,,,2200.0,,,100.0,24.8,98
95.973,SIGUE_MURO,1,11,2,192.95,990.0,76.52,,,2200.0,,,100.0,24.8,98
95.999,SIGUE_MURO,1,11,2,192.95,990.0,76.52,,,2200.0,,,100.0,24.8,98
96.025,SIGUE_MURO,1,11,2,192.95,990.0,76.52,,,2200.0,,,100.0,24.8,98
96.049,SIGUE_MURO,1,11,2,192.95,990.0,76.52,,,2200.0,,,100.0,24.8,98
96.074,SIGUE_MURO,1,11,2,192.95,990.0,76.52,,,2200.0,,,100.0,24.8,98
96.099,SIGUE_MURO,1,11,2,192.95,990.0,76.52,,,2200.0,,,100.0,24.8,98
96.124,SIGUE_MURO,1,11,2,192.95,990.0,76.52,,,2200.0,,,100.0,24.8,98
96.149,SIGUE_MURO,1,11,2,192.95,990.0,76.52,,,2200.0,,,100.0,24.8,98
96.174,SIGUE_MURO,1,11,2,192.95,990.0,76.52,,,2200.0,,,100.0,24.8,98
96.2,SIGUE_MURO,1,11,2,192.95,990.0,76.52,,,2200.0,,,100.0,24.8,97
96.225,SIGUE_MURO,1,11,2,192.95,990.0,76.52,,,2200.0,,,100.0,24.8,97
96.251,SIGUE_MURO,1,11,2,192.95,990.0,76.52,,,2200.0,,,100.0,24.8,97
96.275,SIGUE_MURO,1,11,2,192.95,990.0,76.52,,,2200.0,,,100.0,24.8,97
96.299,SIGUE_MURO,1,11,2,192.95,990.0,76.52,,,2200.0,,,100.0,24.8,97
96.324,SIGUE_MURO,1,11,2,192.95,990.0,76.52,,,2200.0,,,100.0,24.8,97
96.349,SIGUE_MURO,1,11,2,192.95,990.0,76.52,,,2200.0,,,100.0,24.8,97
96.375,SIGUE_MURO,1,11,2,192.95,990.0,76.52,,,2200.0,,,100.0,24.8,100
96.4,SIGUE_MURO,1,11,2,192.95,990.0,76.52,,,2200.0,,,100.0,24.8,100
96.425,SIGUE_MURO,1,11,2,192.95,990.0,76.52,,,2200.0,,,100.0,24.8,100
96.45,SIGUE_MURO,1,11,2,192.95,990.0,76.52,,,2200.0,,,100.0,24.8,100
96.476,SIGUE_MURO,1,11,2,192.95,990.0,76.52,,,2200.0,,,100.0,24.8,100
96.501,SIGUE_MURO,1,11,2,192.95,990.0,76.52,,,2200.0,,,100.0,24.8,100
96.525,SIGUE_MURO,1,11,2,192.95,990.0,76.52,,,2200.0,,,100.0,24.8,100
96.55,SIGUE_MURO,1,11,2,192.95,990.0,76.52,,,2200.0,,,100.0,24.8,100
96.575,SIGUE_MURO,1,11,2,192.95,990.0,76.52,,,2200.0,,,100.0,24.8,96
96.6,SIGUE_MURO,1,11,2,192.95,990.0,76.52,,,2200.0,,,100.0,24.8,96
96.625,SIGUE_MURO,1,11,2,192.95,990.0,76.52,,,2200.0,,,100.0,24.8,96
96.65,SIGUE_MURO,1,11,2,192.95,990.0,76.52,,,2200.0,,,100.0,24.8,96
96.675,SIGUE_MURO,1,11,2,192.95,990.0,76.52,,,2200.0,,,100.0,24.8,96
96.7,SIGUE_MURO,1,11,2,192.95,990.0,76.52,,,2200.0,,,100.0,24.8,96
96.726,SIGUE_MURO,1,11,2,192.95,990.0,76.52,,,2200.0,,,100.0,24.8,96
96.751,SIGUE_MURO,1,11,2,192.95,990.0,76.52,,,2200.0,,,100.0,24.8,98
96.776,SIGUE_MURO,1,11,2,192.95,990.0,76.52,,,2200.0,,,100.0,24.8,98
96.802,SIGUE_MURO,1,11,2,192.95,990.0,50.52,150.6,,1287.1,,,100.0,24.8,198
96.827,SIGUE_MURO,1,11,2,192.95,990.0,50.52,150.6,,785.0,,,100.0,24.8,198
96.852,GIRO,1,12,3,192.95,1080.0,166.52,150.6,,508.8,,,100.0,22.0,198
96.876,GIRO,1,12,3,192.95,1080.0,166.52,,,358.5,,,100.0,22.0,190
96.901,GIRO,1,12,3,192.95,1080.0,166.52,,,275.8,,,100.0,22.0,190
96.926,GIRO,1,12,3,192.95,1080.0,166.52,,,230.7,,,100.0,22.0,194
96.951,GIRO,1,12,3,192.95,1080.0,166.52,,,205.9,,,100.0,22.0,194
96.976,GIRO,1,12,3,192.95,1080.0,166.52,,,192.3,,,100.0,22.0,194
97.003,GIRO,1,12,3,192.95,1080.0,166.52,,,187.5,,,100.0,22.0,172
97.026,GIRO,1,12,3,192.95,1080.0,166.52,,,184.8,,,100.0,22.0,172
97.051,GIRO,1,12,3,192.95,1080.0,166.52,,,183.4,,,100.0,22.0,172
97.076,GIRO,1,12,3,192.95,1080.0,166.52,,,180.5,,,100.0,22.0,177
97.101,GIRO,1,12,3,192.95,1080.0,166.52,,,178.9,,,100.0,22.0,177
97.127,GIRO,1,12,3,192.95,1080.0,166.52,,,178.2,,,100.0,22.0,171
97.152,GIRO,1,12,3,192.95,1080.0,166.52,,,177.9,,,100.0,22.0,171
97.177,GIRO,1,12,3,192.95,1080.0,166.52,,,177.7,,,100.0,22.0,171
97.203,GIRO,1,12,3,192.95,1080.0,166.52,,22.1,242.2,,,100.0,22.0,173
97.228,GIRO,1,12,3,192.95,1080.0,166.52,,22.1,277.7,,,100.0,22.0,173
97.253,GIRO,1,12,3,192.95,1080.0,166.52,,22.1,297.2,,,100.0,22.0,173
97.278,GIRO,1,12,3,192.95,1080.0,166.52,,60.8,279.6,,,100.0,22.0,177
97.303,GIRO,1,12,3,192.95,1080.0,166.52,,82.0,269.8,,,100.0,22.0,177
97.328,GIRO,1,12,3,192.95,1080.0,166.52,,87.4,264.9,,,100.0,22.0,168
97.353,GIRO,1,12,3,192.95,1080.0,166.52,,90.3,262.3,,,100.0,22.0,168
97.378,GIRO,1,12,3,192.95,1080.0,166.52,,91.9,260.8,,,100.0,22.0,168
97.403,GIRO,1,12,3,192.95,1080.0,166.52,,109.4,252.9,,,100.0,22.0,177
97.428,GIRO,1,12,3,192.95,1080.0,166.52,,119.0,248.6,,,100.0,22.0,177
97.454,GIRO,1,12,3,192.95,1080.0,166.52,,124.3,246.2,,,100.0,22.0,177
97.478,GIRO,1,12,3,192.95,1080.0,166.52,,121.0,249.2,,,100.0,22.0,168
97.504,GIRO,1,12,3,192.95,1080.0,166.52,,119.2,250.8,,,100.0,22.0,168
97.529,GIRO,1,12,3,192.95,1080.0,166.52,,125.6,255.5,,,100.0,22.0,166
97.554,GIRO,1,12,3,192.95,1080.0,166.52,,129.2,258.0,,,100.0,22.0,166
97.579,GIRO,1,12,3,192.95,1080.0,166.52,,131.1,259.4,,,100.0,22.0,166
97.604,GIRO,1,12,3,192.95,1080.0,166.52,,133.6,262.1,,,100.0,22.0,167
97.629,GIRO,1,12,3,192.95,1080.0,166.52,,135.0,263.6,,,100.0,22.0,167
97.654,GIRO,1,12,3,192.95,1080.0,166.52,,135.7,264.4,,,100.0,22.0,167
97.68,GIRO,1,12,3,192.95,1080.0,166.52,,137.0,264.9,,,100.0,22.0,172
97.704,GIRO,1,12,3,192.95,1080.0,166.52,,137.7,265.1,,,100.0,22.0,172
97.729,GIRO,1,12,3,192.95,1080.0,166.52,,139.6,262.4,,,100.0,22.0,165
97.754,GIRO,1,12,3,192.95,1080.0,166.52,,140.7,260.8,,,100.0,22.0,165
97.78,GIRO,1,12,3,192.95,1080.0,166.52,,141.2,260.0,,,100.0,22.0,165
97.803,GIRO,1,12,3,192.95,1080.0,166.52,,,261.5,,,100.0,22.0,166
97.828,GIRO,1,12,3,192.95,1080.0,166.52,,,262.3,,,100.0,22.0,166
97.853,GIRO,1,12,3,192.95,1080.0,166.52,,,262.7,,,100.0,22.0,166
97.879,GIRO,1,12,3,192.95,1080.0,166.52,,,261.0,,,100.0,22.0,172
97.903,GIRO,1,12,3,192.95,1080.0,166.52,,,260.1,,,100.0,22.0,172
97.93,GIRO,1,12,3,192.95,1080.0,166.52,,147.7,259.1,,,100.0,22.0,169
97.954,GIRO,1,12,3,192.95,1080.0,166.52,,147.7,258.6,,,100.0,22.0,169
97.98,GIRO,1,12,3,192.95,1080.0,166.52,,147.7,258.3,,,100.0,22.0,169
98.004,GIRO,1,12,3,192.95,1080.0,166.52,,,258.1,,,100.0,22.0,173
98.029,GIRO,1,12,3,192.95,1080.0,166.52,,,258.0,,,100.0,22.0,173
98.054,GIRO,1,12,3,192.95,1080.0,166.52,,,258.0,,,100.0,22.0,173
98.08,GIRO,1,12,3,192.95,1080.0,166.52,,138.5,256.1,,,100.0,22.0,172
98.105,GIRO,1,12,3,192.95,1080.0,166.52,,138.5,255.1,,,100.0,22.0,172
98.13,GIRO,1,12,3,192.95,1080.0,166.52,,140.6,253.2,,,100.0,22.0,167
98.155,GIRO,1,12,3,192.95,1080.0,166.52,,141.7,252.2,,,100.0,22.0,167
98.18,GIRO,1,12,3,192.95,1080.0,166.52,,142.3,251.6,,,100.0,22.0,167
98.205,GIRO,1,12,3,192.95,1080.0,166.52,,143.1,252.1,,,100.0,22.0,170
98.23,GIRO,1,12,3,192.95,1080.0,166.52,,143.6,252.5,,,100.0,22.0,170
98.255,GIRO,1,12,3,192.95,1080.0,166.52,,143.9,252.6,,,100.0,22.0,170
98.28,GIRO,1,12,3,192.95,1080.0,166.52,,127.1,247.6,,,100.0,22.0,176
98.305,GIRO,1,12,3,192.95,1080.0,166.52,,117.8,244.9,,,100.0,22.0,176
98.331,GIRO,1,12,3,192.95,1080.0,166.52,,126.9,247.6,,,100.0,22.0,172
98.355,GIRO,1,12,3,192.95,1080.0,166.52,,131.8,249.0,,,100.0,22.0,172
98.381,GIRO,1,12,3,192.95,1080.0,166.52,,134.6,249.9,,,100.0,22.0,172
98.406,GIRO,1,12,3,192.95,1080.0,166.52,,131.5,244.5,,,100.0,22.0,171
98.431,GIRO,1,12,3,192.95,1080.0,166.52,,129.9,241.5,,,100.0,22.0,171
98.457,GIRO,1,12,3,192.95,1080.0,166.52,,129.0,239.9,,,100.0,22.0,171
98.481,GIRO,1,12,3,192.95,1080.0,166.52,,131.8,244.8,,,100.0,22.0,179
98.506,GIRO,1,12,3,192.95,1080.0,166.52,,133.3,247.6,,,100.0,22.0,179
98.531,GIRO,1,12,3,192.95,1080.0,166.52,,129.8,247.7,,,100.0,22.0,174
98.556,GIRO,1,12,3,192.95,1080.0,166.52,,127.9,247.8,,,100.0,22.0,174
98.581,GIRO,1,12,3,192.95,1080.0,166.52,,126.9,247.9,,,100.0,22.0,174
98.606,GIRO,1,12,3,192.95,1080.0,166.52,,131.9,242.6,,,100.0,22.0,173
98.631,GIRO,1,12,3,192.95,1080.0,166.52,,134.7,239.7,,,100.0,22.0,173
98.656,GIRO,1,12,3,192.95,1080.0,166.52,,136.2,238.1,,,100.0,22.0,173
98.681,GIRO,1,12,3,192.95,1080.0,166.52,,,226.0,,,100.0,22.0,177
98.705,GIRO,1,12,3,192.95,1080.0,166.52,,,219.3,,,100.0,22.0,177
98.73,GIRO,1,12,3,192.95,1080.0,166.52,,,200.2,,,100.0,22.0,183
98.755,GIRO,1,12,3,192.95,1080.0,166.52,,,189.8,,,100.0,22.0,183
98.78,GIRO,1,12,3,192.95,1080.0,166.52,,,184.0,,,100.0,22.0,183
98.805,GIRO,1,12,3,192.95,1080.0,166.52,,,182.5,,,100.0,22.0,183
98.83,GIRO,1,12,3,192.95,1080.0,166.52,,,181.7,,,100.0,22.0,183
98.855,GIRO,1,12,3,192.95,1080.0,166.52,,,181.2,,,100.0,22.0,183
98.881,GIRO,1,12,3,192.95,1080.0,166.52,,,179.7,,,100.0,22.0,178
98.906,GIRO,1,12,3,192.95,1080.0,166.52,,,178.9,,,100.0,22.0,178
98.931,GIRO,1,12,3,192.95,1080.0,166.52,,,184.7,,,100.0,22.0,179
98.956,GIRO,1,12,3,192.95,1080.0,166.52,,,187.9,,,100.0,22.0,179
98.981,GIRO,1,12,3,192.95,1080.0,166.52,,,189.7,,,100.0,22.0,179
99.006,GIRO,1,12,3,192.95,1080.0,166.52,,,182.7,,,100.0,22.0,181
99.031,GIRO,1,12,3,192.95,1080.0,166.52,,,178.9,,,100.0,22.0,181
99.056,GIRO,1,12,3,192.95,1080.0,166.52,,,176.8,,,100.0,22.0,181
99.082,GIRO,1,12,3,192.95,1080.0,166.52,,99.4,204.7,,,100.0,22.0,184
99.108,GIRO,1,12,3,192.95,1080.0,166.52,,99.4,220.1,,,100.0,22.0,184
99.131,GIRO,1,12,3,192.95,1080.0,166.52,,,200.3,,,100.0,22.0,173
99.156,GIRO,1,12,3,192.95,1080.0,166.52,,,189.4,,,100.0,22.0,173
99.181,GIRO,1,12,3,192.95,1080.0,166.52,,,183.4,,,100.0,22.0,173
99.206,GIRO,1,12,3,192.95,1080.0,166.52,,,180.7,,,100.0,22.0,182
99.231,GIRO,1,12,3,192.95,1080.0,166.52,,,179.2,,,100.0,22.0,182
99.256,GIRO,1,12,3,192.95,1080.0,166.52,,,178.4,,,100.0,22.0,182
99.282,GIRO,1,12,3,192.95,1080.0,166.52,,,176.9,,,100.0,22.0,180
99.307,GIRO,1,12,3,192.95,1080.0,166.52,,,176.1,,,100.0,22.0,180
99.332,GIRO,1,12,3,192.95,1080.0,166.52,,,176.5,,,100.0,22.0,176
99.357,GIRO,1,12,3,192.95,1080.0,166.52,,,176.7,,,100.0,22.0,176
99.382,GIRO,1,12,3,192.95,1080.0,166.52,,,176.8,,,100.0,22.0,176
99.407,GIRO,1,12,3,192.95,1080.0,166.52,,,176.5,,,100.0,22.0,183
99.433,GIRO,1,12,3,192.95,1080.0,166.52,,,176.3,,,100.0,22.0,183
99.457,GIRO,1,12,3,192.95,1080.0,166.52,,,176.2,,,100.0,22.0,183
99.482,GIRO,1,12,3,192.95,1080.0,166.52,,,175.9,,,100.0,22.0,180
99.507,GIRO,1,12,3,192.95,1080.0,166.52,,,175.8,,,100.0,22.0,180
99.532,GIRO,1,12,3,192.95,1080.0,166.52,,,177.3,,,100.0,22.0,182
99.557,GIRO,1,12,3,192.95,1080.0,166.52,,,178.2,,,100.0,22.0,182
99.582,GIRO,1,12,3,192.95,1080.0,166.52,,,178.7,,,100.0,22.0,182
99.607,GIRO,1,12,3,192.95,1080.0,166.52,,,177.5,,,100.0,22.0,178
99.632,GIRO,1,12,3,192.95,1080.0,166.52,,,176.8,,,100.0,22.0,178
99.657,GIRO,1,12,3,192.95,1080.0,166.52,,,176.5,,,100.0,22.0,178
99.683,GIRO,1,12,3,192.95,1080.0,166.52,,,175.9,,,100.0,22.0,182
99.708,GIRO,1,12,3,192.95,1080.0,166.52,,,175.6,,,100.0,22.0,182
99.733,GIRO,1,12,3,192.95,1080.0,166.52,,,176.6,,,100.0,22.0,182
99.758,GIRO,1,12,3,192.95,1080.0,166.52,,,177.2,,,100.0,22.0,182
99.783,GIRO,1,12,3,192.95,1080.0,166.52,,,177.5,,,100.0,22.0,182
99.808,GIRO,1,12,3,192.95,1080.0,166.52,,,177.9,,,100.0,22.0,178
99.833,GIRO,1,12,3,192.95,1080.0,166.52,,,178.1,,,100.0,22.0,178
99.858,GIRO,1,12,3,192.95,1080.0,166.52,,,178.2,,,100.0,22.0,178
99.883,GIRO,1,12,3,192.95,1080.0,166.52,,,179.5,,,100.0,22.0,179
99.908,GIRO,1,12,3,192.95,1080.0,166.52,,,180.2,,,100.0,22.0,179
99.933,GIRO,1,12,3,192.95,1080.0,166.52,,,178.2,,,100.0,22.0,178
99.958,GIRO,1,12,3,192.95,1080.0,166.52,,,177.0,,,100.0,22.0,178
99.983,GIRO,1,12,3,192.95,1080.0,166.52,,,176.4,,,100.0,22.0,178
100.008,GIRO,1,12,3,192.95,1080.0,166.52,,,176.0,,,100.0,22.0,183
100.033,GIRO,1,12,3,192.95,1080.0,166.52,,,175.8,,,100.0,22.0,183
100.058,GIRO,1,12,3,192.95,1080.0,166.52,,,175.7,,,100.0,22.0,183
100.084,GIRO,1,12,3,192.95,1080.0,166.52,,,175.7,,,100.0,22.0,178
100.109,GIRO,1,12,3,192.95,1080.0,166.52,,,175.6,,,100.0,22.0,178
100.134,GIRO,1,12,3,192.95,1080.0,166.52,,,176.6,,,100.0,22.0,179
100.159,GIRO,1,12,3,192.95,1080.0,166.52,,,177.2,,,100.0,22.0,179
100.184,GIRO,1,12,3,192.95,1080.0,166.52,,,177.5,,,100.0,22.0,179
100.209,GIRO,1,12,3,192.95,1080.0,166.52,,,175.8,,,100.0,22.0,180
100.234,GIRO,1,12,3,192.95,1080.0,166.52,,,174.9,,,100.0,22.0,180
100.259,GIRO,1,12,3,192.95,1080.0,166.52,,,174.4,,,100.0,22.0,180
100.284,GIRO,1,12,3,192.95,1080.0,166.52,,,175.0,,,100.0,22.0,177
100.31,GIRO,1,12,3,192.95,1080.0,166.52,,,175.3,,,100.0,22.0,177
100.334,GIRO,1,12,3,192.95,1080.0,166.52,,,174.6,,,100.0,22.0,180
100.359,GIRO,1,12,3,192.95,1080.0,166.52,,,174.3,,,100.0,22.0,180
100.384,GIRO,1,12,3,192.95,1080.0,166.52,,,174.1,,,100.0,22.0,180
100.409,GIRO,1,12,3,192.95,1080.0,166.52,,,174.6,,,100.0,22.0,179
100.434,GIRO,1,12,3,192.95,1080.0,166.52,,,174.8,,,100.0,22.0,179
100.46,GIRO,1,12,3,192.95,1080.0,166.52,,,175.0,,,100.0,22.0,179
100.484,GIRO,1,12,3,192.95,1080.0,166.52,,,174.5,,,100.0,22.0,179
100.51,GIRO,1,12,3,192.95,1080.0,166.52,,,174.2,,,100.0,22.0,179
100.536,GIRO,1,12,3,192.95,1080.0,166.52,,,174.2,,,100.0,22.0,182
100.56,GIRO,1,12,3,192.95,1080.0,166.52,,,174.3,,,100.0,22.0,182
100.585,GIRO,1,12,3,192.95,1080.0,166.52,,,174.3,,,100.0,22.0,182
100.61,GIRO,1,12,3,192.95,1080.0,166.52,,,176.3,,,100.0,22.0,178
100.636,GIRO,1,12,3,192.95,1080.0,166.52,,,177.4,,,100.0,22.0,178
100.661,GIRO,1,12,3,192.95,1080.0,166.52,,,178.0,,,100.0,22.0,178
100.685,GIRO,1,12,3,192.95,1080.0,166.52,,,178.8,,,100.0,22.0,178
100.711,GIRO,1,12,3,192.95,1080.0,166.52,,,179.2,,,100.0,22.0,178
100.736,GIRO,1,12,3,192.95,1080.0,166.52,,,176.6,,,100.0,22.0,178
100.761,GIRO,1,12,3,192.95,1080.0,166.52,,,175.2,,,100.0,22.0,178
100.786,GIRO,1,12,3,192.95,1080.0,166.52,,,174.4,,,100.0,22.0,178
100.811,GIRO,1,12,3,192.95,1080.0,166.52,,,175.1,,,100.0,22.0,179
100.836,GIRO,1,12,3,192.95,1080.0,166.52,,,175.5,,,100.0,22.0,179
100.862,GIRO,1,12,3,192.95,1080.0,166.52,,,175.8,,,100.0,22.0,179
100.886,GIRO,1,12,3,192.95,1080.0,166.52,,,178.8,,,100.0,22.0,186
100.911,GIRO,1,12,3,192.95,1080.0,166.52,,,180.5,,,100.0,22.0,186
100.936,GIRO,1,12,3,192.95,1080.0,166.52,,,178.3,,,100.0,22.0,183
100.961,GIRO,1,12,3,192.95,1080.0,166.52,,,177.1,,,100.0,22.0,183
100.987,GIRO,1,12,3,192.95,1080.0,166.52,,,176.4,,,100.0,22.0,183
101.011,GIRO,1,12,3,192.95,1080.0,166.52,,,175.7,,,100.0,22.0,178
101.036,GIRO,1,12,3,192.95,1080.0,166.52,,,175.2,,,100.0,22.0,178
101.062,GIRO,1,12,3,192.95,1080.0,166.52,,,175.0,,,100.0,22.0,178
101.087,GIRO,1,12,3,192.95,1080.0,166.52,,,176.3,,,100.0,22.0,178
101.112,GIRO,1,12,3,192.95,1080.0,166.52,,,177.0,,,100.0,22.0,178
101.137,GIRO,1,12,3,192.95,1080.0,166.52,,,177.4,,,100.0,22.0,179
101.162,GIRO,1,12,3,192.95,1080.0,166.52,,,177.6,,,100.0,22.0,179
101.189,GIRO,1,12,3,192.95,1080.0,166.52,,,177.7,,,100.0,22.0,179
101.212,GIRO,1,12,3,192.95,1080.0,166.52,,,176.8,,,100.0,22.0,181
101.237,GIRO,1,12,3,192.95,1080.0,166.52,,,176.2,,,100.0,22.0,181
101.262,GIRO,1,12,3,192.95,1080.0,166.52,,,176.0,,,100.0,22.0,181
101.288,GIRO,1,12,3,192.95,1080.0,166.52,,,183.3,,,100.0,22.0,181
101.313,GIRO,1,12,3,192.95,1080.0,166.52,,,187.4,,,100.0,22.0,181
101.338,GIRO,1,12,3,192.95,1080.0,166.52,,,183.5,,,100.0,22.0,178
101.363,FINAL,1,12,3,192.95,1080.0,166.52,,,181.4,,,100.0,22.0,178
101.387,FINAL,1,12,3,192.95,1080.0,166.52,,,180.2,,,100.0,22.0,178
101.413,FINAL,1,12,3,192.95,1080.0,166.52,,,177.9,,,100.0,22.0,179
101.437,FINAL,1,12,3,192.95,1080.0,166.52,,,176.7,,,100.0,22.0,179
101.463,FINAL,1,12,3,192.95,1080.0,166.52,,,175.8,,,100.0,22.0,181
101.488,FINAL,1,12,3,192.95,1080.0,166.52,,,175.3,,,100.0,22.0,181
101.513,FINAL,1,12,3,192.95,1080.0,166.52,,,175.0,,,100.0,22.0,181
101.538,FINAL,1,12,3,192.95,1080.0,166.52,,,182.8,,,100.0,22.0,182
101.563,FINAL,1,12,3,192.95,1080.0,166.52,,,187.1,,,100.0,22.0,182
101.588,FINAL,1,12,3,192.95,1080.0,166.52,,,189.5,,,100.0,22.0,182
101.613,FINAL,1,12,3,192.95,1080.0,166.52,,,185.7,,,100.0,22.0,183
101.638,FINAL,1,12,3,192.95,1080.0,166.52,,,183.7,,,100.0,22.0,183
101.663,FINAL,1,12,3,192.95,1080.0,166.52,,,180.8,,,100.0,22.0,181
101.688,FINAL,1,12,3,192.95,1080.0,166.52,,,179.3,,,100.0,22.0,181
101.713,FINAL,1,12,3,192.95,1080.0,166.52,,,178.4,,,100.0,22.0,181
101.738,FINAL,1,12,3,192.95,1080.0,166.52,,,189.7,,,100.0,22.0,180
101.764,FINAL,1,12,3,192.95,1080.0,166.52,,,195.9,,,100.0,22.0,180
101.789,FINAL,1,12,3,192.95,1080.0,166.52,,,199.3,,,100.0,22.0,180
101.813,FINAL,1,12,3,192.95,1080.0,166.52,,,190.5,,,100.0,22.0,180
101.838,FINAL,1,12,3,192.95,1080.0,166.52,,,185.6,,,100.0,22.0,180
101.863,FINAL,1,12,3,192.95,1080.0,166.52,,,180.9,,,100.0,22.0,179
101.888,FINAL,1,12,3,192.95,1080.0,166.52,,,178.3,,,100.0,22.0,179
101.913,FINAL,1,12,3,192.95,1080.0,166.52,,,176.9,,,100.0,22.0,179
101.939,FINAL,1,12,3,192.95,1080.0,166.52,,,179.9,,,100.0,22.0,182
101.964,FINAL,1,12,3,192.95,1080.0,166.52,,,181.5,,,100.0,22.0,182
101.989,FINAL,1,12,3,192.95,1080.0,166.52,,,182.4,,,100.0,22.0,182
102.014,FINAL,1,12,3,192.95,1080.0,166.52,,,181.0,,,100.0,22.0,179
102.039,FINAL,1,12,3,192.95,1080.0,166.52,,,180.2,,,100.0,22.0,179
102.064,FINAL,1,12,3,192.95,1080.0,166.52,,,178.9,,,100.0,22.0,182
102.089,FINAL,1,12,3,192.95,1080.0,166.52,,,178.3,,,100.0,22.0,182
102.114,FINAL,1,12,3,192.95,1080.0,166.52,,,177.9,,,100.0,22.0,182
102.139,FINAL,1,12,3,192.95,1080.0,166.52,,,176.7,,,100.0,22.0,178
102.164,FINAL,1,12,3,192.95,1080.0,166.52,,,176.0,,,100.0,22.0,178
102.189,FINAL,1,12,3,192.95,1080.0,166.52,,,175.6,,,100.0,22.0,178
102.214,FINAL,1,12,3,192.95,1080.0,166.52,,,175.6,,,100.0,22.0,181
102.239,FINAL,1,12,3,192.95,1080.0,166.52,,,175.6,,,100.0,22.0,181
102.264,FINAL,1,12,3,192.95,1080.0,166.52,,,176.2,,,100.0,22.0,176
102.291,FINAL,1,12,3,192.95,1080.0,166.52,,,176.5,,,100.0,22.0,176
102.314,FINAL,1,12,3,192.95,1080.0,166.52,,,176.7,,,100.0,22.0,176
102.34,FINAL,1,12,3,192.95,1080.0,166.52,,,178.7,,,100.0,22.0,179
102.365,FINAL,1,12,3,192.95,1080.0,166.52,,,179.8,,,100.0,22.0,179
102.39,FINAL,1,12,3,192.95,1080.0,166.52,,,180.4,,,100.0,22.0,179
102.415,FINAL,1,12,3,192.95,1080.0,166.52,,,177.1,,,100.0,22.0,183
102.44,FINAL,1,12,3,192.95,1080.0,166.52,,,175.2,,,100.0,22.0,183
102.465,FINAL,1,12,3,192.95,1080.0,166.52,,,178.8,,,100.0,22.0,177
102.49,FINAL,1,12,3,192.95,1080.0,166.52,,,180.7,,,100.0,22.0,177
102.516,FINAL,1,12,3,192.95,1080.0,166.52,,,181.8,,,100.0,22.0,177
102.54,FINAL,1,12,3,192.95,1080.0,166.52,,,179.8,,,100.0,22.0,177
102.565,FINAL,1,12,3,192.95,1080.0,166.52,,,178.7,,,100.0,22.0,177
102.59,FINAL,1,12,3,192.95,1080.0,166.52,,,178.1,,,100.0,22.0,177
102.615,FINAL,1,12,3,192.95,1080.0,166.52,,,177.6,,,100.0,22.0,178
102.64,FINAL,1,12,3,192.95,1080.0,166.52,,,177.3,,,100.0,22.0,178
102.665,FINAL,1,12,3,192.95,1080.0,166.52,,,177.8,,,100.0,22.0,177
102.69,RECUPERANDO,1,12,3,192.95,1080.0,166.52,,,178.0,,,-60.0,-38.0,177
102.715,RECUPERANDO,1,12,3,192.95,1080.0,166.52,,,178.2,,,60.0,-38.0,177
102.74,RECUPERANDO,1,12,3,192.95,1080.0,166.52,,,176.8,,,-60.0,-38.0,180
102.766,RECUPERANDO,1,12,3,192.95,1080.0,166.52,,,176.1,,,60.0,-38.0,180
102.791,RECUPERANDO,1,12,3,192.95,1080.0,166.52,,,175.7,,,-60.0,-38.0,180
102.817,RECUPERANDO,1,12,3,192.95,1080.0,166.52,,94.3,201.8,,,60.0,-38.0,178
102.843,RECUPERANDO,1,12,3,192.95,1080.0,166.52,,94.3,216.1,,,-60.0,-38.0,178
102.866,RECUPERANDO,1,12,3,192.95,1080.0,166.52,,,197.1,,,60.0,-38.0,181
102.891,RECUPERANDO,1,12,3,192.95,1080.0,166.52,,,186.6,,,-60.0,-38.0,181
102.916,RECUPERANDO,1,12,3,192.95,1080.0,166.52,,,180.9,,,60.0,-38.0,181
102.942,RECUPERANDO,1,12,3,192.85,1080.0,166.52,,,179.5,,,-60.0,-38.0,178
102.966,RECUPERANDO,1,12,3,192.85,1080.0,166.52,,,178.8,,,60.0,-38.0,178
102.991,RECUPERANDO,1,12,3,192.78,1080.0,166.52,,,178.4,,,-60.0,-38.0,178
103.016,RECUPERANDO,1,12,3,192.78,1080.0,166.52,,,180.5,,,60.0,-38.0,178
103.041,RECUPERANDO,1,12,3,192.78,1080.0,166.52,,,181.6,,,-60.0,-38.0,178
103.068,RECUPERANDO,1,12,3,192.99,1080.0,166.52,,101.3,212.4,,,60.0,-38.0,176
103.093,RECUPERANDO,1,12,3,192.99,1080.0,166.52,,101.3,229.2,,,-60.0,-38.0,176
103.118,RECUPERANDO,1,12,3,193.97,1080.0,166.52,,101.3,238.5,,,60.0,-38.0,176
103.143,RECUPERANDO,1,12,3,193.97,1080.0,166.52,,106.4,208.3,,,-60.0,-38.0,183
103.169,RECUPERANDO,1,12,3,196.51,1080.0,166.52,,109.1,191.6,,,60.0,-38.0,183
103.193,RECUPERANDO,1,12,3,196.51,1080.0,166.52,,110.6,182.5,,,-60.0,-38.0,183
103.217,RECUPERANDO,1,12,3,196.97,1080.0,166.52,,,177.4,,,60.0,-38.0,188
103.242,RECUPERANDO,1,12,3,196.97,1080.0,166.52,,,174.7,,,-60.0,-38.0,188
103.267,RECUPERANDO,1,12,3,197.17,1080.0,166.52,,,174.1,,,60.0,-38.0,199
103.293,RECUPERANDO,1,12,3,197.17,1080.0,166.52,,,173.8,,,-60.0,-38.0,199
103.317,RECUPERANDO,1,12,3,196.7,1080.0,166.52,,,173.6,,,60.0,-38.0,199
103.342,RECUPERANDO,1,12,3,196.7,1080.0,166.52,,,175.3,,,-60.0,-38.0,210
103.367,RECUPERANDO,1,12,3,196.7,1080.0,166.52,,,176.3,,,60.0,-38.0,210
103.393,RECUPERANDO,1,12,3,195.96,1080.0,166.52,,,176.8,,,-60.0,-38.0,210
103.417,RECUPERANDO,1,12,3,195.96,1080.0,166.52,,,181.4,,,60.0,-38.0,209
103.442,RECUPERANDO,1,12,3,195.08,1080.0,166.52,,,184.0,,,-60.0,-38.0,209
103.467,RECUPERANDO,1,12,3,195.08,1080.0,166.52,,,186.3,,,60.0,-38.0,210
103.492,RECUPERANDO,1,12,3,193.37,1080.0,166.52,,,187.6,,,-60.0,-38.0,210
103.517,RECUPERANDO,1,12,3,193.37,1080.0,166.52,,,188.3,,,60.0,-38.0,210
103.543,RECUPERANDO,1,12,3,192.82,1080.0,166.52,,,187.3,,,-60.0,-38.0,214
103.567,RECUPERANDO,1,12,3,192.82,1080.0,166.52,,,186.7,,,60.0,-38.0,214
103.593,SIGUE_MURO,1,12,3,192.5,1080.0,166.97,,,186.4,,,70.5,22.0,214
103.619,GIRO,1,13,3,192.5,1170.0,-103.03,,,183.4,,,60.0,23.4,214
103.643,GIRO,1,13,3,192.62,1170.0,-103.15,,,181.7,,,49.5,24.9,214
103.668,GIRO,1,13,3,192.62,1170.0,-103.15,,,180.6,,,38.9,26.4,214
103.693,GIRO,1,13,3,192.62,1170.0,-103.15,,,180.0,,,28.4,27.9,214
103.718,GIRO,1,13,3,193.07,1170.0,-103.6,,,179.7,,,17.9,29.4,214
103.743,GIRO,1,13,3,193.07,1170.0,-103.6,,,176.5,,,7.4,30.9,214
103.768,GIRO,1,13,3,193.81,1170.0,-104.34,,,174.7,,,-3.2,31.5,214
103.793,GIRO,1,13,3,193.81,1170.0,-104.34,,,173.7,,,-13.7,30.0,214
103.818,GIRO,1,13,3,195.15,1170.0,-105.68,,,176.0,,,-24.2,28.5,214
103.843,GIRO,1,13,3,195.15,1170.0,-105.68,,,177.3,,,-34.7,27.0,214
103.868,GIRO,1,13,3,195.64,1170.0,-106.17,,,177.3,,,-45.3,25.5,214
103.893,GIRO,1,13,3,195.64,1170.0,-106.17,,,177.4,,,-55.8,24.0,214
103.918,GIRO,1,13,3,196.27,1170.0,-106.8,,,177.4,,,-66.3,22.5,214
103.943,GIRO,1,13,3,196.27,1170.0,-106.8,,,177.6,,,-76.8,22.0,214
103.969,GIRO,1,13,3,196.36,1170.0,-106.89,,,177.7,,,-87.4,22.0,214
103.994,GIRO,1,13,3,196.36,1170.0,-106.89,,,177.8,,,-97.9,22.0,214
104.018,GIRO,1,13,3,196.36,1170.0,-106.89,,,176.8,,,-100.0,22.0,214
104.044,GIRO,1,13,3,196.36,1170.0,-106.89,,,176.3,,,-100.0,22.0,214
104.069,GIRO,1,13,3,196.36,1170.0,-106.89,,,175.2,,,-100.0,22.0,214
104.094,GIRO,1,13,3,196.64,1170.0,-107.17,,,174.6,,,-100.0,22.0,214
104.119,GIRO,1,13,3,196.64,1170.0,-107.17,,,174.2,,,-100.0,22.0,214
104.144,GIRO,1,13,3,196.94,1170.0,-107.47,,,172.9,,,-100.0,22.0,214
104.169,GIRO,1,13,3,196.94,1170.0,-107.47,,,172.2,,,-100.0,22.0,214
104.194,GIRO,1,13,3,197.61,1170.0,-108.14,,,171.8,,,-100.0,22.0,214
104.219,GIRO,1,13,3,197.61,1170.0,-108.14,,,171.5,,,-100.0,22.0,214
104.244,GIRO,1,13,3,199.28,1170.0,-109.81,,,171.4,,,-100.0,22.0,214
104.269,GIRO,1,13,3,199.28,1170.0,-109.81,,,171.4,,,-100.0,22.0,214
104.294,GIRO,1,13,3,200.21,1170.0,-110.74,,,171.3,,,-100.0,22.0,214
104.319,GIRO,1,13,3,200.21,1170.0,-110.74,,,171.3,,,-100.0,22.0,214
104.344,GIRO,1,13,3,200.21,1170.0,-110.74,,,171.3,,,-100.0,22.0,214
104.369,GIRO,1,13,3,201.06,1170.0,-111.59,,,171.3,,,-100.0,22.0,214
104.395,GIRO,1,13,3,201.06,1170.0,-111.59,,,175.5,,,-100.0,22.0,214
104.419,GIRO,1,13,3,203.2,1170.0,-113.73,,,177.8,,,-100.0,22.0,214
104.445,GIRO,1,13,3,203.2,1170.0,-113.73,,,179.1,,,-100.0,22.0,214
104.47,GIRO,1,13,3,204.48,1170.0,-115.01,,,180.0,,,-100.0,22.0,214
104.496,GIRO,1,13,3,204.48,1170.0,-115.01,,,180.5,,,-100.0,22.0,214
104.52,GIRO,1,13,3,205.8,1170.0,-116.33,,,180.8,,,-100.0,22.0,214
104.545,GIRO,1,13,3,205.8,1170.0,-116.33,,,178.5,,,-100.0,22.0,214
104.57,GIRO,1,13,3,208.62,1170.0,-119.15,,,177.2,,,-100.0,22.0,214
104.596,GIRO,1,13,3,208.62,1170.0,-119.15,,,174.5,,,-100.0,22.0,214
104.62,GIRO,1,13,3,210.1,1170.0,-120.63,,,173.1,,,-100.0,22.0,214
104.645,GIRO,1,13,3,210.1,1170.0,-120.63,,,172.3,,,-100.0,22.0,214
104.67,GIRO,1,13,3,210.1,1170.0,-120.63,,,171.8,,,-100.0,22.0,204
104.695,GIRO,1,13,3,213.12,1170.0,-123.65,,,171.6,,,-100.0,22.0,204
104.72,GIRO,1,13,3,213.12,1170.0,-123.65,,,171.4,,,-100.0,22.0,204
104.745,GIRO,1,13,3,214.49,1170.0,-125.02,,,171.4,,,-100.0,22.0,197
104.77,GIRO,1,13,3,214.49,1170.0,-125.02,,,171.3,,,-100.0,22.0,197
104.795,GIRO,1,13,3,215.91,1170.0,-126.44,,,171.3,,,-100.0,22.0,191
104.822,GIRO,1,13,3,215.91,1170.0,-126.44,,,171.3,,,-100.0,22.0,191
104.846,GIRO,1,13,3,218.61,1170.0,-129.14,,,171.3,,,-100.0,22.0,191
104.871,GIRO,1,13,3,218.61,1170.0,-129.14,,,171.3,,,-100.0,22.0,196
104.896,GIRO,1,13,3,219.62,1170.0,-130.15,,,171.3,,,-100.0,22.0,196
104.922,GIRO,1,13,3,219.62,1170.0,-130.15,,,171.3,,,-100.0,22.0,196
104.946,GIRO,1,13,3,220.41,1170.0,-130.94,,,172.2,,,-100.0,22.0,203
104.971,GIRO,1,13,3,220.41,1170.0,-130.94,,,172.8,,,-100.0,22.0,203
104.997,GIRO,1,13,3,220.41,1170.0,-130.94,,,1085.0,,,-100.0,22.0,195
105.022,GIRO,1,13,3,221.93,1170.0,-132.46,,,1586.8,,,-100.0,22.0,195
105.048,GIRO,1,13,3,221.93,1170.0,-132.46,,,1862.7,,,-100.0,22.0,195
105.071,GIRO,1,13,3,222.88,1170.0,-133.41,,,1118.6,,,-100.0,22.0,204
105.096,GIRO,1,13,3,222.88,1170.0,-133.41,,,709.3,,,-100.0,22.0,204
105.121,GIRO,1,13,3,223.8,1170.0,-134.33,,,484.3,,,-100.0,22.0,204
105.148,GIRO,1,13,3,223.8,1170.0,-134.33,,,366.1,,,-100.0,22.0,202
105.172,GIRO,1,13,3,225.71,1170.0,-136.24,,,301.2,,,-100.0,22.0,202
105.198,GIRO,1,13,3,225.71,1170.0,-136.24,,,265.1,,,-100.0,22.0,192
105.223,GIRO,1,13,3,226.65,1170.0,-137.18,,,245.3,,,-100.0,22.0,192
105.248,GIRO,1,13,3,226.65,1170.0,-137.18,,,234.4,,,-100.0,22.0,192
105.274,GIRO,1,13,3,227.58,1170.0,-138.11,,,226.7,,,-100.0,22.0,180
105.298,GIRO,1,13,3,227.58,1170.0,-138.11,,,222.5,,,-100.0,22.0,180
105.323,GIRO,1,13,3,227.58,1170.0,-138.11,,,220.2,,,-100.0,22.0,180
105.35,GIRO,1,13,3,229.05,1170.0,-139.58,98.6,,1111.1,,,-100.0,22.0,179
105.376,GIRO,1,13,3,229.05,1170.0,-139.58,98.6,,1601.1,,,-100.0,22.0,179
105.399,GIRO,1,13,3,229.87,1170.0,-140.4,69.4,,1870.6,529.7,,-100.0,22.0,187
105.423,GIRO,1,13,3,229.87,1170.0,-140.4,53.4,,2018.8,529.7,,-100.0,22.0,187
105.449,GIRO,1,13,3,231.63,1170.0,-142.16,44.6,,2100.4,529.7,,-100.0,22.0,187
105.474,GIRO,1,13,3,231.63,1170.0,-142.16,42.8,,2145.2,525.0,,-100.0,22.0,180
105.499,GIRO,1,13,3,232.57,1170.0,-143.1,41.7,,2169.9,525.0,,-100.0,22.0,180
105.524,GIRO,1,13,3,232.57,1170.0,-143.1,41.2,,2183.4,525.0,,-100.0,22.0,180
105.549,GIRO,1,13,3,233.69,1170.0,-144.22,44.8,,2190.9,515.8,,-100.0,22.0,174
105.574,GIRO,1,13,3,233.69,1170.0,-144.22,46.9,,2195.0,515.8,,-100.0,22.0,174
105.6,GIRO,1,13,3,236.39,1170.0,-146.92,52.9,,2197.2,502.6,,-100.0,22.0,177
105.624,GIRO,1,13,3,236.39,1170.0,-146.92,56.2,,2198.5,502.6,,-100.0,22.0,177
105.649,GIRO,1,13,3,236.39,1170.0,-146.92,58.0,,2199.2,502.6,,-100.0,22.0,177
105.674,GIRO,1,13,3,237.66,1170.0,-148.19,63.6,,2199.5,498.4,,-100.0,22.0,192
105.7,GIRO,1,13,3,237.66,1170.0,-148.19,66.6,,2199.7,498.4,,-100.0,22.0,192
105.725,GIRO,1,13,3,238.75,1170.0,-149.28,68.3,,2199.9,498.4,,-100.0,22.0,192
105.749,GIRO,1,13,3,238.75,1170.0,-149.28,73.6,,2199.9,490.1,,-100.0,22.0,175
105.774,GIRO,1,13,3,240.4,1170.0,-150.93,76.6,,2200.0,490.1,,-100.0,22.0,175
105.8,GIRO,1,13,3,240.4,1170.0,-150.93,80.7,,2200.0,490.1,,-100.0,22.0,188
105.825,GIRO,1,13,3,240.69,1170.0,-151.22,82.9,,2200.0,490.1,,-100.0,22.0,188
105.85,GIRO,1,13,3,240.69,1170.0,-151.22,84.2,,2200.0,490.1,,-100.0,22.0,188
105.875,GIRO,1,13,3,241.12,1170.0,-151.65,86.4,,2200.0,482.1,,-100.0,22.0,195
105.9,GIRO,1,13,3,241.12,1170.0,-151.65,87.6,,2200.0,482.1,,-100.0,22.0,195
105.926,GIRO,1,13,3,241.98,1170.0,-152.51,88.3,,2200.0,482.1,,-100.0,22.0,195
105.95,GIRO,1,13,3,241.98,1170.0,-152.51,90.4,,2200.0,482.1,,-100.0,22.0,190
105.975,GIRO,1,13,3,241.98,1170.0,-152.51,91.6,,2200.0,482.1,,-100.0,22.0,190
106.0,GIRO,1,13,3,242.73,1170.0,-153.26,76.2,,2200.0,,,-100.0,22.0,202
106.025,GIRO,1,13,3,242.73,1170.0,-153.26,67.8,,2200.0,,,-100.0,22.0,202
106.05,GIRO,1,13,3,243.12,1170.0,-153.65,63.1,,2200.0,,,-100.0,22.0,202
106.075,GIRO,1,13,3,243.12,1170.0,-153.65,64.6,,1922.0,,,-100.0,22.0,206
106.1,GIRO,1,13,3,244.47,1170.0,-155.0,65.4,,1769.1,,,-100.0,22.0,206
106.125,GIRO,1,13,3,244.47,1170.0,-155.0,65.8,,1685.0,,,-100.0,22.0,206
106.151,GIRO,1,13,3,245.16,1170.0,-155.69,87.8,,1619.2,463.3,,-100.0,22.0,211
106.175,GIRO,1,13,3,245.16,1170.0,-155.69,99.9,,1583.0,463.3,,-100.0,22.0,211
106.201,GIRO,1,13,3,246.91,1170.0,-157.44,107.3,,1563.1,470.6,,-100.0,22.0,214
106.226,GIRO,1,13,3,246.91,1170.0,-157.44,111.3,,1552.1,470.6,,-100.0,22.0,214
106.251,GIRO,1,13,3,248.08,1170.0,-158.61,113.6,,1546.1,470.6,,-100.0,22.0,214
106.276,GIRO,1,13,3,248.08,1170.0,-158.61,120.0,,1506.7,446.0,,-100.0,22.0,211
106.301,GIRO,1,13,3,248.08,1170.0,-158.61,123.6,,1485.0,446.0,,-100.0,22.0,211
106.326,GIRO,1,13,3,249.34,1170.0,-159.87,125.5,,1473.1,446.0,,-100.0,22.0,211
106.352,GIRO,1,13,3,249.34,1170.0,-159.87,132.7,,1466.5,429.9,,-100.0,22.0,201
106.376,GIRO,1,13,3,252.0,1170.0,-162.53,136.7,,1462.9,429.9,,-100.0,22.0,201
106.402,GIRO,1,13,3,252.0,1170.0,-162.53,145.5,,1460.9,415.1,,-100.0,22.0,187
106.427,GIRO,1,13,3,253.44,1170.0,-163.97,150.3,,1459.8,415.1,,-100.0,22.0,187
106.452,GIRO,1,13,3,253.44,1170.0,-163.97,153.0,,1459.2,415.1,,-100.0,22.0,187
106.478,GIRO,1,13,3,254.95,1170.0,-165.48,161.9,,1458.9,415.1,,-100.0,22.0,181
106.501,GIRO,1,13,3,254.95,1170.0,-165.48,166.8,,1458.7,415.1,,-100.0,22.0,181
106.526,GIRO,1,13,3,258.12,1170.0,-168.65,169.4,,1458.6,415.1,,-100.0,22.0,181
106.55,GIRO,1,13,3,258.12,1170.0,-168.65,,,1441.9,,,-100.0,22.0,205
106.576,GIRO,1,13,3,259.74,1170.0,-170.27,,,1432.7,,,-100.0,22.0,205
106.601,GIRO,1,13,3,259.74,1170.0,-170.27,,,1427.7,,,-100.0,22.0,209
106.626,GIRO,1,13,3,259.74,1170.0,-170.27,,,1424.9,,,-100.0,22.0,209
106.651,GIRO,1,13,3,261.3,1170.0,-171.83,,,1423.4,,,-100.0,22.0,209
106.676,GIRO,1,13,3,261.3,1170.0,-171.83,,,1422.5,,,-100.0,22.0,207
106.701,GIRO,1,13,3,264.46,1170.0,-174.99,,,1422.1,,,-100.0,22.0,207
106.727,GIRO,1,13,3,264.46,1170.0,-174.99,,1060.6,1438.5,,,-100.0,22.0,206
106.752,GIRO,1,13,3,265.97,1170.0,-176.5,,1060.6,1447.5,,,-100.0,22.0,206
106.777,GIRO,1,13,3,265.97,1170.0,-176.5,,1060.6,1452.5,,,-100.0,22.0,206
106.803,GIRO,1,13,3,267.5,1170.0,-178.03,,1064.0,1472.7,,,-100.0,22.0,206
106.827,GIRO,1,13,3,267.5,1170.0,-178.03,,1065.9,1483.9,,,-100.0,22.0,206
106.852,GIRO,1,13,3,270.61,1170.0,178.86,,1066.9,1490.0,,,-89.5,22.0,206
106.876,GIRO,1,13,3,270.61,1170.0,178.86,,,1475.8,,,-79.0,22.0,204
106.901,GIRO,1,13,3,272.11,1170.0,177.36,,,1468.0,,,-68.4,22.1,204
106.927,GIRO,1,13,3,272.11,1170.0,177.36,,,1463.8,,,-57.9,23.7,198
106.951,GIRO,1,13,3,272.11,1170.0,177.36,,,1461.4,,,-47.4,25.2,198
106.976,GIRO,1,13,3,275.19,1170.0,174.28,,,1460.1,,,-36.9,26.7,198
107.002,GIRO,1,13,3,275.19,1170.0,174.28,,,1476.9,,,-26.3,28.2,188
107.028,GIRO,1,13,3,276.75,1170.0,172.72,,,1486.2,,,-15.8,29.7,188
107.052,GIRO,1,13,3,276.75,1170.0,172.72,,,1491.3,,,-5.3,31.2,188
107.077,GIRO,1,13,3,278.28,1170.0,171.19,,,1810.2,,,5.3,31.2,181
107.102,GIRO,1,13,3,278.28,1170.0,171.19,,,1985.6,,,15.8,29.7,181
107.127,GIRO,1,13,3,281.08,1170.0,168.39,,,1784.5,,,26.3,28.2,171
107.152,GIRO,1,13,3,281.08,1170.0,168.39,,,1673.9,,,36.8,26.7,171
107.177,GIRO,1,13,3,281.7,1170.0,167.77,,,1613.1,,,47.4,25.2,171
107.202,GIRO,1,13,3,281.7,1170.0,167.77,,,1561.1,,,57.9,23.7,167
107.227,GIRO,1,13,3,282.54,1170.0,166.93,,,1532.5,,,68.4,22.2,167
107.253,GIRO,1,13,3,282.54,1170.0,166.93,,,1516.8,,,78.9,22.0,167
107.278,GIRO,1,13,3,282.54,1170.0,166.93,,957.4,1824.2,,,89.4,22.0,162
107.304,GIRO,1,13,3,283.1,1170.0,166.37,,957.4,1993.3,,,100.0,22.0,162
107.329,GIRO,1,13,3,283.1,1170.0,166.37,,1025.2,1788.7,,,100.0,22.0,171
107.355,GIRO,1,13,3,282.95,1170.0,166.52,,1062.4,1676.2,,,100.0,22.0,171
107.379,GIRO,1,13,3,282.95,1170.0,166.52,,1082.9,1614.4,,,100.0,22.0,171
107.404,GIRO,1,13,3,282.69,1170.0,166.78,,1106.0,1580.3,,,100.0,22.0,176
107.429,GIRO,1,13,3,282.69,1170.0,166.78,,1118.7,1561.6,,,100.0,22.0,176
107.455,GIRO,1,13,3,281.32,1170.0,168.15,,1125.7,1551.3,,,100.0,22.0,176
107.48,GIRO,1,13,3,281.32,1170.0,168.15,,1089.0,1527.1,,,100.0,22.0,187
107.504,GIRO,1,13,3,280.36,1170.0,169.11,,1068.9,1513.8,,,100.0,22.0,187
107.529,GIRO,1,13,3,280.36,1170.0,169.11,,1029.5,1488.9,,,100.0,22.0,197
107.554,GIRO,1,13,3,279.08,1170.0,170.39,,1007.8,1475.2,,,100.0,22.0,197
107.579,GIRO,1,13,3,279.08,1170.0,170.39,,995.9,1467.7,,,100.0,22.0,197
107.604,GIRO,1,13,3,279.08,1170.0,170.39,,1032.5,1446.9,,,100.0,22.0,204
107.629,GIRO,1,13,3,276.43,1170.0,173.04,,1052.7,1435.5,,,100.0,22.0,204
107.654,GIRO,1,13,3,276.43,1170.0,173.04,,1063.8,1429.2,,,100.0,22.0,204
107.681,GIRO,1,13,3,275.13,1170.0,174.34,,1063.4,1409.9,,,100.0,22.0,210
107.705,GIRO,1,13,3,275.13,1170.0,174.34,,1063.3,1399.3,,,100.0,22.0,210
107.73,GIRO,1,13,3,272.46,1170.0,177.01,,1013.9,1378.4,,,100.0,22.0,212
107.755,GIRO,1,13,3,272.46,1170.0,177.01,,986.7,1367.0,,,100.0,22.0,212
107.779,GIRO,1,13,3,271.24,1170.0,178.23,,971.8,1360.6,,,100.0,22.0,212
107.803,GIRO,1,13,3,271.24,1170.0,178.23,,,1342.8,,,100.0,22.0,213
107.828,GIRO,1,13,3,270.06,1170.0,179.41,,,1333.1,,,100.0,22.0,213
107.854,GIRO,1,13,3,270.06,1170.0,179.41,,,1327.7,,,100.0,22.0,213
107.88,GIRO,1,13,3,267.71,1170.0,-178.24,,906.6,1324.7,,,89.5,22.0,209
107.905,GIRO,1,13,3,267.71,1170.0,-178.24,,906.6,1323.1,,,78.9,22.0,209
107.93,GIRO,1,13,3,267.71,1170.0,-178.24,,903.0,1322.2,,,68.4,22.1,214
107.955,GIRO,1,13,3,266.49,1170.0,-177.02,,901.1,1321.7,,,57.9,23.7,214
107.98,GIRO,1,13,3,266.49,1170.0,-177.02,,900.0,1321.4,,,47.4,25.2,214
108.004,GIRO,1,13,3,265.25,1170.0,-175.78,,,1307.6,,,36.9,26.7,214
108.029,GIRO,1,13,3,265.25,1170.0,-175.78,,,1300.0,,,26.3,28.2,214
108.054,GIRO,1,13,3,263.04,1170.0,-173.57,,,1295.8,,,15.8,29.7,214
108.079,GIRO,1,13,3,263.04,1170.0,-173.57,,,1293.5,,,5.3,31.2,207
108.104,GIRO,1,13,3,261.83,1170.0,-172.36,,,1292.3,,,-5.3,31.2,207
108.13,FINAL,1,13,3,261.83,1170.0,-172.36,,,1305.2,,,-15.8,29.7,205
108.154,FINAL,1,13,3,260.77,1170.0,-171.3,,,1312.4,,,-26.3,28.2,205
108.179,FINAL,1,13,3,260.77,1170.0,-171.3,,,1316.3,,,-36.8,26.7,205
108.205,FINAL,1,13,3,259.67,1170.0,-170.2,,,1304.8,,,-47.4,25.2,211
108.23,FINAL,1,13,3,259.67,1170.0,-170.2,,,1298.5,,,-57.9,23.7,211
108.255,FINAL,1,13,3,259.67,1170.0,-170.2,,,1295.0,,,-68.4,22.1,211
108.28,FINAL,1,13,3,259.44,1170.0,-169.97,,,1306.7,,,-78.9,22.0,211
108.305,FINAL,1,13,3,259.44,1170.0,-169.97,,,1313.2,,,-89.5,22.0,211
108.33,FINAL,1,13,3,259.32,1170.0,-169.85,,,1303.1,,,-100.0,22.0,214
108.355,FINAL,1,13,3,259.32,1170.0,-169.85,,,1297.5,,,-100.0,22.0,214
108.38,FINAL,1,13,3,259.35,1170.0,-169.88,,,1294.5,,,-100.0,22.0,214
108.405,FINAL,1,13,3,259.35,1170.0,-169.88,,,1279.8,,,-100.0,22.0,214
108.43,FINAL,1,13,3,259.62,1170.0,-170.15,,,1271.7,,,-100.0,22.0,214
108.456,FINAL,1,13,3,259.62,1170.0,-170.15,,,1267.2,,,-100.0,22.0,214
108.48,FINAL,1,13,3,260.58,1170.0,-171.11,,,1264.8,,,-100.0,22.0,214
108.505,FINAL,1,13,3,260.58,1170.0,-171.11,,,1263.4,,,-100.0,22.0,214
108.53,FINAL,1,13,3,261.69,1170.0,-172.22,,,1250.2,,,-100.0,22.0,214
108.555,FINAL,1,13,3,261.69,1170.0,-172.22,,,1243.0,,,-100.0,22.0,214
108.58,FINAL,1,13,3,261.69,1170.0,-172.22,,,1239.0,,,-100.0,22.0,214
108.605,FINAL,1,13,3,262.96,1170.0,-173.49,,,1224.9,,,-100.0,22.0,214
108.63,FINAL,1,13,3,262.96,1170.0,-173.49,,,1217.1,,,-100.0,22.0,214
108.656,FINAL,1,13,3,265.63,1170.0,-176.16,,,1212.8,,,-100.0,22.0,214
108.681,FINAL,1,13,3,265.63,1170.0,-176.16,,,1234.9,,,-100.0,22.0,211
108.706,FINAL,1,13,3,267.05,1170.0,-177.58,,,1247.0,,,-100.0,22.0,211
108.732,FINAL,1,13,3,267.05,1170.0,-168.58,,878.1,1253.6,,,-100.0,22.0,214
108.757,FINAL,1,13,3,268.54,1170.0,-170.07,,878.1,1257.3,,,-100.0,22.0,214
108.783,FINAL,1,13,3,268.54,1170.0,-170.07,,878.1,1259.3,,,-100.0,22.0,214
108.807,FINAL,1,13,3,271.61,1170.0,-173.14,,884.1,1260.4,,,-100.0,22.0,211
108.832,FINAL,1,13,3,271.61,1170.0,-173.14,,887.4,1261.0,,,-100.0,22.0,211
108.857,FINAL,1,13,3,273.17,1170.0,-174.7,,889.3,1261.4,,,-100.0,22.0,211
108.881,FINAL,1,13,3,273.17,1170.0,176.3,,,1274.6,,,-89.5,22.0,213
108.907,FINAL,1,13,3,273.17,1170.0,176.3,,,1281.9,,,-78.8,22.0,213
108.933,FINAL,1,13,3,274.71,1170.0,-176.24,,958.2,1285.9,,,-89.3,22.0,209
108.958,FINAL,1,13,3,274.71,1170.0,-176.24,,958.2,1288.1,,,-99.9,22.0,209
108.983,FINAL,1,13,3,277.92,1170.0,-179.45,,958.2,1289.3,,,-100.0,22.0,209
109.008,FINAL,1,13,3,277.92,1170.0,-179.45,,950.0,1289.9,,,-100.0,22.0,210
109.033,FINAL,1,13,3,279.49,1170.0,178.98,,945.5,1290.3,,,-89.5,22.0,210
109.058,FINAL,1,13,3,279.49,1170.0,178.98,,943.1,1290.5,,,-79.0,22.0,210
109.083,FINAL,1,13,3,281.11,1170.0,177.36,,933.0,1304.3,,,-68.4,22.1,207
109.108,FINAL,1,13,3,281.11,1170.0,177.36,,927.5,1311.8,,,-57.9,23.7,207
109.134,FINAL,1,13,3,284.03,1170.0,174.44,,912.1,1330.3,,,-47.4,25.2,208
109.158,FINAL,1,13,3,284.03,1170.0,174.44,,903.7,1340.5,,,-36.9,26.7,208
109.183,FINAL,1,13,3,285.12,1170.0,173.35,,899.1,1346.1,,,-26.3,28.2,208
109.208,FINAL,1,13,3,285.12,1170.0,173.35,,888.0,1349.2,,,-15.8,29.7,209
109.234,FINAL,1,13,3,287.34,1170.0,171.13,,882.0,1350.9,,,-5.3,31.2,209
109.259,FINAL,1,13,3,287.34,1170.0,171.13,,878.6,1351.8,,,5.2,31.2,209
109.284,FINAL,1,13,3,287.34,1170.0,171.13,,876.9,1733.5,,,15.8,29.7,208
109.309,FINAL,1,13,3,288.61,1170.0,169.86,,876.0,1943.4,,,26.3,28.2,208
109.334,FINAL,1,13,3,288.61,1170.0,169.86,,868.0,2058.9,,,36.8,26.7,205
109.359,FINAL,1,13,3,289.4,1170.0,169.07,,863.6,2122.4,,,47.3,25.2,205
109.384,FINAL,1,13,3,289.4,1170.0,169.07,,861.2,2157.3,,,57.9,23.7,205
109.41,FINAL,1,13,3,290.46,1170.0,-175.9,1154.4,852.0,2176.5,,1995.3,47.3,25.2,205
109.435,FINAL,1,13,3,290.46,1170.0,-175.9,1154.4,847.0,2187.1,,1995.3,36.8,26.7,205
109.461,FINAL,1,13,3,290.8,1170.0,-176.24,1154.4,844.3,2192.9,,1995.3,26.3,28.2,205
109.485,FINAL,1,13,3,290.8,1170.0,-175.86,1147.3,841.3,2196.1,,1976.3,15.8,29.7,208
109.51,FINAL,1,13,3,290.8,1170.0,-176.49,1143.4,839.7,2197.9,,1976.3,5.2,31.2,208
109.535,FINAL,1,13,3,290.8,1170.0,-175.33,1141.2,760.9,2198.8,,1803.0,-5.3,31.2,207
109.56,FINAL,1,13,3,290.8,1170.0,-175.33,1140.0,717.6,2199.4,,1803.0,-15.8,29.7,207
109.585,FINAL,1,13,3,290.11,1170.0,-174.64,1139.3,693.7,2199.6,,1803.0,-26.3,28.2,207
109.61,FINAL,1,13,3,290.11,1170.0,168.36,,750.3,2199.8,,,-15.8,29.7,204
109.634,FINAL,1,13,3,289.73,1170.0,168.74,,781.4,2199.9,,,-5.3,31.2,204
109.66,FINAL,1,13,3,289.73,1170.0,168.74,,798.5,2199.9,,,5.2,31.2,204
109.685,FINAL,1,13,3,289.34,1170.0,169.13,,803.7,2200.0,,,15.8,29.7,205
109.71,FINAL,1,13,3,289.34,1170.0,169.13,,806.5,2200.0,,,26.3,28.2,205
109.735,FINAL,1,13,3,288.79,1170.0,169.68,,797.9,2200.0,,,36.8,26.7,208
109.76,FINAL,1,13,3,288.79,1170.0,169.68,,793.2,2200.0,,,47.3,25.2,208
109.785,FINAL,1,13,3,288.79,1170.0,169.68,,790.6,2200.0,,,57.9,23.7,208
109.81,FINAL,1,13,3,288.79,1170.0,169.68,,782.2,1804.5,,,68.4,22.2,206
109.835,FINAL,1,13,3,288.86,1170.0,169.61,,777.7,1587.0,,,78.9,22.0,206
109.86,FINAL,1,13,3,288.86,1170.0,169.61,,775.2,1467.3,,,89.4,22.0,206
109.886,FINAL,1,13,3,288.86,1170.0,169.61,,777.7,1430.9,,,100.0,22.0,205
109.91,FINAL,1,13,3,288.73,1170.0,169.74,,779.1,1410.8,,,100.0,22.0,205
109.935,FINAL,1,13,3,288.73,1170.0,169.74,,778.8,1766.0,,,100.0,22.0,205
109.96,FINAL,1,13,3,288.58,1170.0,169.89,,778.6,1961.3,,,100.0,22.0,205
109.986,FINAL,1,13,3,288.58,1170.0,169.89,,778.5,2068.7,,,100.0,22.0,205
110.01,FINAL,1,13,3,287.73,1170.0,170.74,,771.7,2127.8,,,100.0,22.0,204
110.035,FINAL,1,13,3,287.73,1170.0,170.74,,767.9,2160.3,,,100.0,22.0,204
110.061,FINAL,1,13,3,287.23,1170.0,171.24,,765.9,2178.2,,,100.0,22.0,204
110.085,FINAL,1,13,3,287.23,1170.0,171.24,,755.1,2188.0,,,100.0,22.0,205
110.112,FINAL,1,13,3,286.54,1170.0,171.93,,749.1,2193.4,,,100.0,22.0,205
110.136,FINAL,1,13,3,286.54,1170.0,171.93,,739.5,1738.4,,,100.0,22.0,205
110.161,FINAL,1,13,3,284.97,1170.0,173.5,,734.2,1488.1,,,100.0,22.0,205
110.186,FINAL,1,13,3,284.97,1170.0,173.5,,731.3,1350.5,,,100.0,22.0,205
110.211,FINAL,1,13,3,284.97,1170.0,173.5,,727.9,1263.9,,,100.0,22.0,205
110.237,FINAL,1,13,3,283.88,1170.0,174.59,,726.1,1216.2,,,100.0,22.0,205
110.261,FINAL,1,13,3,283.88,1170.0,174.59,,721.4,1169.5,,,100.0,22.0,204
110.286,FINAL,1,13,3,282.74,1170.0,175.73,,718.8,1143.8,,,100.0,22.0,204
110.311,FINAL,1,13,3,282.74,1170.0,175.73,,717.4,1129.7,,,100.0,22.0,204
110.336,FINAL,1,13,3,280.42,1170.0,178.05,,713.9,1112.2,,,100.0,22.0,203
110.361,FINAL,1,13,3,280.42,1170.0,178.05,,712.0,1102.6,,,100.0,22.0,203
110.386,FINAL,1,13,3,279.09,1170.0,179.38,,711.0,1097.3,,,100.0,22.0,203
110.411,FINAL,1,13,3,279.09,1170.0,179.38,,712.1,1076.2,,,100.0,22.0,203
110.436,FINAL,1,13,3,277.83,1170.0,-179.36,,712.6,1064.6,,,89.5,22.0,203
110.462,FINAL,1,13,3,277.83,1170.0,-179.36,,712.3,1049.6,,,78.9,22.0,203
110.486,FINAL,1,13,3,275.44,1170.0,-176.97,,712.1,1041.3,,,68.4,22.1,203
110.511,FINAL,1,13,3,275.44,1170.0,-176.97,,711.9,1036.8,,,57.9,23.7,203
110.537,FINAL,1,13,3,274.14,1170.0,-175.67,,698.0,1018.0,,,47.4,25.2,206
110.562,FINAL,1,13,3,274.14,1170.0,-175.67,,690.4,1007.7,,,36.8,26.7,206
110.587,FINAL,1,13,3,274.14,1170.0,-175.67,,686.2,1002.0,,,26.3,28.2,206
110.612,FINAL,1,13,3,272.8,1170.0,-174.33,,675.9,983.7,,,15.8,29.7,208
110.637,FINAL,1,13,3,272.8,1170.0,-174.33,,670.3,973.6,,,5.3,31.2,208
110.664,FINAL,1,13,3,270.36,1170.0,-171.89,,678.4,954.0,,,-5.3,31.2,209
110.687,FINAL,1,13,3,270.36,1170.0,-171.89,,682.8,943.1,,,-15.8,29.7,209
110.712,FINAL,1,13,3,269.41,1170.0,-170.94,,685.3,937.2,,,-26.3,28.2,209
110.737,FINAL,1,13,3,269.41,1170.0,-170.94,,678.2,927.2,,,-36.8,26.7,213
110.762,FINAL,1,13,3,268.16,1170.0,-169.69,,674.2,921.7,,,-47.4,25.2,213
110.787,FINAL,1,13,3,268.16,1170.0,-169.69,,672.1,918.7,,,-57.9,23.7,213
110.812,FINAL,1,13,3,267.82,1170.0,-169.35,,676.8,910.5,,,-68.4,22.1,212
110.837,FINAL,1,13,3,267.82,1170.0,-169.35,,679.4,906.0,,,-78.9,22.0,212
110.863,FINAL,1,13,3,267.82,1170.0,-169.35,,682.3,897.2,,,-89.5,22.0,212
110.887,FINAL,1,13,3,267.55,1170.0,-169.08,,683.9,892.4,,,-100.0,22.0,212
110.913,FINAL,1,13,3,267.55,1170.0,-169.08,,684.8,889.7,,,-100.0,22.0,212
110.938,FINAL,1,13,3,267.56,1170.0,-169.09,,693.9,882.2,,,-100.0,22.0,211
110.963,FINAL,1,13,3,267.56,1170.0,-169.09,,699.0,878.0,,,-100.0,22.0,211
110.988,FINAL,1,13,3,267.9,1170.0,-169.43,,701.8,875.7,,,-100.0,22.0,211
111.013,FINAL,1,13,3,267.9,1170.0,-169.43,,698.2,868.5,,,-100.0,22.0,212
111.038,FINAL,1,13,3,268.4,1170.0,-169.93,,696.2,864.6,,,-100.0,22.0,212
111.063,FINAL,1,13,3,268.4,1170.0,-169.93,,701.8,862.4,,,-100.0,22.0,214
111.089,FINAL,1,13,3,270.33,1170.0,-171.86,,704.8,861.2,,,-100.0,22.0,214
111.113,FINAL,1,13,3,270.33,1170.0,-171.86,,706.5,860.6,,,-100.0,22.0,214
111.138,FINAL,1,13,3,271.33,1170.0,-172.86,,694.1,854.5,,,-100.0,22.0,212
111.163,FINAL,1,13,3,271.33,1170.0,-172.86,,687.4,851.1,,,-100.0,22.0,212
111.188,FINAL,1,13,3,271.33,1170.0,-172.86,,683.6,849.3,,,-100.0,22.0,212
111.214,FINAL,1,13,3,272.51,1170.0,-174.04,,672.8,842.7,,,-100.0,22.0,214
111.239,FINAL,1,13,3,272.51,1170.0,-174.04,,666.9,839.1,,,-100.0,22.0,214
111.264,FINAL,1,13,3,275.22,1170.0,-176.75,,651.7,837.1,,,-100.0,22.0,214
111.288,FINAL,1,13,3,275.22,1170.0,-176.75,,643.3,836.0,,,-100.0,22.0,214
111.315,FINAL,1,13,3,276.29,1170.0,-177.82,,638.7,835.4,,,-100.0,22.0,214
111.339,FINAL,1,13,3,276.29,1170.0,-177.82,,630.8,835.1,,,-100.0,22.0,214
111.364,FINAL,1,13,3,278.83,1170.0,179.64,,626.4,834.9,,,-89.5,22.0,214
111.389,FINAL,1,13,3,278.83,1170.0,179.64,,624.0,834.8,,,-79.0,22.0,214
111.414,FINAL,1,13,3,280.21,1170.0,178.26,,627.0,840.3,,,-68.4,22.1,213
111.439,FINAL,1,13,3,280.21,1170.0,178.26,,628.7,843.3,,,-57.9,23.7,213
111.464,FINAL,1,13,3,281.34,1170.0,177.13,,626.3,850.7,,,-47.4,25.2,212
111.49,FINAL,1,13,3,281.34,1170.0,177.13,,625.0,854.8,,,-36.9,26.7,212
111.515,FINAL,1,13,3,283.24,1170.0,175.23,,624.3,857.0,,,-26.3,28.2,212
111.54,FINAL,1,13,3,283.24,1170.0,175.23,,619.7,852.5,,,-15.8,29.7,214
111.565,FINAL,1,13,3,283.24,1170.0,175.23,,617.2,850.0,,,-5.3,31.2,214
111.589,FINAL,1,13,3,284.12,1170.0,174.35,,615.9,848.7,,,5.3,31.2,214
111.614,FINAL,1,13,3,284.12,1170.0,174.35,,609.7,853.7,,,15.8,29.7,213
111.64,FINAL,1,13,3,285.08,1170.0,173.39,,606.3,856.4,,,26.3,28.2,213
111.665,FINAL,1,13,3,285.08,1170.0,173.39,,600.1,852.2,,,36.8,26.7,214
111.69,FINAL,1,13,3,286.33,1170.0,172.14,,596.7,849.9,,,47.3,25.2,214
111.715,FINAL,1,13,3,286.33,1170.0,172.14,,594.8,848.6,,,57.9,23.7,214
111.74,FINAL,1,13,3,286.92,1170.0,171.55,,592.5,836.9,,,68.4,22.2,214
111.765,FINAL,1,13,3,286.92,1170.0,171.55,,591.2,830.5,,,78.9,22.0,214
111.79,FINAL,1,13,3,286.96,1170.0,171.51,,590.5,827.0,,,89.4,22.0,214
111.815,FINAL,1,13,3,286.96,1170.0,171.51,,586.6,830.4,,,100.0,22.0,213
111.84,FINAL,1,13,3,286.96,1170.0,171.51,,584.5,832.3,,,100.0,22.0,213
111.865,FINAL,1,13,3,286.71,1170.0,171.76,,581.4,817.6,,,100.0,22.0,214
111.89,FINAL,1,13,3,286.71,1170.0,171.76,,579.7,809.5,,,100.0,22.0,214
111.915,FINAL,1,13,3,286.38,1170.0,172.09,,578.7,805.1,,,100.0,22.0,214
111.94,FINAL,1,13,3,286.38,1170.0,172.09,,576.0,797.7,,,100.0,22.0,214
111.967,FINAL,1,13,3,286.01,1170.0,172.46,,574.4,793.6,,,100.0,22.0,214
111.99,FINAL,1,13,3,286.01,1170.0,172.46,,573.6,791.4,,,100.0,22.0,214
112.015,FINAL,1,13,3,284.45,1170.0,174.02,,570.9,780.7,,,100.0,22.0,214
112.04,FINAL,1,13,3,284.45,1170.0,174.02,,569.5,774.8,,,100.0,22.0,214
112.066,FINAL,1,13,3,283.37,1170.0,175.1,,566.1,762.5,,,100.0,22.0,214
112.09,FINAL,1,13,3,283.37,1170.0,175.1,,564.2,755.8,,,100.0,22.0,214
112.115,FINAL,1,13,3,282.22,1170.0,176.25,,563.1,752.1,,,100.0,22.0,214
112.14,FINAL,1,13,3,282.22,1170.0,167.25,,558.3,741.6,,,100.0,22.0,214
112.166,FINAL,1,13,3,282.22,1170.0,167.25,,555.7,735.8,,,100.0,22.0,214
112.193,FINAL,1,13,3,279.82,1170.0,169.65,,554.2,732.6,,,100.0,22.0,214
112.216,FINAL,1,13,3,279.82,1170.0,169.65,,549.8,722.7,,,100.0,22.0,214
112.241,FINAL,1,13,3,278.59,1170.0,170.88,,547.4,717.3,,,100.0,22.0,214
112.266,FINAL,1,13,3,278.59,1170.0,170.88,,554.6,706.6,,,100.0,22.0,214
112.291,FINAL,1,13,3,276.18,1170.0,173.29,,558.6,700.8,,,100.0,22.0,214
112.316,FINAL,1,13,3,276.18,1170.0,-177.71,,560.8,697.5,,,89.5,22.0,214
112.341,FINAL,1,13,3,274.86,1170.0,-176.39,,565.7,684.9,,,79.0,22.0,214
112.366,FINAL,1,13,3,274.86,1170.0,-176.39,,568.4,678.0,,,68.4,22.1,214
112.391,FINAL,1,13,3,273.71,1170.0,-175.24,,569.9,674.2,,,57.9,23.7,214
112.416,FINAL,1,13,3,273.71,1170.0,-175.24,,573.4,665.3,,,47.4,25.2,214
112.441,FINAL,1,13,3,271.21,1170.0,-172.74,,575.3,660.4,,,36.9,26.7,214
112.467,FINAL,1,13,3,271.21,1170.0,-172.74,,561.4,651.2,,,26.3,28.2,214
112.491,FINAL,1,13,3,271.21,1170.0,178.26,,553.8,646.1,,,36.9,26.7,214
112.516,FINAL,1,13,3,270.12,1170.0,179.35,,549.6,643.3,,,47.4,25.2,214
112.542,FINAL,1,13,3,270.12,1170.0,-171.65,,584.2,632.6,,,36.8,26.7,214
112.567,FINAL,1,13,3,269.1,1170.0,-170.63,,603.3,626.7,,,26.3,28.2,214
112.592,FINAL,1,13,3,269.1,1170.0,-170.63,,613.8,623.4,,,15.8,29.7,214
112.617,FINAL,1,13,3,267.23,1170.0,-168.76,,617.9,618.7,,,5.3,31.2,214
